matrix_tr1,matrix_tr2,matrix_tr3
404.797209412917,339.986526375502,1
404.797209412916,339.986526375501,1
404.797209412917,339.9865263755,1
404.797209412917,339.986526375499,1
404.797209412916,339.986526375501,1
404.797209412918,339.9865263755,1
404.797209412917,339.986526375502,1
404.797209412919,339.986526375501,1
404.797209412918,339.986526375501,1
404.797209412916,339.986526375499,1
404.797209412917,339.9865263755,1
404.797209412915,339.986526375497,1
404.797209412914,339.986526375498,1
404.797209412916,339.9865263755,1
404.797209412918,339.986526375501,1
404.797209412915,339.9865263755,1
404.797209412919,339.9865263755,1
404.797209412917,339.986526375501,1
404.797209412917,339.986526375502,1
404.797209412915,339.986526375499,1
404.797209412917,339.986526375501,1
404.797209412916,339.986526375502,1
404.797209412917,339.986526375499,1
404.797209412917,339.986526375503,1
404.797209412914,339.9865263755,1
404.797209412919,339.986526375501,1
404.797209412916,339.986526375499,1
404.797209412918,339.986526375502,1
404.797209412916,339.986526375499,1
404.797209412916,339.986526375503,1
404.797209412917,339.9865263755,1
404.797209412916,339.9865263755,1
404.797209412918,339.986526375504,1
404.797209412916,339.9865263755,1
404.797209412917,339.986526375502,1
404.797209412916,339.986526375499,1
404.797209412918,339.986526375509,1
404.797209412918,339.986526375507,1
404.797209412914,339.986526375499,1
404.797209412914,339.986526375493,1
404.797209412917,339.986526375503,1
404.797209412915,339.986526375498,1
404.797209412915,339.986526375495,1
404.797209412916,339.986526375504,1
404.797209412916,339.986526375502,1
404.797209412919,339.986526375505,1
404.797209412919,339.986526375506,1
404.797209412915,339.986526375499,1
404.797209412918,339.986526375499,1
404.797209412912,339.986526375488,1
404.797209412915,339.986526375499,1
404.797209412918,339.986526375502,1
404.797209412914,339.986526375495,1
404.797209412917,339.986526375508,1
404.797209412916,339.9865263755,1
404.797209412915,339.986526375497,1
404.797209412916,339.986526375495,1
404.797209412918,339.986526375507,1
404.797209412914,339.986526375497,1
404.797209412914,339.986526375498,1
404.797209412918,339.986526375503,1
404.797209412919,339.986526375509,1
404.797209412916,339.986526375505,1
404.797209412916,339.986526375501,1
404.797209412917,339.986526375498,1
404.797209412914,339.986526375495,1
404.797209412918,339.986526375503,1
404.797209412918,339.986526375504,1
404.79720941292,339.986526375507,1
404.797209412914,339.986526375497,1
404.797209412913,339.986526375498,1
404.797209412917,339.9865263755,1
404.797209412916,339.986526375496,1
404.797209412917,339.986526375499,1
404.797209412915,339.986526375498,1
404.797209412917,339.986526375502,1
404.797209412914,339.986526375492,1
404.797209412918,339.986526375509,1
404.797209412914,339.9865263755,1
404.797209412914,339.986526375494,1
404.797209412917,339.986526375502,1
404.797209412914,339.986526375498,1
404.797209412917,339.9865263755,1
404.797209412916,339.986526375511,1
404.797209412915,339.986526375496,1
404.797209412917,339.986526375504,1
404.797209412916,339.986526375496,1
404.797209412916,339.986526375496,1
404.797209412915,339.986526375496,1
404.797209412914,339.986526375495,1
404.797209412919,339.986526375504,1
404.797209412915,339.986526375492,1
404.797209412916,339.9865263755,1
404.797209412916,339.986526375495,1
404.797209412918,339.986526375509,1
404.797209412916,339.986526375498,1
404.797209412919,339.986526375507,1
404.797209412916,339.986526375496,1
404.797209412914,339.98652637549,1
404.797209412917,339.986526375497,1
404.797209412914,339.986526375495,1
404.797209412917,339.9865263755,1
404.797209412915,339.986526375497,1
404.797209412916,339.986526375495,1
404.797209412914,339.986526375494,1
404.79720941292,339.986526375509,1
391.123072251084,322.240387861722,3
391.123072251082,322.240387861721,3
391.123072251083,322.240387861716,3
391.123072251081,322.240387861722,3
391.123072251084,322.240387861725,3
391.123072251079,322.24038786171,3
391.123072251083,322.240387861722,3
391.123072251083,322.240387861717,3
391.123072251082,322.240387861717,3
391.123072251079,322.240387861715,3
391.123072251083,322.240387861723,3
391.123072251083,322.240387861723,3
391.123072251081,322.240387861713,3
391.123072251083,322.240387861719,3
391.123072251085,322.240387861725,3
391.123072251083,322.240387861723,3
391.123072251081,322.240387861714,3
391.123072251079,322.240387861712,3
391.123072251082,322.240387861718,3
391.12307225108,322.240387861716,3
391.123072251084,322.240387861724,3
391.123072251085,322.240387861728,3
420.206150538418,330.294512108631,2
420.206150538417,330.294512108633,2
420.20615053842,330.294512108638,2
420.206150538417,330.294512108626,2
420.206150538414,330.29451210863,2
420.206150538415,330.294512108626,2
420.206150538415,330.294512108631,2
420.206150538417,330.294512108633,2
420.206150538418,330.294512108632,2
420.206150538418,330.294512108633,2
420.206150538416,330.29451210863,2
420.206150538419,330.294512108637,2
420.206150538413,330.294512108623,2
420.206150538417,330.294512108631,2
420.206150538414,330.294512108628,2
420.206150538418,330.294512108638,2
420.206150538419,330.294512108635,2
420.206150538416,330.294512108629,2
420.206150538417,330.29451210863,2
420.206150538417,330.294512108631,2
420.206150538415,330.294512108627,2
420.206150538415,330.294512108626,2
420.206150538418,330.294512108638,2
420.206150538414,330.294512108628,2
420.206150538417,330.294512108632,2
420.206150538413,330.294512108624,2
420.206150538417,330.29451210863,2
420.206150538414,330.294512108624,2
420.206150538416,330.294512108627,2
420.206150538418,330.294512108628,2
420.206150538417,330.294512108625,2
420.206150538414,330.294512108628,2
420.206150538414,330.294512108626,2
420.206150538415,330.294512108626,2
420.206150538417,330.294512108628,2
420.206150538417,330.294512108635,2
420.206150538417,330.294512108629,2
420.206150538416,330.294512108626,2
420.206150538416,330.294512108627,2
420.206150538416,330.29451210863,2
420.206150538415,330.294512108619,2
420.206150538417,330.294512108636,2
420.206150538416,330.294512108624,2
420.206150538418,330.294512108629,2
420.206150538414,330.294512108628,2
420.206150538418,330.294512108636,2
420.206150538414,330.294512108632,2
420.206150538416,330.29451210863,2
420.206150538416,330.294512108629,2
420.206150538417,330.29451210863,2
420.206150538418,330.294512108629,2
420.206150538416,330.294512108632,2
420.206150538415,330.294512108622,2
333.958584996124,-137.663750791119,1
333.95858499612,-137.663750791118,1
333.958584996124,-137.663750791117,1
333.958584996122,-137.663750791115,1
333.958584996124,-137.663750791117,1
333.958584996124,-137.663750791118,1
333.958584996122,-137.663750791118,1
333.958584996119,-137.663750791118,1
333.958584996128,-137.663750791117,1
333.958584996121,-137.663750791119,1
333.958584996119,-137.663750791119,1
333.958584996125,-137.663750791115,1
333.958584996125,-137.663750791118,1
333.958584996123,-137.663750791119,1
333.958584996124,-137.663750791116,1
333.958584996123,-137.663750791118,1
333.95858499612,-137.66375079112,1
333.958584996125,-137.663750791119,1
333.958584996123,-137.663750791118,1
333.958584996122,-137.66375079113,1
333.958584996122,-137.663750791112,1
333.958584996123,-137.663750791113,1
333.958584996123,-137.663750791121,1
333.958584996122,-137.663750791118,1
333.958584996123,-137.663750791114,1
333.958584996124,-137.663750791122,1
333.958584996123,-137.663750791108,1
333.958584996123,-137.663750791131,1
333.958584996122,-137.663750791118,1
333.958584996124,-137.66375079111,1
333.958584996124,-137.663750791125,1
333.958584996123,-137.663750791105,1
333.958584996123,-137.663750791114,1
333.958584996121,-137.663750791137,1
333.958584996123,-137.663750791126,1
333.958584996123,-137.66375079112,1
333.958584996122,-137.663750791126,1
333.958584996123,-137.663750791115,1
333.958584996122,-137.663750791129,1
333.958584996124,-137.663750791121,1
333.958584996123,-137.663750791112,1
333.958584996122,-137.663750791125,1
333.958584996122,-137.66375079111,1
333.958584996124,-137.663750791126,1
333.958584996124,-137.663750791098,1
333.958584996123,-137.663750791107,1
333.958584996122,-137.66375079111,1
333.958584996123,-137.663750791114,1
333.958584996123,-137.663750791119,1
333.958584996123,-137.663750791112,1
333.958584996123,-137.663750791111,1
333.958584996122,-137.663750791115,1
333.958584996123,-137.663750791124,1
333.958584996124,-137.663750791129,1
333.958584996122,-137.663750791084,1
333.958584996123,-137.663750791119,1
333.958584996123,-137.663750791114,1
333.958584996122,-137.663750791118,1
333.958584996122,-137.663750791118,1
333.958584996123,-137.663750791097,1
333.958584996122,-137.663750791101,1
333.958584996123,-137.663750791131,1
333.958584996123,-137.663750791119,1
333.958584996123,-137.663750791125,1
333.958584996123,-137.663750791114,1
333.958584996122,-137.663750791088,1
333.958584996121,-137.663750791126,1
333.958584996123,-137.663750791103,1
333.958584996122,-137.663750791121,1
333.958584996123,-137.663750791111,1
333.958584996123,-137.663750791128,1
333.958584996123,-137.663750791133,1
232.471993203068,-135.594221861509,3
232.471993203067,-135.594221861499,3
232.471993203068,-135.594221861515,3
232.471993203067,-135.594221861509,3
232.471993203068,-135.594221861511,3
232.471993203067,-135.594221861492,3
232.471993203067,-135.594221861505,3
232.471993203067,-135.594221861509,3
232.471993203067,-135.594221861481,3
232.471993203068,-135.594221861511,3
232.471993203068,-135.594221861511,3
336.705164002346,-132.461489224682,2
336.705164002347,-132.461489224706,2
336.705164002346,-132.461489224703,2
336.705164002347,-132.461489224706,2
336.705164002346,-132.46148922471,2
336.705164002347,-132.461489224703,2
336.705164002347,-132.461489224691,2
336.705164002347,-132.461489224717,2
336.705164002346,-132.461489224697,2
336.705164002347,-132.461489224703,2
336.705164002346,-132.461489224705,2
336.705164002346,-132.461489224696,2
336.705164002346,-132.461489224676,2
336.705164002347,-132.461489224709,2
336.705164002346,-132.461489224708,2
336.705164002346,-132.461489224713,2
336.705164002346,-132.461489224691,2
336.705164002346,-132.461489224681,2
336.705164002347,-132.461489224676,2
336.705164002346,-132.461489224702,2
336.705164002346,-132.461489224697,2
336.705164002346,-132.46148922472,2
336.705164002346,-132.46148922469,2
336.705164002347,-132.461489224708,2
336.705164002347,-132.461489224701,2
336.705164002346,-132.461489224701,2
336.705164002346,-132.461489224696,2
336.705164002346,-132.461489224698,2
336.705164002346,-132.461489224682,2
336.705164002346,-132.461489224699,2
336.705164002346,-132.461489224697,2
336.705164002347,-132.461489224708,2
336.705164002346,-132.461489224705,2
336.705164002346,-132.461489224701,2
336.705164002347,-132.461489224713,2
336.705164002346,-132.461489224701,2
262.917755987347,-179.967089434953,1
262.917755987392,-179.967089434909,1
262.917755987377,-179.967089434981,1
262.917755987358,-179.967089434887,1
262.917755987389,-179.96708943492,1
262.917755987321,-179.967089434947,1
262.917755987331,-179.967089434961,1
262.917755987315,-179.967089434976,1
262.917755987361,-179.967089434976,1
262.91775598731,-179.967089434911,1
262.917755987334,-179.967089434954,1
262.917755987356,-179.967089434972,1
262.917755987291,-179.967089434948,1
262.917755987328,-179.967089434955,1
262.917755987391,-179.967089434961,1
262.917755987313,-179.967089434945,1
262.917755987373,-179.967089434965,1
262.917755987359,-179.96708943497,1
262.917755987379,-179.967089434972,1
262.917755987366,-179.967089434972,1
262.917755987378,-179.967089434967,1
262.917755987361,-179.967089434947,1
262.917755987377,-179.967089434902,1
262.917755987368,-179.967089434931,1
262.917755987323,-179.96708943496,1
262.917755987377,-179.967089434972,1
262.91775598734,-179.967089434959,1
262.917755987363,-179.967089434936,1
262.917755987353,-179.967089434998,1
262.91775598738,-179.967089434926,1
262.917755987333,-179.967089434986,1
262.917755987332,-179.967089434952,1
262.917755987366,-179.967089434949,1
262.917755987378,-179.967089434953,1
262.917755987373,-179.967089434922,1
262.917755987393,-179.967089434923,1
262.91775598731,-179.967089434963,1
262.917755987387,-179.967089434956,1
262.917755987336,-179.967089434922,1
262.91775598738,-179.967089434947,1
262.917755987352,-179.967089435008,1
262.917755987356,-179.967089434965,1
262.917755987336,-179.967089434973,1
262.91775598734,-179.967089434958,1
262.917755987382,-179.967089434901,1
262.917755987382,-179.967089434939,1
262.917755987341,-179.96708943491,1
262.91775598733,-179.96708943494,1
262.917755987378,-179.967089434901,1
262.917755987393,-179.967089434962,1
262.917755987345,-179.967089434976,1
262.917755987348,-179.967089434964,1
262.917755987327,-179.967089434996,1
262.917755987337,-179.967089434951,1
262.917755987343,-179.967089434966,1
262.917755987332,-179.967089434961,1
262.917755987339,-179.967089434893,1
262.917755987332,-179.967089434904,1
262.917755987268,-179.967089434821,1
262.917755987356,-179.967089434893,1
262.9177559873,-179.967089434782,1
262.917755987302,-179.967089434885,1
262.917755987387,-179.967089434968,1
262.917755987386,-179.967089434821,1
262.917755987327,-179.967089434782,1
262.917755987363,-179.967089434837,1
262.917755987245,-179.967089434848,1
262.917755987358,-179.967089434707,1
262.917755987365,-179.967089434879,1
262.91775598728,-179.967089434854,1
262.917755987393,-179.967089434949,1
262.917755987362,-179.967089434968,1
262.917755987376,-179.967089434932,1
262.917755987392,-179.967089435002,1
262.917755987358,-179.967089435063,1
262.917755987267,-179.967089434967,1
262.917755987397,-179.967089434966,1
262.917755987308,-179.967089434957,1
262.91775598738,-179.967089435049,1
262.917755987344,-179.967089434849,1
262.917755987324,-179.967089434953,1
262.91775598734,-179.967089434979,1
262.917755987359,-179.967089434952,1
262.917755987349,-179.967089434905,1
262.917755987365,-179.967089434996,1
262.917755987357,-179.967089434956,1
262.917755987372,-179.967089434918,1
262.917755987354,-179.967089434952,1
262.917755987371,-179.967089434959,1
262.917755987337,-179.96708943494,1
262.91775598734,-179.96708943494,1
262.917755987321,-179.967089434902,1
262.917755987343,-179.967089434947,1
262.917755987343,-179.967089434798,1
262.917755987371,-179.967089434942,1
262.917755987344,-179.967089434958,1
262.917755987335,-179.96708943494,1
262.917755987369,-179.967089434952,1
262.917755987344,-179.967089434947,1
262.917755987337,-179.967089434856,1
262.917755987278,-179.96708943502,1
262.91775598741,-179.967089434967,1
262.917755987348,-179.967089434719,1
262.917755987355,-179.967089434948,1
262.917755987325,-179.967089434978,1
262.917755987314,-179.967089435026,1
262.917755987387,-179.967089434771,1
262.917755987272,-179.967089434914,1
262.917755987371,-179.967089434919,1
262.91775598725,-179.967089434967,1
262.917755987251,-179.967089434755,1
262.917755987364,-179.967089434947,1
262.917755987231,-179.967089434931,1
262.917755987461,-179.967089435049,1
262.917755987454,-179.967089434965,1
262.917755987292,-179.967089434891,1
262.917755987367,-179.967089434864,1
262.917755987373,-179.967089434936,1
262.917755987335,-179.967089434952,1
262.917755987355,-179.967089434919,1
262.917755987363,-179.967089434962,1
262.917755987366,-179.967089434933,1
262.917755987369,-179.967089434959,1
262.917755987374,-179.967089434922,1
262.917755987359,-179.967089434943,1
262.917755987349,-179.967089434901,1
262.917755987338,-179.967089434885,1
262.917755987353,-179.967089435,1
262.917755987392,-179.967089435082,1
262.917755987368,-179.967089435085,1
262.917755987368,-179.967089435057,1
262.917755987399,-179.967089435034,1
262.917755987402,-179.967089435044,1
262.917755987347,-179.967089435072,1
262.917755987379,-179.967089435051,1
262.917755987377,-179.967089435056,1
262.917755987379,-179.967089435079,1
262.917755987409,-179.96708943504,1
262.917755987404,-179.967089435062,1
262.917755987339,-179.967089435071,1
262.917755987382,-179.967089435053,1
262.91775598739,-179.967089435028,1
262.917755987391,-179.967089435053,1
262.917755987351,-179.967089435072,1
262.917755987356,-179.967089435086,1
262.917755987395,-179.967089435066,1
262.917755987384,-179.967089435056,1
262.917755987385,-179.967089435077,1
262.917755987388,-179.967089435024,1
262.917755987414,-179.967089435062,1
262.917755987358,-179.967089435074,1
262.917755987438,-179.96708943507,1
262.917755987417,-179.96708943502,1
262.917755987422,-179.96708943504,1
262.917755987394,-179.967089435031,1
262.917755987381,-179.967089435033,1
262.917755987376,-179.967089435107,1
262.9177559874,-179.967089435049,1
262.917755987386,-179.967089435091,1
262.917755987397,-179.967089435033,1
262.917755987426,-179.967089435076,1
262.917755987356,-179.967089435084,1
262.917755987391,-179.967089435079,1
262.917755987389,-179.967089435066,1
262.917755987369,-179.967089435054,1
262.91775598731,-179.967089435093,1
262.917755987409,-179.967089435069,1
262.917755987339,-179.967089435056,1
262.917755987383,-179.967089435094,1
262.91775598732,-179.967089435103,1
262.917755987392,-179.967089435056,1
262.917755987424,-179.967089435043,1
262.917755987373,-179.967089435071,1
262.91775598744,-179.967089435007,1
262.917755987403,-179.967089435078,1
262.917755987336,-179.967089435106,1
262.917755987389,-179.967089435072,1
262.917755987343,-179.967089435082,1
262.917755987367,-179.967089435063,1
262.917755987358,-179.967089435057,1
262.917755987381,-179.967089435079,1
262.917755987426,-179.967089435039,1
262.917755987403,-179.967089435049,1
262.917755987384,-179.967089435061,1
262.917755987396,-179.96708943506,1
262.917755987412,-179.967089435012,1
262.917755987415,-179.96708943507,1
262.917755987367,-179.967089435094,1
262.917755987393,-179.967089435136,1
262.917755987413,-179.967089434973,1
262.917755987405,-179.967089435061,1
262.917755987358,-179.967089435091,1
262.917755987384,-179.967089435071,1
262.917755987338,-179.967089435103,1
262.917755987382,-179.967089435041,1
262.917755987438,-179.967089435079,1
262.917755987401,-179.967089435069,1
262.917755987402,-179.967089435015,1
262.917755987353,-179.967089435047,1
262.917755987402,-179.967089435046,1
262.917755987374,-179.967089435092,1
262.917755987381,-179.967089435073,1
262.917755987354,-179.967089435088,1
262.91775598739,-179.967089435064,1
262.917755987338,-179.967089435092,1
262.917755987347,-179.967089435099,1
262.917755987438,-179.967089435034,1
262.917755987406,-179.967089435095,1
262.917755987412,-179.967089435022,1
262.917755987394,-179.967089435074,1
262.917755987367,-179.967089435118,1
262.917755987416,-179.967089435088,1
262.917755987406,-179.96708943504,1
262.917755987395,-179.967089435047,1
262.917755987353,-179.967089435089,1
262.917755987426,-179.967089435068,1
262.917755987393,-179.96708943505,1
262.917755987427,-179.967089435041,1
262.917755987353,-179.967089435076,1
262.91775598737,-179.967089435071,1
262.917755987353,-179.967089435087,1
262.917755987369,-179.967089435035,1
262.917755987418,-179.967089435051,1
262.91775598741,-179.967089435002,1
262.917755987377,-179.967089435099,1
262.917755987411,-179.96708943504,1
262.917755987337,-179.967089435059,1
262.917755987396,-179.967089435074,1
262.917755987397,-179.967089435082,1
262.917755987371,-179.967089435065,1
262.917755987394,-179.967089435045,1
262.917755987385,-179.96708943506,1
262.917755987376,-179.967089435073,1
262.917755987398,-179.967089435036,1
262.917755987417,-179.967089435015,1
262.91775598738,-179.967089435036,1
262.91775598743,-179.967089435043,1
262.917755987405,-179.967089435061,1
262.917755987402,-179.967089435052,1
262.917755987391,-179.967089435085,1
262.91775598736,-179.967089435071,1
262.917755987342,-179.967089435105,1
262.917755987391,-179.967089435076,1
262.917755987369,-179.967089435117,1
262.917755987411,-179.96708943505,1
262.917755987405,-179.96708943504,1
262.917755987401,-179.967089435051,1
262.917755987394,-179.967089435079,1
262.917755987364,-179.967089435077,1
262.917755987398,-179.967089435051,1
262.917755987356,-179.967089435108,1
262.917755987328,-179.967089435044,1
262.91775598737,-179.967089435078,1
262.917755987345,-179.967089435121,1
262.917755987368,-179.967089435036,1
262.917755987351,-179.96708943508,1
262.917755987389,-179.967089435051,1
262.917755987404,-179.967089435053,1
262.917755987409,-179.967089435076,1
262.91775598736,-179.967089435041,1
262.91775598738,-179.967089435065,1
262.917755987372,-179.967089435117,1
262.917755987338,-179.967089435121,1
262.917755987369,-179.967089435089,1
262.917755987402,-179.967089435057,1
262.917755987409,-179.967089435027,1
262.917755987391,-179.967089435066,1
262.917755987372,-179.967089435129,1
262.917755987404,-179.967089435079,1
262.917755987396,-179.967089435079,1
262.917755987408,-179.96708943503,1
262.917755987412,-179.967089435056,1
262.917755987336,-179.967089435053,1
262.917755987351,-179.967089434959,1
262.917755987338,-179.967089434962,1
262.917755987365,-179.967089434914,1
262.917755987361,-179.967089434945,1
262.917755987351,-179.967089434943,1
262.917755987327,-179.967089434868,1
262.917755987433,-179.967089434984,1
262.917755987358,-179.967089434984,1
262.917755987364,-179.967089434877,1
262.91775598735,-179.96708943506,1
262.917755987382,-179.967089435023,1
262.91775598738,-179.967089435071,1
262.91775598734,-179.967089434897,1
262.917755987394,-179.967089434975,1
262.917755987322,-179.967089434843,1
262.917755987363,-179.967089435044,1
262.917755987371,-179.96708943488,1
262.917755987359,-179.967089434977,1
262.917755987384,-179.967089434926,1
262.917755987333,-179.967089434945,1
262.917755987367,-179.967089434923,1
262.917755987365,-179.967089434949,1
262.917755987336,-179.967089434961,1
262.917755987348,-179.967089434981,1
262.917755987359,-179.967089434969,1
262.91775598737,-179.967089434918,1
262.917755987381,-179.967089434914,1
262.917755987367,-179.967089434948,1
262.917755987285,-179.967089434884,1
262.917755987382,-179.967089434894,1
262.917755987389,-179.967089434999,1
262.917755987346,-179.967089434963,1
262.917755987336,-179.967089434911,1
262.917755987303,-179.967089434879,1
262.917755987279,-179.967089434943,1
262.91775598729,-179.967089434735,1
262.917755987299,-179.967089434982,1
262.917755987399,-179.967089434994,1
262.917755987367,-179.967089434876,1
262.917755987356,-179.967089434951,1
262.91775598737,-179.967089434956,1
262.917755987368,-179.967089434959,1
262.917755987359,-179.96708943493,1
262.917755987371,-179.967089434892,1
262.917755987377,-179.967089434937,1
262.917755987356,-179.967089434963,1
262.917755987343,-179.967089434943,1
262.91775598732,-179.967089434941,1
262.917755987317,-179.967089434974,1
262.917755987354,-179.967089434939,1
262.917755987362,-179.967089434857,1
262.917755987344,-179.967089434903,1
262.917755987345,-179.96708943493,1
262.91775598737,-179.967089434932,1
262.917755987374,-179.967089434987,1
262.917755987362,-179.967089434959,1
262.917755987399,-179.967089434921,1
262.917755987346,-179.96708943481,1
262.917755987327,-179.967089434981,1
262.917755987309,-179.967089434903,1
262.917755987373,-179.967089434918,1
262.917755987359,-179.967089434948,1
262.917755987334,-179.967089434938,1
262.917755987344,-179.96708943495,1
262.917755987344,-179.96708943494,1
256.893792900399,-174.96227880117,3
256.893792900433,-174.962278801295,3
256.89379290067,-174.962278801578,3
256.89379290038,-174.962278801086,3
256.893792900281,-174.962278801414,3
256.893792900343,-174.962278801162,3
256.893792900415,-174.962278801189,3
256.893792900402,-174.962278801147,3
256.893792900369,-174.962278801383,3
256.893792900434,-174.962278801239,3
256.89379290042,-174.962278801205,3
256.893792900343,-174.962278801483,3
256.89379290049,-174.962278801166,3
256.893792900476,-174.962278801303,3
256.893792900416,-174.962278801171,3
256.893792900355,-174.962278801189,3
256.893792900448,-174.962278801301,3
256.893792900417,-174.962278801156,3
256.893792900452,-174.96227880124,3
256.893792900449,-174.962278801255,3
256.893792900417,-174.962278801179,3
256.893792900415,-174.962278801238,3
256.893792900402,-174.962278801213,3
256.893792900425,-174.962278801227,3
256.8937929004,-174.962278801147,3
256.893792900429,-174.962278801182,3
256.893792900386,-174.962278801194,3
256.893792900391,-174.962278801122,3
256.893792900516,-174.962278801394,3
256.893792900382,-174.962278801148,3
256.893792900363,-174.962278801177,3
256.89379290046,-174.962278801298,3
256.893792900359,-174.96227880107,3
256.893792900379,-174.962278801132,3
256.893792900516,-174.962278801331,3
256.893792900494,-174.962278801342,3
256.893792900423,-174.962278801204,3
256.893792900347,-174.962278801105,3
256.893792900525,-174.962278801172,3
256.893792900409,-174.962278801173,3
256.893792900511,-174.962278801253,3
256.893792900396,-174.962278801171,3
256.893792900442,-174.962278801307,3
256.893792900427,-174.962278801239,3
256.893792900435,-174.962278801228,3
256.893792900399,-174.962278801222,3
256.893792900444,-174.962278801261,3
256.893792900407,-174.962278801274,3
256.893792900299,-174.962278800972,3
256.893792900293,-174.962278800862,3
256.893792900419,-174.962278801197,3
256.893792900422,-174.962278801197,3
256.893792900414,-174.962278801204,3
256.893792900421,-174.962278801226,3
256.893792900449,-174.962278801226,3
256.893792900456,-174.962278801215,3
256.893792900342,-174.962278801143,3
256.893792900419,-174.962278801204,3
266.243335996724,-176.239571284033,2
266.243335996761,-176.23957128411,2
266.243335996755,-176.2395712841,2
266.243335996779,-176.239571284101,2
266.243335996767,-176.239571284103,2
266.243335996728,-176.239571283943,2
266.243335996838,-176.239571284138,2
266.24333599676,-176.239571284121,2
266.243335996795,-176.239571284067,2
266.243335996782,-176.239571284077,2
266.24333599683,-176.239571284142,2
266.243335996818,-176.239571284116,2
266.243335996766,-176.23957128413,2
266.243335996773,-176.239571284217,2
266.243335996753,-176.239571284087,2
266.243335996769,-176.239571284103,2
266.243335996766,-176.239571284123,2
266.243335996783,-176.239571284088,2
266.243335996749,-176.239571284089,2
266.243335996781,-176.239571284145,2
266.243335996756,-176.239571284038,2
266.243335996783,-176.239571284133,2
266.243335996673,-176.239571284009,2
266.243335996766,-176.239571284091,2
266.243335996782,-176.23957128409,2
266.243335996765,-176.239571284147,2
266.243335996759,-176.239571284104,2
266.243335996777,-176.239571284107,2
266.243335996778,-176.239571284127,2
266.243335996783,-176.239571284092,2
266.243335996763,-176.239571284054,2
266.24333599677,-176.239571284085,2
266.24333599674,-176.239571284044,2
266.243335996748,-176.239571284059,2
266.243335996769,-176.239571284064,2
266.243335996726,-176.239571283971,2
266.24333599692,-176.239571284479,2
266.243335996676,-176.239571284027,2
266.243335996741,-176.239571284122,2
266.243335996692,-176.23957128405,2
266.243335996704,-176.239571284095,2
266.243335996753,-176.239571284144,2
266.243335996824,-176.239571284045,2
266.243335996758,-176.239571284026,2
266.243335996794,-176.23957128409,2
266.243335996722,-176.239571284102,2
266.243335996747,-176.239571283897,2
266.243335996714,-176.239571284056,2
266.243335996747,-176.239571284059,2
266.24333599674,-176.239571283948,2
266.243335996794,-176.239571283868,2
266.243335996722,-176.239571283973,2
266.243335996777,-176.239571284065,2
266.243335996783,-176.239571284116,2
266.243335996773,-176.239571284084,2
266.243335996777,-176.239571284134,2
266.243335996787,-176.239571284042,2
266.243335996753,-176.239571283977,2
266.243335996803,-176.239571284114,2
266.243335996778,-176.23957128408,2
266.243335996769,-176.239571284072,2
266.243335996779,-176.239571284091,2
266.243335996817,-176.239571284151,2
266.243335996748,-176.239571284008,2
266.243335996771,-176.239571284096,2
266.243335996758,-176.239571284042,2
266.243335996777,-176.239571284081,2
266.243335996752,-176.239571284166,2
266.243335996768,-176.239571284134,2
266.243335996737,-176.239571284064,2
266.243335996766,-176.239571284068,2
266.243335996786,-176.239571283979,2
266.243335996713,-176.239571284061,2
266.243335996792,-176.239571284134,2
266.243335996815,-176.239571284191,2
266.243335996775,-176.239571283995,2
266.243335996736,-176.239571284068,2
266.243335996794,-176.239571284131,2
266.243335996782,-176.239571284081,2
266.243335996757,-176.239571284108,2
266.243335996764,-176.239571284107,2
266.243335996782,-176.239571284188,2
266.243335996721,-176.239571284102,2
266.24333599678,-176.239571284106,2
266.243335996791,-176.239571284135,2
266.243335996773,-176.23957128411,2
266.243335996731,-176.239571284124,2
266.243335996787,-176.239571284112,2
266.243335996769,-176.239571284046,2
266.24333599673,-176.239571284073,2
266.243335996837,-176.239571284389,2
266.243335996749,-176.23957128378,2
266.243335996796,-176.2395712839,2
266.243335996816,-176.239571284222,2
266.243335996831,-176.239571284014,2
266.243335996786,-176.2395712841,2
266.243335996801,-176.239571284077,2
266.243335996816,-176.239571284162,2
266.243335996702,-176.239571284032,2
266.243335996754,-176.239571283967,2
266.24333599678,-176.23957128407,2
266.243335996762,-176.239571284066,2
266.243335996742,-176.23957128399,2
266.243335996744,-176.239571284057,2
266.243335996776,-176.239571284112,2
266.243335996839,-176.239571284113,2
266.24333599673,-176.239571284044,2
266.243335996794,-176.23957128413,2
266.243335996746,-176.239571284036,2
266.243335996842,-176.239571284118,2
266.24333599678,-176.239571284202,2
266.243335996694,-176.239571284098,2
266.243335996734,-176.239571283717,2
266.243335996754,-176.239571284052,2
266.243335996684,-176.239571284009,2
266.243335996799,-176.23957128406,2
266.243335996669,-176.239571283837,2
266.243335996778,-176.239571284308,2
266.243335996753,-176.239571284102,2
266.243335996773,-176.23957128406,2
266.243335996829,-176.239571284228,2
266.243335996713,-176.239571284078,2
266.243335996781,-176.239571284102,2
266.2433359968,-176.239571284096,2
266.243335996781,-176.239571284096,2
266.243335996756,-176.239571283991,2
266.243335996753,-176.239571284064,2
266.243335996751,-176.239571283965,2
266.243335996772,-176.239571284153,2
266.243335996712,-176.239571283985,2
266.243335996756,-176.239571284114,2
266.243335996778,-176.239571284145,2
266.243335996786,-176.239571284228,2
266.24333599674,-176.239571284027,2
266.243335996844,-176.239571284148,2
266.243335996787,-176.239571284023,2
266.243335996743,-176.239571284011,2
266.243335996746,-176.239571284055,2
266.243335996743,-176.239571283984,2
266.243335996779,-176.23957128411,2
266.243335996664,-176.23957128396,2
266.243335996728,-176.239571284062,2
266.243335996796,-176.239571283995,2
266.243335996833,-176.239571284109,2
266.243335996781,-176.239571284039,2
266.243335996756,-176.239571284155,2
266.243335996805,-176.239571284156,2
266.243335996763,-176.239571283989,2
266.243335996813,-176.239571284163,2
266.243335996785,-176.239571284078,2
266.243335996806,-176.239571284114,2
266.243335996912,-176.239571284132,2
266.243335996745,-176.239571283855,2
266.243335996743,-176.239571284114,2
266.243335996781,-176.239571283997,2
266.243335996798,-176.239571284164,2
266.243335996761,-176.239571284055,2
266.24333599677,-176.239571284093,2
266.243335996758,-176.239571284041,2
266.243335996706,-176.239571283967,2
266.243335996763,-176.239571284111,2
266.243335996757,-176.239571283981,2
266.243335996762,-176.239571284041,2
266.243335996752,-176.239571284031,2
266.243335996764,-176.239571284101,2
266.243335996805,-176.239571284053,2
266.243335996766,-176.23957128409,2
266.243335996703,-176.239571284013,2
266.243335996766,-176.23957128406,2
46.7953121842365,-140.748064225126,1
46.7953121842688,-140.748064225164,1
46.7953121842995,-140.748064225201,1
46.7953121842469,-140.748064225167,1
46.795312184296,-140.74806422517,1
46.795312184289,-140.748064225187,1
46.795312184286,-140.748064225183,1
46.7953121842856,-140.748064225177,1
46.7953121842939,-140.74806422517,1
46.7953121842669,-140.748064225169,1
46.7953121842768,-140.748064225131,1
46.7953121842737,-140.748064225162,1
46.7953121842905,-140.748064225205,1
46.7953121842713,-140.748064225137,1
46.7953121842644,-140.748064225168,1
46.7953121843115,-140.748064225192,1
46.795312184256,-140.748064225128,1
46.7953121842889,-140.748064225169,1
46.7953121842948,-140.748064225188,1
46.7953121842606,-140.748064225122,1
46.7953121842851,-140.748064225136,1
46.7953121842686,-140.748064225168,1
46.7953121842632,-140.748064225135,1
46.795312184278,-140.748064225145,1
46.7953121842532,-140.748064225145,1
46.7953121842724,-140.748064225157,1
46.7953121842721,-140.748064225148,1
46.7953121842754,-140.74806422514,1
46.7953121842804,-140.748064225158,1
46.79531218428,-140.748064225165,1
46.7953121842721,-140.748064225186,1
46.7953121842797,-140.748064225154,1
46.7953121842724,-140.748064225141,1
46.7953121842776,-140.748064225134,1
46.7953121842768,-140.74806422513,1
46.795312184272,-140.748064225163,1
46.7953121842767,-140.748064225167,1
46.7953121842722,-140.748064225186,1
46.7953121842698,-140.748064225205,1
46.7953121842744,-140.748064225146,1
46.7953121842804,-140.748064225156,1
46.7953121842779,-140.748064225169,1
46.7953121842736,-140.748064225186,1
46.7953121842741,-140.748064225185,1
46.7953121842659,-140.748064225199,1
46.7953121842724,-140.748064225166,1
46.7953121842747,-140.748064225153,1
46.7953121842718,-140.748064225187,1
46.795312184273,-140.748064225185,1
46.795312184273,-140.748064225176,1
46.7953121842748,-140.748064225193,1
46.7953121842725,-140.748064225176,1
46.7953121842771,-140.748064225164,1
46.7953121842775,-140.748064225163,1
46.7953121842727,-140.748064225169,1
46.7953121842808,-140.748064225142,1
46.7953121842773,-140.748064225135,1
46.7953121842772,-140.748064225138,1
46.795312184276,-140.748064225121,1
46.7953121842685,-140.748064225172,1
46.7953121842725,-140.748064225163,1
46.795312184276,-140.748064225168,1
46.7953121842777,-140.748064225179,1
46.7953121842738,-140.748064225176,1
46.7953121842758,-140.748064225166,1
46.7953121842734,-140.74806422516,1
46.7953121842529,-140.748064225175,1
46.7953121842517,-140.748064225132,1
46.7953121842666,-140.748064225135,1
46.7953121842682,-140.748064225188,1
46.7953121842745,-140.748064225126,1
46.7953121842521,-140.748064225169,1
46.7953121842667,-140.748064225184,1
46.795312184251,-140.748064225177,1
46.7953121842795,-140.748064225176,1
46.7953121842634,-140.748064225181,1
46.7953121842615,-140.748064225172,1
46.7953121842844,-140.748064225161,1
46.7953121842674,-140.748064225178,1
46.7953121842755,-140.748064225165,1
46.7953121842779,-140.748064225157,1
46.7953121842718,-140.748064225154,1
46.7953121842706,-140.748064225164,1
46.7953121842803,-140.74806422517,1
46.7953121842718,-140.748064225151,1
46.7953121842749,-140.748064225174,1
46.7953121842945,-140.748064225176,1
46.7953121842908,-140.748064225159,1
46.7953121842712,-140.74806422514,1
46.7953121843056,-140.74806422514,1
46.7953121843071,-140.748064225177,1
46.7953121842752,-140.748064225175,1
46.795312184267,-140.748064225174,1
46.7953121842709,-140.748064225174,1
46.7953121842845,-140.748064225206,1
46.7953121842842,-140.748064225152,1
46.7953121842615,-140.748064225153,1
46.7953121843032,-140.748064225196,1
46.795312184294,-140.748064225215,1
46.7953121842644,-140.748064225145,1
46.7953121842764,-140.748064225149,1
46.7953121842718,-140.748064225182,1
46.7953121842717,-140.748064225183,1
46.7953121842749,-140.748064225167,1
46.7953121842778,-140.7480642252,1
46.7953121842737,-140.748064225172,1
46.7953121842802,-140.748064225155,1
46.7953121842723,-140.748064225182,1
46.7953121842713,-140.748064225162,1
46.7953121842732,-140.748064225171,1
46.7953121842742,-140.748064225136,1
46.7953121842805,-140.748064225147,1
46.795312184274,-140.748064225169,1
46.7953121842812,-140.748064225151,1
46.7953121842719,-140.74806422518,1
46.7953121842725,-140.748064225209,1
46.7953121842822,-140.748064225123,1
46.7953121842741,-140.748064225142,1
46.7953121842813,-140.748064225127,1
46.7953121842813,-140.748064225152,1
46.7953121842776,-140.748064225179,1
46.7953121842713,-140.748064225168,1
46.7953121842792,-140.748064225169,1
46.7953121842811,-140.748064225153,1
46.7953121842781,-140.74806422517,1
46.7953121842731,-140.74806422518,1
46.7953121842779,-140.748064225192,1
46.7953121842766,-140.748064225169,1
46.7953121842759,-140.748064225178,1
46.7953121842739,-140.748064225169,1
46.7953121842823,-140.74806422517,1
46.7953121842765,-140.748064225165,1
46.7953121842783,-140.748064225202,1
46.795312184278,-140.748064225154,1
46.795312184274,-140.748064225156,1
46.7953121842742,-140.748064225167,1
46.7953121842729,-140.748064225165,1
46.7953121842743,-140.748064225145,1
46.7953121842735,-140.748064225172,1
46.7953121842729,-140.748064225159,1
46.7953121842775,-140.74806422518,1
46.7953121842804,-140.748064225178,1
46.7953121842787,-140.748064225183,1
46.7953121842781,-140.748064225159,1
46.7953121842737,-140.748064225162,1
46.7953121842733,-140.748064225155,1
46.7953121842741,-140.748064225163,1
46.7953121842785,-140.748064225193,1
46.7953121842801,-140.748064225138,1
46.7953121842723,-140.748064225179,1
46.7953121842698,-140.748064225161,1
46.7953121842982,-140.748064225169,1
46.7953121842464,-140.748064225152,1
46.7953121842726,-140.748064225171,1
46.7953121842746,-140.748064225174,1
46.7953121842727,-140.748064225176,1
46.7953121842736,-140.748064225161,1
46.7953121842675,-140.748064225192,1
46.7953121842716,-140.748064225181,1
46.7953121842731,-140.748064225182,1
46.7953121842591,-140.748064225183,1
46.7953121842799,-140.748064225164,1
46.795312184241,-140.748064225187,1
46.7953121842309,-140.748064225224,1
46.7953121842464,-140.748064225193,1
46.7953121843048,-140.748064225192,1
46.795312184263,-140.748064225177,1
46.7953121842475,-140.748064225187,1
46.7953121842615,-140.748064225193,1
46.795312184319,-140.748064225216,1
46.7953121842583,-140.748064225211,1
46.7953121842589,-140.748064225187,1
46.7953121842525,-140.748064225204,1
46.7953121842608,-140.748064225171,1
46.7953121843121,-140.748064225217,1
46.7953121842697,-140.7480642252,1
46.795312184217,-140.748064225144,1
46.7953121842693,-140.748064225208,1
46.7953121842761,-140.748064225164,1
46.7953121842696,-140.748064225209,1
46.7953121842689,-140.748064225191,1
46.7953121843091,-140.748064225212,1
46.7953121842826,-140.748064225188,1
46.7953121842733,-140.748064225221,1
46.7953121842957,-140.748064225159,1
46.7953121842691,-140.748064225178,1
46.795312184275,-140.748064225193,1
46.7953121842725,-140.748064225211,1
46.7953121842761,-140.748064225166,1
46.7953121842739,-140.748064225168,1
46.7953121842782,-140.748064225167,1
46.7953121842767,-140.74806422516,1
46.7953121842768,-140.748064225169,1
46.7953121842767,-140.74806422518,1
46.7953121842734,-140.748064225163,1
46.795312184268,-140.74806422515,1
46.79531218428,-140.748064225143,1
46.7953121842764,-140.748064225123,1
46.7953121842823,-140.748064225171,1
46.7953121842712,-140.748064225146,1
46.7953121842813,-140.74806422516,1
46.7953121842756,-140.748064225175,1
46.79531218428,-140.748064225161,1
46.7953121842722,-140.748064225141,1
46.795312184276,-140.748064225142,1
46.7953121842764,-140.74806422514,1
46.7953121842771,-140.748064225154,1
46.7953121842737,-140.748064225149,1
46.7953121842771,-140.748064225143,1
46.7953121842741,-140.748064225165,1
46.7953121842744,-140.748064225176,1
46.7953121842742,-140.748064225179,1
46.7953121842747,-140.748064225178,1
46.7953121842701,-140.748064225159,1
46.7953121842781,-140.748064225164,1
46.7953121842895,-140.748064225169,1
46.7953121842615,-140.748064225166,1
46.7953121842868,-140.748064225157,1
46.7953121842743,-140.748064225173,1
46.7953121842754,-140.748064225164,1
46.7953121842751,-140.748064225158,1
46.7953121842773,-140.748064225181,1
46.7953121842712,-140.748064225169,1
46.7953121842728,-140.748064225162,1
46.7953121842743,-140.748064225157,1
46.7953121842727,-140.748064225171,1
46.7953121842722,-140.748064225178,1
46.7953121842696,-140.748064225166,1
46.7953121842724,-140.748064225168,1
46.795312184259,-140.748064225172,1
46.7953121842623,-140.748064225207,1
46.7953121842983,-140.748064225177,1
46.7953121842588,-140.748064225114,1
46.7953121842514,-140.748064225149,1
46.7953121842723,-140.748064225178,1
46.7953121842962,-140.748064225201,1
46.7953121842688,-140.748064225178,1
46.7953121842733,-140.748064225167,1
46.7953121842762,-140.748064225169,1
46.7953121842759,-140.748064225159,1
46.7953121842715,-140.748064225154,1
46.7953121842592,-140.748064225181,1
46.7953121842747,-140.748064225163,1
46.7953121842662,-140.748064225169,1
46.7953121842864,-140.748064225158,1
46.7953121842815,-140.74806422518,1
46.7953121842683,-140.748064225138,1
46.7953121842532,-140.748064225164,1
46.7953121842582,-140.748064225174,1
46.7953121842671,-140.74806422518,1
46.7953121842943,-140.748064225169,1
46.79531218425,-140.74806422514,1
46.7953121842487,-140.748064225161,1
46.7953121842717,-140.748064225166,1
46.7953121842773,-140.748064225139,1
46.7953121842596,-140.748064225169,1
46.7953121842826,-140.748064225162,1
46.7953121842794,-140.748064225144,1
46.7953121842789,-140.748064225197,1
46.795312184293,-140.748064225193,1
46.7953121842801,-140.748064225174,1
46.7953121842999,-140.748064225165,1
46.7953121842626,-140.748064225167,1
46.795312184292,-140.748064225172,1
46.7953121842905,-140.748064225197,1
46.7953121842933,-140.748064225167,1
46.7953121842652,-140.748064225176,1
46.7953121842664,-140.748064225176,1
46.7953121842529,-140.748064225151,1
46.7953121842685,-140.748064225171,1
46.7953121842696,-140.748064225168,1
46.7953121842773,-140.748064225157,1
46.7953121842768,-140.748064225167,1
46.7953121842776,-140.74806422517,1
46.7953121842711,-140.748064225172,1
46.7953121842735,-140.748064225186,1
46.7953121842727,-140.748064225175,1
46.7953121842675,-140.748064225178,1
46.7953121842568,-140.74806422517,1
46.7953121842534,-140.748064225158,1
46.7953121843121,-140.748064225149,1
46.7953121842566,-140.748064225186,1
46.7953121842685,-140.748064225202,1
46.7953121842685,-140.748064225168,1
46.795312184231,-140.74806422514,1
46.7953121842585,-140.748064225181,1
46.7953121842904,-140.748064225188,1
46.7953121843123,-140.748064225206,1
46.795312184304,-140.748064225214,1
46.7953121842618,-140.748064225147,1
46.7953121842452,-140.748064225199,1
46.7953121842477,-140.748064225194,1
46.7953121843033,-140.748064225168,1
46.7953121843049,-140.748064225197,1
46.7953121843026,-140.74806422517,1
46.7953121842701,-140.748064225211,1
46.7953121843083,-140.748064225141,1
46.7953121842331,-140.748064225137,1
46.795312184247,-140.748064225153,1
46.7953121842862,-140.748064225171,1
46.7953121842669,-140.748064225199,1
46.7953121842562,-140.748064225176,1
46.7953121843114,-140.748064225197,1
46.7953121843038,-140.748064225191,1
46.7953121842648,-140.748064225146,1
46.7953121842939,-140.748064225195,1
46.7953121842838,-140.748064225182,1
46.795312184288,-140.748064225164,1
46.795312184267,-140.748064225157,1
46.7953121842953,-140.748064225199,1
46.7953121842555,-140.748064225179,1
46.7953121842531,-140.748064225146,1
46.7953121843011,-140.748064225182,1
46.7953121842324,-140.748064225148,1
46.7953121843161,-140.748064225176,1
46.7953121842419,-140.748064225134,1
46.7953121842409,-140.74806422519,1
46.7953121842527,-140.748064225153,1
46.7953121842739,-140.748064225145,1
46.7953121842527,-140.748064225163,1
46.7953121842432,-140.748064225185,1
46.7953121842709,-140.748064225168,1
46.7953121843187,-140.74806422518,1
46.7953121842881,-140.74806422518,1
46.7953121843251,-140.748064225179,1
46.7953121842825,-140.748064225175,1
46.7953121842631,-140.748064225168,1
46.7953121842507,-140.748064225171,1
46.7953121843277,-140.748064225193,1
46.795312184271,-140.748064225154,1
46.7953121842758,-140.74806422517,1
46.7953121842712,-140.748064225161,1
46.7953121842892,-140.748064225151,1
46.7953121842947,-140.748064225197,1
46.7953121842832,-140.74806422517,1
46.7953121842879,-140.748064225197,1
46.7953121842416,-140.748064225159,1
46.7953121842671,-140.748064225153,1
46.7953121842681,-140.748064225167,1
46.7953121843088,-140.748064225167,1
46.7953121842812,-140.748064225134,1
46.7953121842383,-140.748064225132,1
46.7953121842873,-140.748064225189,1
46.7953121842834,-140.74806422519,1
46.7953121842654,-140.748064225164,1
46.7953121842711,-140.748064225161,1
46.7953121842766,-140.748064225166,1
46.7953121842787,-140.748064225162,1
46.7953121842759,-140.748064225157,1
46.7953121842738,-140.748064225192,1
46.7953121842767,-140.74806422515,1
46.7953121842768,-140.748064225162,1
46.7953121842818,-140.748064225137,1
46.7953121842754,-140.748064225164,1
46.7953121842745,-140.748064225176,1
46.7953121842736,-140.74806422517,1
46.7953121842781,-140.748064225169,1
46.7953121842673,-140.748064225149,1
46.7953121842829,-140.748064225202,1
46.7953121842567,-140.74806422517,1
46.795312184258,-140.748064225158,1
46.7953121842713,-140.748064225156,1
46.7953121842734,-140.748064225141,1
46.7953121842639,-140.74806422515,1
46.7953121842691,-140.748064225199,1
46.7953121842949,-140.748064225157,1
49.7860536885721,-124.321072558584,3
49.7860536885716,-124.321072558615,3
49.7860536885695,-124.321072558607,3
49.7860536885675,-124.321072558616,3
49.7860536885678,-124.321072558597,3
49.7860536885717,-124.321072558622,3
49.7860536885721,-124.321072558604,3
49.7860536885691,-124.321072558599,3
49.7860536885699,-124.321072558591,3
49.7860536885693,-124.321072558609,3
49.7860536885702,-124.321072558629,3
49.7860536885712,-124.321072558606,3
49.7860536885694,-124.321072558576,3
49.7860536885653,-124.32107255863,3
49.7860536885689,-124.321072558637,3
49.7860536885668,-124.32107255862,3
49.7860536885695,-124.321072558588,3
49.7860536885711,-124.321072558615,3
49.7860536885751,-124.321072558587,3
49.7860536885702,-124.3210725586,3
49.7860536885706,-124.32107255862,3
49.7860536885698,-124.321072558629,3
49.7860536885702,-124.321072558602,3
49.7860536885703,-124.32107255861,3
49.7860536885734,-124.321072558566,3
49.7860536885712,-124.321072558578,3
49.7860536885714,-124.321072558591,3
49.7860536885699,-124.321072558615,3
49.7860536885722,-124.321072558597,3
49.7860536885707,-124.321072558587,3
49.7860536885704,-124.321072558623,3
49.7860536885678,-124.321072558616,3
49.7860536885669,-124.321072558605,3
49.7860536885658,-124.321072558611,3
49.78605368857,-124.321072558622,3
49.7860536885711,-124.321072558615,3
49.7860536885703,-124.321072558597,3
49.7860536885693,-124.321072558592,3
49.7860536885696,-124.321072558614,3
49.7860536885686,-124.321072558608,3
49.7860536885726,-124.321072558604,3
49.7860536885662,-124.321072558611,3
49.7860536885722,-124.321072558601,3
49.7860536885718,-124.321072558572,3
49.786053688574,-124.32107255857,3
49.786053688574,-124.321072558616,3
49.7860536885738,-124.321072558572,3
49.7860536885739,-124.321072558598,3
49.7860536885681,-124.32107255863,3
59.6611832937672,-140.144518924271,2
59.6611832937635,-140.144518924292,2
59.6611832937643,-140.144518924305,2
59.6611832937623,-140.144518924294,2
59.6611832937661,-140.144518924284,2
59.6611832937656,-140.144518924293,2
59.6611832937565,-140.1445189243,2
59.6611832937646,-140.14451892431,2
59.6611832937596,-140.144518924303,2
59.6611832937577,-140.14451892428,2
59.6611832937601,-140.144518924299,2
59.661183293759,-140.1445189243,2
59.6611832937583,-140.144518924305,2
59.6611832937649,-140.144518924305,2
59.6611832937597,-140.144518924291,2
59.6611832937661,-140.144518924287,2
59.6611832937584,-140.144518924295,2
59.6611832937675,-140.144518924303,2
59.6611832937668,-140.144518924309,2
59.6611832937594,-140.144518924301,2
59.6611832937607,-140.144518924306,2
59.6611832937593,-140.144518924309,2
59.6611832937661,-140.144518924288,2
59.6611832937613,-140.144518924309,2
59.6611832937645,-140.144518924322,2
59.6611832937634,-140.144518924297,2
59.6611832937596,-140.144518924306,2
59.6611832937561,-140.144518924291,2
59.6611832937618,-140.144518924306,2
59.6611832937636,-140.144518924295,2
59.6611832937604,-140.144518924303,2
59.6611832937616,-140.144518924298,2
59.6611832937653,-140.144518924307,2
59.6611832937605,-140.144518924311,2
59.6611832937617,-140.144518924313,2
59.6611832937602,-140.144518924285,2
59.6611832937622,-140.144518924302,2
59.6611832937674,-140.144518924298,2
59.6611832937622,-140.144518924258,2
59.6611832937647,-140.144518924287,2
59.661183293763,-140.144518924316,2
59.661183293762,-140.144518924303,2
59.6611832937643,-140.144518924284,2
59.6611832937626,-140.144518924331,2
59.6611832937612,-140.144518924288,2
59.6611832937646,-140.144518924309,2
59.6611832937653,-140.144518924322,2
59.6611832937595,-140.144518924313,2
59.6611832937618,-140.14451892429,2
59.6611832937609,-140.144518924302,2
59.6611832937601,-140.144518924316,2
59.6611832937629,-140.144518924305,2
59.6611832937621,-140.144518924305,2
59.6611832937614,-140.144518924314,2
59.6611832937621,-140.14451892434,2
59.6611832937674,-140.144518924328,2
59.661183293761,-140.144518924306,2
59.6611832937607,-140.14451892432,2
59.6611832937597,-140.14451892433,2
59.6611832937662,-140.144518924311,2
59.661183293761,-140.144518924311,2
59.6611832937628,-140.14451892432,2
59.6611832937633,-140.144518924313,2
59.6611832937615,-140.14451892432,2
59.6611832937571,-140.144518924281,2
59.6611832937622,-140.144518924294,2
59.6611832937658,-140.144518924305,2
59.6611832937635,-140.14451892431,2
59.6611832937633,-140.144518924283,2
59.6611832937655,-140.144518924326,2
59.6611832937599,-140.144518924299,2
59.6611832937664,-140.144518924312,2
59.6611832937637,-140.144518924305,2
59.6611832937618,-140.144518924312,2
59.6611832937625,-140.144518924303,2
59.6611832937621,-140.144518924311,2
59.661183293765,-140.144518924302,2
59.6611832937623,-140.144518924313,2
59.6611832937621,-140.144518924299,2
59.6611832937624,-140.144518924306,2
59.6611832937608,-140.1445189243,2
59.6611832937619,-140.144518924302,2
59.6611832937679,-140.144518924314,2
59.6611832937621,-140.144518924277,2
59.661183293766,-140.144518924322,2
59.661183293762,-140.144518924299,2
59.6611832937635,-140.144518924305,2
59.6611832937601,-140.144518924309,2
59.6611832937591,-140.144518924312,2
59.6611832937615,-140.144518924299,2
59.6611832937629,-140.144518924295,2
59.66118329376,-140.144518924322,2
59.6611832937553,-140.144518924273,2
59.6611832937649,-140.144518924307,2
59.6611832937605,-140.144518924317,2
59.6611832937579,-140.144518924314,2
59.6611832937628,-140.14451892429,2
59.6611832937591,-140.144518924295,2
59.66118329376,-140.144518924319,2
59.6611832937573,-140.144518924283,2
59.6611832937629,-140.144518924315,2
59.6611832937642,-140.144518924307,2
59.6611832937583,-140.144518924307,2
59.6611832937602,-140.144518924324,2
59.6611832937633,-140.144518924303,2
59.6611832937686,-140.144518924282,2
59.6611832937629,-140.1445189243,2
59.661183293758,-140.144518924303,2
59.6611832937623,-140.144518924288,2
59.6611832937566,-140.14451892432,2
59.6611832937604,-140.144518924322,2
59.6611832937584,-140.144518924293,2
59.6611832937597,-140.144518924294,2
59.6611832937616,-140.144518924311,2
59.6611832937642,-140.144518924328,2
59.661183293763,-140.144518924282,2
59.6611832937659,-140.144518924312,2
59.6611832937607,-140.144518924279,2
59.661183293763,-140.144518924305,2
59.6611832937612,-140.144518924337,2
59.6611832937617,-140.144518924317,2
59.661183293759,-140.144518924312,2
59.6611832937621,-140.14451892429,2
59.6611832937645,-140.144518924308,2
59.6611832937594,-140.144518924315,2
59.6611832937668,-140.144518924319,2
59.6611832937616,-140.144518924303,2
59.6611832937579,-140.144518924312,2
59.6611832937591,-140.144518924333,2
59.6611832937627,-140.144518924306,2
59.6611832937572,-140.144518924293,2
59.6611832937625,-140.14451892428,2
59.66118329376,-140.144518924258,2
59.6611832937629,-140.144518924297,2
59.6611832937638,-140.144518924293,2
59.6611832937661,-140.144518924305,2
59.6611832937615,-140.144518924323,2
59.6611832937609,-140.14451892428,2
59.66118329376,-140.144518924306,2
59.6611832937635,-140.14451892434,2
59.6611832937599,-140.144518924305,2
59.6611832937612,-140.144518924326,2
59.6611832937649,-140.144518924305,2
59.6611832937595,-140.144518924316,2
59.6611832937621,-140.144518924318,2
59.6611832937605,-140.144518924276,2
59.6611832937631,-140.144518924305,2
59.6611832937573,-140.144518924299,2
59.6611832937607,-140.144518924294,2
59.6611832937671,-140.144518924283,2
59.6611832937633,-140.144518924301,2
59.6611832937602,-140.144518924306,2
59.6611832937593,-140.144518924301,2
59.6611832937593,-140.144518924335,2
59.661183293766,-140.144518924302,2
59.6611832937677,-140.144518924314,2
59.6611832937573,-140.144518924327,2
59.6611832937657,-140.144518924279,2
59.6611832937692,-140.144518924315,2
59.6611832937587,-140.144518924336,2
59.6611832937626,-140.144518924297,2
59.6611832937585,-140.144518924314,2
59.6611832937687,-140.144518924303,2
59.6611832937583,-140.144518924311,2
59.6611832937612,-140.14451892429,2
59.6611832937584,-140.144518924309,2
59.6611832937635,-140.144518924286,2
59.661183293761,-140.144518924296,2
59.6611832937625,-140.144518924296,2
59.6611832937612,-140.144518924303,2
59.661183293763,-140.144518924271,2
59.6611832937636,-140.144518924311,2
59.6611832937618,-140.144518924296,2
59.661183293766,-140.144518924306,2
59.6611832937577,-140.144518924259,2
59.6611832937672,-140.144518924272,2
59.6611832937623,-140.144518924297,2
59.6611832937611,-140.144518924293,2
59.6611832937647,-140.144518924302,2
59.6611832937591,-140.144518924298,2
59.6611832937581,-140.144518924291,2
59.661183293759,-140.144518924315,2
59.6611832937592,-140.144518924308,2
644.966022553429,-254.220666490013,1
644.96602255343,-254.220666490013,1
644.966022553429,-254.220666490012,1
644.966022553429,-254.220666490013,1
644.966022553429,-254.220666490013,1
644.966022553429,-254.220666490012,1
644.96602255343,-254.220666490013,1
644.966022553429,-254.220666490013,1
644.96602255343,-254.220666490012,1
644.966022553429,-254.220666490012,1
644.966022553429,-254.220666490013,1
644.966022553429,-254.220666490013,1
644.966022553429,-254.220666490013,1
644.96602255343,-254.220666490013,1
644.966022553429,-254.220666490013,1
644.966022553429,-254.220666490013,1
644.96602255343,-254.220666490012,1
644.96602255343,-254.220666490014,1
644.966022553429,-254.220666490013,1
644.966022553429,-254.220666490013,1
644.966022553429,-254.220666490012,1
644.96602255343,-254.220666490012,1
644.966022553429,-254.220666490013,1
644.966022553429,-254.220666490013,1
644.966022553429,-254.220666490011,1
644.96602255343,-254.220666490012,1
644.96602255343,-254.220666490013,1
644.966022553429,-254.220666490013,1
644.966022553429,-254.220666490014,1
644.96602255343,-254.220666490013,1
644.966022553429,-254.220666490012,1
644.96602255343,-254.220666490013,1
644.96602255343,-254.220666490012,1
644.966022553429,-254.220666490013,1
644.96602255343,-254.220666490012,1
644.96602255343,-254.220666490012,1
644.966022553429,-254.220666490013,1
644.966022553429,-254.220666490013,1
644.966022553429,-254.220666490012,1
644.96602255343,-254.220666490012,1
644.966022553429,-254.220666490012,1
644.966022553428,-254.220666490013,1
644.966022553429,-254.220666490014,1
644.96602255343,-254.220666490014,1
644.966022553429,-254.220666490013,1
644.966022553428,-254.220666490012,1
644.96602255343,-254.220666490013,1
644.966022553429,-254.220666490012,1
644.966022553429,-254.220666490013,1
644.96602255343,-254.220666490012,1
644.966022553429,-254.220666490013,1
644.966022553429,-254.220666490012,1
644.966022553429,-254.220666490013,1
644.966022553429,-254.220666490013,1
644.96602255343,-254.220666490013,1
644.966022553429,-254.220666490013,1
644.966022553428,-254.220666490011,1
644.96602255343,-254.220666490012,1
644.966022553429,-254.220666490013,1
644.966022553429,-254.220666490013,1
644.966022553429,-254.220666490014,1
644.966022553429,-254.220666490013,1
644.966022553429,-254.220666490012,1
644.966022553429,-254.220666490012,1
644.966022553429,-254.220666490012,1
644.96602255343,-254.220666490014,1
644.966022553429,-254.220666490013,1
644.96602255343,-254.220666490015,1
644.966022553429,-254.220666490012,1
644.966022553429,-254.220666490014,1
644.966022553429,-254.220666490012,1
644.966022553429,-254.220666490013,1
644.96602255343,-254.220666490013,1
644.96602255343,-254.220666490013,1
644.96602255343,-254.220666490013,1
644.96602255343,-254.220666490013,1
644.966022553429,-254.220666490013,1
644.96602255343,-254.220666490014,1
644.966022553429,-254.220666490014,1
644.966022553429,-254.220666490012,1
644.966022553429,-254.220666490014,1
644.966022553429,-254.220666490012,1
644.966022553429,-254.220666490013,1
644.96602255343,-254.220666490012,1
682.142326349538,-242.454214915255,3
682.142326349538,-242.454214915255,3
682.142326349539,-242.454214915255,3
682.142326349539,-242.454214915255,3
682.142326349539,-242.454214915254,3
682.142326349538,-242.454214915254,3
682.142326349539,-242.454214915254,3
682.142326349538,-242.454214915254,3
682.142326349539,-242.454214915255,3
682.142326349539,-242.454214915255,3
682.142326349538,-242.454214915256,3
682.142326349539,-242.454214915256,3
682.142326349538,-242.454214915255,3
682.142326349538,-242.454214915256,3
682.142326349539,-242.454214915254,3
682.142326349539,-242.454214915255,3
682.142326349539,-242.454214915256,3
682.142326349539,-242.454214915256,3
682.142326349538,-242.454214915254,3
682.142326349538,-242.454214915255,3
643.128977074059,-225.674865248535,2
643.12897707406,-225.674865248534,2
643.12897707406,-225.674865248535,2
643.128977074061,-225.674865248533,2
643.12897707406,-225.674865248534,2
643.12897707406,-225.674865248535,2
643.12897707406,-225.674865248534,2
643.12897707406,-225.674865248533,2
643.128977074061,-225.674865248534,2
643.12897707406,-225.674865248533,2
643.12897707406,-225.674865248535,2
643.128977074061,-225.674865248535,2
643.128977074059,-225.674865248534,2
643.12897707406,-225.674865248535,2
643.128977074059,-225.674865248534,2
643.12897707406,-225.674865248535,2
643.12897707406,-225.674865248535,2
643.12897707406,-225.674865248534,2
643.128977074059,-225.674865248534,2
643.12897707406,-225.674865248535,2
643.12897707406,-225.674865248535,2
643.12897707406,-225.674865248535,2
643.128977074059,-225.674865248535,2
643.12897707406,-225.674865248536,2
643.12897707406,-225.674865248534,2
643.12897707406,-225.674865248535,2
643.128977074059,-225.674865248535,2
643.12897707406,-225.674865248534,2
643.12897707406,-225.674865248534,2
643.12897707406,-225.674865248534,2
643.12897707406,-225.674865248535,2
643.12897707406,-225.674865248535,2
643.12897707406,-225.674865248535,2
643.12897707406,-225.674865248535,2
643.128977074059,-225.674865248534,2
643.12897707406,-225.674865248535,2
643.12897707406,-225.674865248535,2
643.128977074061,-225.674865248536,2
643.12897707406,-225.674865248534,2
643.12897707406,-225.674865248537,2
643.128977074059,-225.674865248533,2
643.12897707406,-225.674865248535,2
99.6968428187797,174.766439829696,1
99.6968428187778,174.766439829683,1
99.6968428187785,174.766439829693,1
99.6968428187794,174.766439829698,1
99.6968428187785,174.766439829691,1
99.6968428187793,174.766439829696,1
99.6968428187782,174.766439829685,1
99.696842818781,174.766439829711,1
99.6968428187782,174.766439829691,1
99.6968428187789,174.766439829693,1
99.6968428187795,174.766439829707,1
99.696842818778,174.766439829688,1
99.6968428187792,174.766439829692,1
99.6968428187784,174.76643982969,1
99.6968428187801,174.766439829694,1
99.6968428187786,174.766439829687,1
99.6968428187806,174.766439829689,1
99.6968428187787,174.766439829687,1
99.6968428187804,174.766439829696,1
99.6968428187787,174.766439829698,1
99.6968428187779,174.766439829682,1
99.6968428187778,174.766439829692,1
99.6968428187775,174.766439829691,1
99.6968428187761,174.766439829693,1
99.696842818778,174.766439829693,1
99.6968428187797,174.766439829694,1
99.6968428187793,174.766439829695,1
99.6968428187792,174.766439829697,1
99.6968428187783,174.766439829688,1
99.6968428187793,174.766439829686,1
99.6968428187778,174.766439829695,1
99.6968428187794,174.766439829701,1
99.6968428187792,174.766439829693,1
99.6968428187786,174.766439829699,1
99.6968428187799,174.766439829689,1
99.6968428187781,174.766439829694,1
99.6968428187792,174.766439829686,1
99.6968428187799,174.766439829693,1
99.6968428187788,174.766439829689,1
99.6968428187798,174.766439829696,1
99.6968428187782,174.76643982969,1
99.6968428187784,174.7664398297,1
99.6968428187796,174.766439829697,1
99.6968428187786,174.766439829678,1
99.6968428187776,174.766439829694,1
99.6968428187804,174.7664398297,1
99.6968428187779,174.766439829705,1
99.6968428187797,174.766439829699,1
99.6968428187774,174.766439829689,1
99.6968428187807,174.766439829704,1
99.6968428187784,174.766439829694,1
99.6968428187786,174.766439829687,1
99.6968428187791,174.76643982971,1
99.6968428187781,174.766439829679,1
99.6968428187784,174.766439829684,1
99.6968428187809,174.766439829702,1
99.6968428187785,174.766439829696,1
99.69684281878,174.76643982969,1
99.6968428187806,174.766439829694,1
99.6968428187797,174.766439829711,1
99.6968428187789,174.766439829686,1
99.69684281878,174.766439829711,1
99.6968428187798,174.766439829703,1
99.6968428187785,174.766439829694,1
99.6968428187782,174.766439829706,1
99.6968428187809,174.766439829701,1
99.6968428187778,174.766439829701,1
99.6968428187784,174.76643982967,1
99.6968428187807,174.766439829694,1
99.696842818779,174.766439829709,1
99.6968428187775,174.76643982969,1
99.6968428187795,174.766439829697,1
99.6968428187798,174.766439829693,1
99.6968428187796,174.766439829694,1
99.6968428187793,174.766439829693,1
99.696842818781,174.766439829693,1
99.6968428187785,174.766439829702,1
99.696842818781,174.766439829701,1
99.6968428187792,174.766439829691,1
99.696842818778,174.766439829685,1
99.6968428187772,174.766439829706,1
99.6968428187805,174.766439829687,1
99.6968428187783,174.766439829693,1
99.6968428187784,174.766439829689,1
99.6968428187775,174.766439829684,1
99.6968428187785,174.76643982969,1
99.6968428187778,174.766439829693,1
99.6968428187788,174.766439829712,1
99.6968428187787,174.766439829677,1
99.6968428187782,174.766439829693,1
99.696842818778,174.766439829688,1
99.6968428187789,174.76643982969,1
99.6968428187801,174.766439829716,1
99.6968428187786,174.76643982969,1
99.6968428187794,174.766439829698,1
99.6968428187779,174.766439829696,1
99.6968428187815,174.7664398297,1
99.6968428187788,174.76643982972,1
99.6968428187799,174.766439829688,1
99.6968428187797,174.766439829679,1
99.696842818778,174.766439829697,1
99.6968428187792,174.766439829698,1
99.6968428187784,174.7664398297,1
99.6968428187792,174.7664398297,1
99.696842818778,174.766439829707,1
99.6968428187772,174.766439829685,1
99.6968428187782,174.766439829689,1
99.6968428187793,174.766439829688,1
99.6968428187794,174.766439829694,1
99.6968428187765,174.766439829689,1
99.6968428187788,174.766439829707,1
99.6968428187778,174.766439829674,1
99.6968428187793,174.766439829689,1
99.6968428187807,174.766439829722,1
99.6968428187778,174.766439829686,1
99.6968428187787,174.766439829696,1
99.6968428187785,174.766439829688,1
99.696842818778,174.766439829692,1
99.696842818779,174.766439829684,1
99.6968428187781,174.766439829681,1
99.6968428187788,174.766439829686,1
99.6968428187773,174.766439829674,1
99.6968428187787,174.76643982971,1
99.69684281878,174.766439829726,1
99.6968428187822,174.766439829725,1
99.6968428187833,174.766439829732,1
99.6968428187825,174.766439829725,1
99.6968428187799,174.766439829702,1
99.6968428187783,174.76643982969,1
99.6968428187783,174.766439829694,1
99.6968428187785,174.766439829687,1
99.6968428187778,174.766439829691,1
99.6968428187793,174.766439829689,1
99.6968428187787,174.766439829688,1
99.6968428187804,174.76643982969,1
99.6968428187784,174.766439829689,1
99.6968428187776,174.76643982969,1
99.6968428187773,174.766439829707,1
99.69684281878,174.766439829706,1
99.6968428187778,174.766439829675,1
99.6968428187792,174.766439829696,1
99.696842818779,174.766439829684,1
99.6968428187796,174.766439829695,1
99.6968428187774,174.766439829698,1
99.6968428187776,174.766439829696,1
99.6968428187774,174.766439829685,1
99.6968428187793,174.76643982969,1
99.6968428187786,174.766439829689,1
99.6968428187788,174.7664398297,1
99.6968428187771,174.766439829689,1
99.696842818781,174.766439829711,1
99.6968428187793,174.766439829702,1
99.6968428187776,174.766439829687,1
99.6968428187808,174.766439829707,1
99.6968428187799,174.766439829699,1
99.696842818779,174.766439829704,1
99.6968428187802,174.766439829703,1
99.6968428187799,174.766439829714,1
99.6968428187793,174.766439829691,1
99.6968428187776,174.766439829708,1
99.6968428187794,174.766439829709,1
99.6968428187774,174.766439829693,1
99.6968428187789,174.766439829694,1
99.696842818779,174.766439829679,1
99.6968428187786,174.766439829682,1
99.6968428187787,174.766439829686,1
99.6968428187783,174.7664398297,1
99.6968428187792,174.766439829704,1
99.6968428187791,174.766439829669,1
99.6968428187777,174.766439829686,1
99.6968428187769,174.766439829688,1
99.6968428187785,174.766439829693,1
99.6968428187796,174.766439829682,1
99.6968428187784,174.766439829687,1
99.6968428187781,174.766439829688,1
99.6968428187782,174.766439829684,1
99.6968428187784,174.766439829691,1
99.6968428187768,174.766439829672,1
99.6968428187798,174.766439829708,1
99.6968428187814,174.766439829705,1
99.6968428187778,174.76643982969,1
99.6968428187786,174.766439829687,1
99.6968428187785,174.766439829679,1
99.6968428187772,174.766439829683,1
99.696842818779,174.766439829684,1
99.6968428187778,174.766439829683,1
99.6968428187795,174.766439829678,1
99.6968428187779,174.766439829682,1
99.6968428187791,174.766439829682,1
99.69684281878,174.766439829689,1
99.6968428187799,174.766439829694,1
99.6968428187813,174.766439829699,1
99.69684281878,174.766439829698,1
99.6968428187811,174.766439829726,1
99.6968428187793,174.766439829684,1
99.6968428187768,174.766439829672,1
99.6968428187771,174.766439829698,1
99.6968428187789,174.766439829696,1
99.6968428187785,174.766439829688,1
99.6968428187774,174.766439829676,1
99.6968428187793,174.766439829696,1
99.6968428187786,174.766439829681,1
99.6968428187802,174.766439829669,1
99.6968428187796,174.766439829701,1
99.6968428187788,174.766439829688,1
99.6968428187791,174.766439829688,1
99.6968428187797,174.766439829684,1
99.6968428187756,174.766439829681,1
99.6968428187785,174.766439829688,1
99.6968428187782,174.766439829685,1
99.6968428187775,174.766439829682,1
99.6968428187774,174.766439829687,1
99.6968428187805,174.766439829688,1
99.6968428187784,174.766439829688,1
99.6968428187785,174.766439829687,1
99.6968428187792,174.766439829689,1
99.6968428187784,174.766439829684,1
99.6968428187789,174.766439829684,1
99.69684281878,174.766439829686,1
99.6968428187797,174.766439829683,1
99.6968428187784,174.76643982968,1
99.6968428187778,174.766439829683,1
99.6968428187785,174.766439829683,1
99.6968428187785,174.766439829687,1
99.696842818778,174.766439829689,1
99.6968428187781,174.766439829688,1
99.6968428187784,174.766439829685,1
99.6968428187784,174.766439829684,1
99.6968428187774,174.766439829696,1
99.6968428187791,174.766439829688,1
99.6968428187777,174.766439829685,1
99.6968428187782,174.766439829695,1
99.696842818779,174.76643982968,1
99.6968428187785,174.766439829687,1
99.696842818779,174.766439829693,1
99.6968428187805,174.766439829686,1
99.6968428187795,174.766439829688,1
99.6968428187783,174.766439829684,1
99.6968428187777,174.766439829696,1
99.6968428187782,174.766439829686,1
99.6968428187759,174.766439829686,1
99.6968428187787,174.766439829705,1
99.6968428187781,174.766439829705,1
99.6968428187782,174.76643982969,1
99.6968428187794,174.766439829687,1
99.6968428187802,174.766439829697,1
99.6968428187776,174.766439829686,1
99.6968428187771,174.766439829686,1
99.696842818778,174.766439829669,1
99.696842818778,174.766439829686,1
99.6968428187795,174.766439829699,1
99.696842818779,174.766439829681,1
99.6968428187799,174.766439829697,1
99.6968428187794,174.766439829704,1
99.6968428187768,174.766439829673,1
99.6968428187813,174.766439829693,1
99.6968428187783,174.766439829702,1
99.6968428187802,174.766439829727,1
99.6968428187782,174.766439829695,1
99.6968428187783,174.766439829691,1
99.6968428187781,174.766439829693,1
99.6968428187795,174.76643982969,1
99.6968428187778,174.766439829688,1
99.6968428187785,174.766439829676,1
99.6968428187785,174.76643982969,1
99.6968428187788,174.766439829681,1
99.6968428187775,174.766439829693,1
99.6968428187794,174.766439829689,1
101.173467811671,173.368654769574,3
101.173467811669,173.368654769556,3
101.173467811672,173.368654769574,3
101.173467811671,173.368654769581,3
101.173467811672,173.368654769574,3
101.173467811672,173.368654769558,3
101.173467811672,173.36865476957,3
101.173467811671,173.368654769562,3
101.173467811672,173.368654769568,3
101.173467811673,173.368654769582,3
101.17346781167,173.368654769566,3
101.173467811671,173.368654769565,3
101.173467811671,173.368654769572,3
101.173467811671,173.368654769557,3
101.17346781167,173.368654769556,3
101.173467811671,173.368654769567,3
101.173467811671,173.368654769569,3
101.173467811672,173.368654769578,3
101.173467811674,173.368654769578,3
96.5962674603021,174.548563707499,2
96.5962674603012,174.548563707494,2
96.5962674603023,174.548563707505,2
96.5962674603025,174.548563707501,2
96.5962674603008,174.548563707491,2
96.5962674603022,174.548563707492,2
96.5962674603017,174.548563707498,2
96.5962674603017,174.548563707489,2
96.5962674603023,174.548563707494,2
96.5962674603025,174.548563707495,2
96.5962674603021,174.548563707492,2
96.5962674603016,174.548563707495,2
96.5962674603024,174.548563707494,2
96.5962674603011,174.548563707497,2
96.5962674603028,174.5485637075,2
96.5962674603014,174.548563707488,2
96.5962674603034,174.548563707502,2
96.5962674603001,174.548563707477,2
96.5962674603024,174.548563707504,2
96.5962674603024,174.548563707502,2
96.5962674603024,174.548563707489,2
96.5962674603017,174.548563707493,2
96.596267460302,174.548563707493,2
96.596267460302,174.548563707499,2
96.5962674603021,174.548563707496,2
96.5962674603015,174.548563707486,2
96.5962674603005,174.548563707484,2
96.5962674603026,174.548563707492,2
96.596267460303,174.548563707515,2
96.5962674603014,174.548563707495,2
96.5962674603022,174.548563707499,2
96.5962674603026,174.548563707495,2
96.5962674603011,174.548563707487,2
96.5962674603023,174.548563707495,2
96.5962674603025,174.548563707492,2
96.5962674603026,174.548563707506,2
96.5962674603013,174.548563707491,2
96.5962674603005,174.548563707484,2
96.5962674603018,174.548563707489,2
96.596267460301,174.548563707487,2
96.5962674603016,174.548563707489,2
96.5962674603006,174.548563707482,2
96.5962674603005,174.54856370748,2
96.5962674603005,174.54856370748,2
96.5962674603009,174.548563707488,2
96.5962674603028,174.548563707493,2
96.5962674603018,174.548563707484,2
96.5962674603001,174.548563707486,2
96.596267460302,174.548563707479,2
96.5962674603009,174.548563707487,2
96.596267460302,174.548563707483,2
96.5962674603003,174.548563707491,2
96.5962674603021,174.548563707496,2
96.5962674603003,174.548563707493,2
96.5962674603028,174.548563707489,2
96.5962674603009,174.548563707478,2
96.5962674603017,174.548563707476,2
96.5962674603029,174.548563707497,2
96.5962674603022,174.548563707491,2
96.5962674603023,174.548563707484,2
96.596267460302,174.548563707483,2
96.5962674602991,174.548563707503,2
96.5962674603007,174.548563707487,2
96.5962674603015,174.548563707481,2
96.5962674603016,174.548563707494,2
96.5962674603005,174.548563707476,2
96.5962674603027,174.548563707485,2
96.5962674603016,174.548563707476,2
96.5962674603023,174.548563707497,2
96.596267460302,174.548563707503,2
96.5962674603023,174.548563707484,2
96.596267460302,174.548563707494,2
96.596267460301,174.548563707482,2
96.5962674603029,174.548563707493,2
96.5962674603025,174.548563707481,2
96.596267460303,174.548563707479,2
96.5962674603025,174.548563707501,2
96.5962674603028,174.548563707495,2
96.5962674603015,174.548563707492,2
96.5962674603019,174.548563707493,2
96.5962674602985,174.548563707487,2
96.5962674603007,174.548563707473,2
96.5962674603013,174.548563707481,2
96.5962674603008,174.548563707475,2
96.5962674603017,174.548563707482,2
96.5962674603007,174.548563707482,2
96.5962674602999,174.54856370747,2
96.5962674603013,174.548563707479,2
96.5962674603013,174.548563707481,2
96.5962674603007,174.548563707492,2
96.5962674603011,174.548563707481,2
96.5962674603003,174.548563707489,2
96.5962674603032,174.548563707481,2
96.5962674603011,174.548563707495,2
96.5962674603005,174.548563707491,2
96.5962674603009,174.548563707491,2
96.5962674603017,174.548563707484,2
96.5962674603008,174.548563707482,2
96.5962674603012,174.548563707488,2
96.596267460302,174.548563707487,2
96.596267460301,174.548563707487,2
96.596267460302,174.548563707488,2
96.5962674603007,174.548563707481,2
96.5962674603009,174.548563707493,2
96.5962674603034,174.548563707499,2
96.5962674603001,174.548563707485,2
96.5962674603003,174.548563707496,2
96.5962674603019,174.548563707484,2
96.5962674603012,174.548563707478,2
96.5962674603015,174.548563707487,2
96.5962674603014,174.54856370748,2
96.5962674603005,174.548563707483,2
96.596267460301,174.548563707474,2
96.5962674603011,174.548563707492,2
96.5962674603012,174.54856370748,2
96.5962674603013,174.54856370748,2
96.5962674603006,174.548563707487,2
96.5962674603,174.548563707474,2
96.5962674603015,174.548563707486,2
96.5962674603021,174.548563707488,2
96.5962674603007,174.548563707493,2
96.5962674603027,174.54856370748,2
96.5962674603007,174.548563707472,2
96.5962674602998,174.548563707471,2
96.5962674603004,174.548563707481,2
96.5962674603024,174.548563707499,2
96.5962674602984,174.548563707481,2
96.5962674603026,174.548563707501,2
96.5962674603029,174.548563707498,2
96.5962674603025,174.548563707471,2
96.5962674602994,174.548563707488,2
96.5962674603022,174.548563707484,2
96.5962674602989,174.548563707441,2
96.5962674603033,174.54856370749,2
28.9878349953022,84.7389780942206,1
28.9878349952786,84.7389780942729,1
28.987834995282,84.7389780942586,1
28.9878349952788,84.7389780941099,1
28.9878349952878,84.7389780942766,1
28.9878349952768,84.7389780941453,1
28.9878349952864,84.7389780943207,1
28.9878349952802,84.7389780942178,1
28.9878349952763,84.7389780942852,1
28.9878349952806,84.7389780941429,1
28.9878349952836,84.7389780943105,1
28.9878349952849,84.738978094264,1
28.9878349952839,84.7389780942989,1
28.9878349952875,84.7389780941526,1
28.9878349952787,84.7389780942986,1
28.9878349952838,84.7389780942617,1
28.9878349952754,84.7389780940604,1
28.9878349952838,84.7389780942272,1
28.9878349952772,84.7389780942584,1
28.9878349952764,84.738978094226,1
28.9878349952845,84.738978094311,1
28.9878349952884,84.7389780941515,1
28.9878349952801,84.7389780942254,1
28.987834995282,84.7389780942392,1
28.9878349952832,84.738978094255,1
28.9878349952777,84.7389780941508,1
28.9878349952933,84.7389780943385,1
28.9878349952901,84.7389780942932,1
28.9878349952878,84.7389780943473,1
28.9878349952816,84.7389780941669,1
28.9878349952816,84.7389780943766,1
28.9878349952824,84.7389780942809,1
28.9878349952754,84.7389780941251,1
28.9878349952798,84.7389780943154,1
28.9878349952751,84.7389780941362,1
28.9878349952734,84.7389780942248,1
28.987834995283,84.7389780941713,1
28.987834995284,84.7389780943519,1
28.987834995284,84.7389780942763,1
28.9878349952804,84.7389780942942,1
28.9878349952837,84.7389780942362,1
28.9878349952739,84.7389780942522,1
28.9878349952778,84.7389780943977,1
28.9878349952814,84.7389780942791,1
28.9878349952896,84.7389780942579,1
28.9878349952845,84.7389780942967,1
28.9878349952772,84.738978094184,1
28.9878349952826,84.738978094208,1
28.9878349952901,84.7389780943034,1
28.9878349952832,84.7389780942784,1
28.9878349952784,84.7389780941126,1
28.9878349952833,84.7389780942856,1
28.987834995285,84.7389780941941,1
28.9878349952831,84.7389780941801,1
28.9878349952835,84.7389780943272,1
28.9878349952773,84.738978094223,1
28.9878349952782,84.7389780941944,1
28.9878349952809,84.7389780942174,1
28.9878349952854,84.7389780943016,1
28.9878349952684,84.7389780942016,1
28.9878349952785,84.7389780942817,1
28.9878349952769,84.7389780942667,1
28.9878349952791,84.7389780941449,1
28.9878349952792,84.7389780943041,1
28.9878349952728,84.7389780942847,1
28.9878349952835,84.7389780942288,1
28.9878349952811,84.7389780941965,1
28.9878349952778,84.7389780942178,1
28.9878349952789,84.7389780943359,1
28.9878349952799,84.7389780941831,1
28.9878349952872,84.7389780942723,1
28.9878349952853,84.7389780943156,1
28.9878349952879,84.7389780943699,1
28.987834995291,84.7389780941811,1
28.9878349952791,84.7389780941612,1
28.9878349952865,84.7389780942786,1
28.987834995277,84.7389780942758,1
28.9878349952798,84.7389780941907,1
28.9878349952762,84.7389780942059,1
28.9878349952829,84.7389780942936,1
28.9878349952793,84.7389780943218,1
28.9878349952877,84.7389780941689,1
28.9878349952816,84.7389780942355,1
28.9878349952794,84.7389780942934,1
28.9878349952742,84.7389780941817,1
28.9878349952791,84.7389780941868,1
28.9878349952942,84.7389780942126,1
28.9878349952846,84.7389780942131,1
28.9878349952672,84.7389780942637,1
28.9878349952817,84.7389780942296,1
28.9878349952681,84.7389780942207,1
28.9878349952813,84.7389780942212,1
28.9878349952695,84.7389780942049,1
28.9878349952733,84.7389780942544,1
28.9878349952768,84.73897809424,1
28.9878349952622,84.7389780942324,1
28.9878349953015,84.7389780941527,1
28.9878349952837,84.7389780941859,1
28.987834995223,84.7389780942494,1
28.9878349952971,84.7389780942397,1
28.9878349952813,84.7389780942094,1
28.9878349952932,84.7389780942285,1
28.9878349952843,84.7389780941705,1
28.9878349952828,84.7389780942683,1
28.9878349952789,84.7389780941791,1
28.9878349952807,84.7389780942025,1
28.9878349952834,84.7389780942785,1
28.9878349952793,84.738978094272,1
28.9878349952775,84.7389780940641,1
28.9878349952815,84.7389780942201,1
28.9878349952818,84.7389780942999,1
28.9878349952765,84.7389780942854,1
28.9878349952842,84.7389780943249,1
28.9878349952928,84.7389780942094,1
28.9878349952819,84.7389780941978,1
28.9878349952787,84.7389780942555,1
28.9878349952787,84.7389780943085,1
28.987834995282,84.7389780942203,1
28.9878349952864,84.7389780942215,1
28.9878349952782,84.7389780942745,1
28.9878349952803,84.7389780941757,1
28.9878349952808,84.7389780941347,1
28.9878349952833,84.7389780943593,1
28.987834995282,84.738978094256,1
28.9878349952866,84.7389780941856,1
28.9878349952822,84.7389780942017,1
28.9878349952814,84.7389780942107,1
28.9878349952815,84.7389780942085,1
28.9878349952689,84.7389780939367,1
28.9878349952868,84.7389780942585,1
28.9878349952751,84.7389780942684,1
28.9878349952859,84.7389780942466,1
28.9878349952775,84.7389780942173,1
28.9878349952809,84.7389780941675,1
28.9878349952772,84.7389780942209,1
28.9878349952796,84.7389780944429,1
28.9878349952731,84.738978094191,1
28.9878349952806,84.7389780942024,1
28.9878349952804,84.7389780942011,1
28.9878349952778,84.738978094232,1
28.9878349952824,84.7389780942563,1
28.9878349952737,84.7389780943915,1
28.9878349952807,84.7389780942638,1
28.9878349952892,84.7389780942763,1
28.9878349952778,84.7389780942716,1
28.9878349952685,84.7389780942681,1
28.987834995266,84.7389780942805,1
28.9878349953188,84.7389780942665,1
28.9878349952762,84.7389780942567,1
28.9878349952764,84.7389780942482,1
28.9878349953023,84.7389780942359,1
28.987834995297,84.7389780942681,1
28.9878349952654,84.7389780942166,1
28.9878349953154,84.7389780942191,1
28.9878349952704,84.7389780942681,1
28.9878349952771,84.7389780942465,1
28.9878349952805,84.738978094207,1
28.9878349952796,84.7389780941447,1
28.9878349952807,84.7389780942055,1
28.9878349952849,84.738978094301,1
28.9878349952826,84.7389780942862,1
28.9878349952766,84.7389780941404,1
28.9878349952776,84.7389780942882,1
28.9878349952841,84.7389780942666,1
28.9878349952834,84.7389780942096,1
28.9878349952841,84.7389780942067,1
28.9878349952821,84.7389780942791,1
28.987834995284,84.7389780941382,1
28.9878349952823,84.738978094231,1
28.9878349952857,84.7389780943182,1
28.9878349952826,84.738978094339,1
28.9878349952757,84.7389780940925,1
28.987834995275,84.7389780942367,1
28.9878349952818,84.7389780941903,1
28.9878349952783,84.7389780942275,1
28.9878349952774,84.7389780941616,1
28.9878349952834,84.7389780943007,1
28.9878349952794,84.7389780941918,1
28.987834995281,84.73897809422,1
28.9878349952813,84.7389780942658,1
28.9878349952751,84.7389780942905,1
28.9878349952891,84.7389780943446,1
28.9878349952816,84.7389780942793,1
28.9878349952864,84.7389780942922,1
28.9878349952874,84.7389780942493,1
28.9878349952847,84.7389780943673,1
28.9878349952779,84.7389780942116,1
28.9878349952817,84.7389780942318,1
28.9878349952821,84.7389780941729,1
28.9878349952776,84.738978094185,1
28.9878349952843,84.738978094267,1
28.9878349952825,84.738978094249,1
28.9878349952842,84.7389780941847,1
28.9878349952686,84.738978094211,1
28.987834995295,84.7389780942101,1
28.9878349952544,84.7389780942169,1
28.9878349952841,84.7389780941982,1
28.9878349952788,84.7389780942156,1
28.9878349952863,84.7389780942321,1
28.9878349953138,84.7389780942141,1
28.9878349952659,84.7389780941904,1
28.9878349952766,84.7389780942781,1
28.9878349952857,84.7389780942286,1
28.9878349952823,84.7389780942239,1
28.987834995292,84.7389780941926,1
28.9878349952967,84.7389780942073,1
28.9878349952789,84.7389780942499,1
28.9878349952833,84.7389780942466,1
28.9878349952744,84.7389780942352,1
28.9878349952772,84.7389780941915,1
28.9878349952773,84.7389780941977,1
28.9878349952803,84.7389780942842,1
28.9878349952842,84.7389780941896,1
28.9878349952739,84.7389780941507,1
28.9878349952847,84.7389780941883,1
28.9878349952843,84.7389780941812,1
28.9878349952798,84.7389780942634,1
28.9878349952985,84.7389780942426,1
28.9878349952602,84.738978094269,1
28.9878349953104,84.73897809426,1
28.9878349952651,84.7389780942475,1
28.9878349952734,84.73897809426,1
28.9878349952938,84.7389780942363,1
28.987834995277,84.7389780942197,1
28.9878349952854,84.738978094247,1
28.9878349952396,84.7389780942571,1
28.9878349953041,84.7389780942926,1
28.987834995307,84.7389780942396,1
28.9878349952549,84.738978094266,1
28.9878349952723,84.7389780942797,1
28.9878349952724,84.7389780942789,1
28.9878349953336,84.7389780942416,1
28.9878349953109,84.7389780942312,1
28.9878349952912,84.7389780942443,1
28.9878349952877,84.7389780942904,1
28.9878349952754,84.7389780942871,1
28.9878349952846,84.7389780942753,1
28.9878349953325,84.7389780942361,1
28.9878349952556,84.7389780942769,1
28.9878349952626,84.738978094246,1
28.9878349952668,84.7389780943059,1
28.9878349952759,84.7389780942752,1
28.9878349953143,84.7389780942654,1
28.9878349952794,84.7389780942424,1
28.9878349952809,84.738978094271,1
28.9878349952478,84.7389780943185,1
28.9878349952721,84.7389780943061,1
28.9878349952618,84.7389780942506,1
28.9878349952637,84.7389780942931,1
28.9878349953005,84.7389780942442,1
28.9878349952993,84.7389780942599,1
28.9878349953041,84.7389780942736,1
28.9878349952829,84.7389780942913,1
28.9878349953044,84.7389780942597,1
28.9878349952749,84.7389780942832,1
28.9878349952604,84.7389780943014,1
28.987834995271,84.7389780942862,1
28.987834995268,84.7389780943027,1
28.9878349952704,84.7389780943041,1
28.9878349952658,84.7389780942956,1
28.9878349952739,84.7389780942043,1
28.9878349952767,84.7389780942843,1
28.9878349952721,84.738978094267,1
28.9878349952604,84.7389780942537,1
28.9878349953119,84.7389780942918,1
28.9878349952921,84.7389780943304,1
28.9878349952932,84.7389780943035,1
28.9878349952989,84.7389780942811,1
28.9878349952721,84.7389780943019,1
28.987834995298,84.7389780942489,1
28.9878349952976,84.7389780942893,1
28.9878349952692,84.7389780942987,1
28.9878349952931,84.7389780942621,1
28.9878349952787,84.7389780942714,1
28.987834995252,84.7389780942955,1
28.9878349952457,84.7389780942857,1
28.9878349953136,84.7389780942548,1
28.9878349952712,84.7389780943136,1
28.9878349952652,84.7389780942681,1
28.9878349953248,84.7389780942898,1
28.987834995257,84.7389780943085,1
28.9878349952797,84.7389780942487,1
28.9878349953004,84.7389780943062,1
28.987834995306,84.7389780942317,1
28.9878349952853,84.7389780942913,1
28.9878349953105,84.7389780942564,1
28.9878349952949,84.738978094262,1
28.9878349953121,84.7389780942668,1
28.9878349952765,84.7389780942571,1
28.9878349952783,84.7389780942678,1
28.9878349952613,84.7389780943011,1
28.9878349953022,84.738978094252,1
28.9878349953044,84.7389780942282,1
28.9878349952745,84.7389780942702,1
28.9878349953106,84.738978094265,1
28.9878349952902,84.7389780943027,1
28.9878349952941,84.7389780943116,1
28.9878349953131,84.7389780942355,1
28.9878349952889,84.7389780942813,1
28.987834995292,84.7389780943115,1
28.9878349952876,84.7389780942459,1
28.9878349952582,84.7389780942863,1
28.9878349952886,84.7389780942533,1
28.9878349952921,84.7389780942704,1
28.9878349952945,84.7389780942773,1
28.9878349952727,84.7389780942863,1
28.9878349952677,84.7389780942413,1
28.9878349953144,84.7389780942599,1
28.9878349952778,84.7389780942766,1
28.9878349952436,84.7389780942628,1
28.9878349952661,84.7389780942919,1
28.9878349953021,84.7389780942489,1
28.9878349952779,84.7389780943091,1
28.987834995286,84.7389780942889,1
28.9878349953033,84.7389780942479,1
28.9878349952838,84.7389780942789,1
28.9878349952833,84.7389780943029,1
28.9878349952876,84.7389780942415,1
28.9878349953012,84.73897809428,1
28.9878349952485,84.7389780943293,1
28.9878349952842,84.7389780943027,1
28.9878349953054,84.7389780943021,1
28.9878349953101,84.7389780942622,1
28.9878349952833,84.7389780942919,1
28.9878349952897,84.738978094323,1
28.987834995325,84.7389780942535,1
28.9878349952907,84.7389780942808,1
28.9878349952617,84.7389780943176,1
28.9878349952762,84.7389780942999,1
28.9878349952571,84.7389780942638,1
28.9878349953167,84.7389780942728,1
28.9878349952807,84.7389780942377,1
28.9878349952889,84.7389780942501,1
28.9878349952966,84.7389780942666,1
28.9878349953104,84.7389780942424,1
28.9878349952836,84.7389780942457,1
28.9878349952938,84.7389780942542,1
28.987834995298,84.7389780943184,1
28.9878349952487,84.7389780942754,1
28.9878349952498,84.7389780942194,1
28.9878349952797,84.7389780942809,1
28.9878349952891,84.7389780942449,1
28.9878349953143,84.7389780942755,1
28.9878349952559,84.7389780942669,1
28.9878349952431,84.7389780942906,1
28.9878349952843,84.7389780942475,1
28.9878349952861,84.7389780942741,1
28.9878349952818,84.7389780942736,1
28.9878349953105,84.7389780942423,1
28.9878349952945,84.738978094285,1
28.9878349952623,84.7389780942906,1
28.9878349952535,84.7389780942936,1
28.9878349952777,84.7389780942626,1
28.9878349952664,84.7389780943042,1
28.9878349952772,84.7389780943138,1
28.9878349952747,84.7389780942684,1
28.9878349953441,84.7389780942554,1
28.987834995256,84.7389780942986,1
7.80118997048231,80.9384722677463,3
7.80118997047725,80.9384722676393,3
7.8011899704797,80.9384722677669,3
7.80118997048282,80.9384722676378,3
7.80118997047305,80.938472267722,3
7.80118997047262,80.9384722676433,3
7.80118997047776,80.9384722676042,3
7.80118997047981,80.9384722676628,3
7.80118997047566,80.9384722676391,3
7.80118997047691,80.9384722676564,3
7.80118997047737,80.9384722676111,3
7.80118997047526,80.938472267547,3
7.80118997048055,80.9384722676501,3
7.80118997047657,80.9384722676349,3
7.80118997047043,80.9384722675471,3
7.80118997047705,80.938472267574,3
7.80118997047759,80.9384722676631,3
7.80118997047981,80.9384722676788,3
7.80118997047828,80.9384722676799,3
7.80118997047794,80.9384722676631,3
7.80118997047646,80.9384722676556,3
7.80118997048521,80.9384722677463,3
7.8011899704764,80.9384722676625,3
7.80118997047569,80.9384722676157,3
7.8011899704787,80.9384722676751,3
7.80118997047677,80.9384722677295,3
7.80118997047703,80.9384722676755,3
7.80118997047703,80.9384722677955,3
7.80118997047282,80.9384722677352,3
7.8011899704704,80.9384722676127,3
7.80118997047316,80.9384722676525,3
7.80118997048208,80.9384722679142,3
7.80118997047668,80.9384722676681,3
7.80118997048177,80.9384722677805,3
7.80118997047384,80.9384722676576,3
7.80118997048265,80.9384722676981,3
7.80118997048007,80.9384722677445,3
31.3755565084694,79.3694501245321,2
31.3755565084711,79.3694501244216,2
31.3755565084667,79.3694501244494,2
31.3755565084695,79.3694501244797,2
31.3755565084707,79.3694501244804,2
31.3755565084705,79.3694501245076,2
31.375556508473,79.3694501244891,2
31.3755565084753,79.3694501244811,2
31.3755565084706,79.3694501244091,2
31.375556508472,79.3694501244267,2
31.3755565084672,79.3694501244381,2
31.3755565084679,79.3694501244863,2
31.3755565084725,79.3694501244905,2
31.375556508471,79.3694501244674,2
31.3755565084709,79.3694501244645,2
31.3755565084712,79.3694501245039,2
31.3755565084691,79.3694501244139,2
31.3755565084739,79.3694501245557,2
31.3755565084718,79.3694501245754,2
31.3755565084732,79.3694501245453,2
31.3755565084776,79.3694501244585,2
31.3755565084714,79.3694501245177,2
31.3755565084748,79.3694501244763,2
31.3755565084698,79.3694501244469,2
31.375556508469,79.3694501245123,2
31.3755565084663,79.3694501245102,2
31.3755565084722,79.3694501245607,2
31.3755565084656,79.3694501243902,2
31.3755565084697,79.3694501244737,2
31.3755565084743,79.3694501245852,2
31.3755565084718,79.3694501244845,2
31.3755565084717,79.3694501244759,2
31.3755565084673,79.3694501245289,2
31.3755565084758,79.3694501244851,2
31.3755565084685,79.3694501244392,2
31.3755565084678,79.3694501244354,2
31.3755565084736,79.369450124589,2
31.3755565084707,79.3694501243173,2
31.3755565084672,79.3694501244825,2
31.3755565084688,79.3694501245114,2
31.3755565084679,79.3694501244769,2
31.3755565084649,79.3694501244769,2
31.3755565084665,79.3694501244721,2
31.3755565084637,79.3694501244751,2
31.3755565084726,79.3694501244955,2
31.3755565084744,79.3694501245052,2
31.3755565084732,79.3694501245387,2
31.3755565084695,79.3694501245066,2
31.3755565084647,79.3694501244741,2
31.3755565084682,79.3694501244397,2
31.3755565084693,79.3694501245278,2
31.3755565084694,79.36945012447,2
31.3755565084699,79.3694501244764,2
31.3755565084676,79.3694501244971,2
31.3755565084706,79.369450124487,2
31.3755565084683,79.3694501245265,2
31.3755565084721,79.3694501244644,2
31.3755565084714,79.3694501244758,2
31.3755565084753,79.3694501244621,2
31.375556508466,79.3694501244614,2
31.3755565084707,79.3694501245084,2
31.3755565084674,79.3694501244555,2
31.3755565084641,79.369450124472,2
31.3755565084722,79.369450124491,2
31.3755565084697,79.3694501244766,2
31.3755565084671,79.3694501244573,2
31.3755565084674,79.3694501244762,2
31.3755565084707,79.3694501244927,2
31.3755565084718,79.3694501244476,2
31.3755565084662,79.3694501244513,2
31.3755565084722,79.3694501244778,2
31.3755565084741,79.3694501245126,2
31.3755565084712,79.369450124512,2
31.375556508468,79.369450124424,2
31.3755565084641,79.369450124377,2
31.3755565084698,79.3694501244799,2
31.3755565084708,79.3694501244516,2
31.3755565084728,79.3694501244546,2
31.3755565084663,79.3694501245089,2
31.3755565084771,79.3694501244818,2
31.3755565084691,79.3694501244608,2
31.3755565084709,79.369450124472,2
31.3755565084713,79.3694501244808,2
31.375556508471,79.369450124493,2
31.3755565084622,79.3694501244754,2
31.3755565084666,79.3694501244843,2
31.3755565084709,79.3694501244805,2
31.3755565084691,79.3694501244766,2
31.3755565084709,79.3694501244606,2
31.3755565084653,79.369450124529,2
31.3755565084668,79.3694501244691,2
31.375556508473,79.3694501244655,2
31.3755565084726,79.3694501245097,2
31.3755565084704,79.3694501244975,2
31.3755565084685,79.3694501245056,2
31.3755565084649,79.369450124477,2
31.3755565084686,79.369450124487,2
31.3755565084683,79.3694501244418,2
31.3755565084713,79.3694501245026,2
31.3755565084674,79.3694501245829,2
31.375556508471,79.3694501244317,2
31.3755565084708,79.3694501244843,2
31.3755565084693,79.3694501244755,2
31.375556508471,79.3694501244705,2
31.3755565084692,79.3694501244939,2
31.3755565084697,79.3694501245147,2
31.3755565084643,79.3694501244845,2
31.3755565084675,79.3694501244198,2
31.3755565084664,79.369450124517,2
31.3755565084711,79.3694501245383,2
31.3755565084687,79.369450124519,2
31.3755565084688,79.3694501243891,2
31.3755565084667,79.3694501243898,2
31.3755565084735,79.3694501245811,2
31.3755565084588,79.3694501244903,2
31.3755565084691,79.3694501245018,2
31.3755565084683,79.3694501244944,2
31.3755565084672,79.3694501244954,2
31.3755565084699,79.3694501245265,2
31.3755565084678,79.3694501244526,2
31.3755565084695,79.3694501244755,2
31.3755565084785,79.3694501244728,2
31.3755565084779,79.3694501244766,2
31.3755565084666,79.3694501244997,2
31.3755565084716,79.3694501245574,2
31.3755565084689,79.3694501244955,2
31.3755565084668,79.3694501244918,2
31.3755565084703,79.3694501245262,2
31.3755565084681,79.3694501245818,2
31.3755565084662,79.3694501245454,2
31.3755565084722,79.3694501245143,2
31.3755565084695,79.3694501245924,2
31.3755565084678,79.3694501244886,2
31.3755565084738,79.3694501244743,2
31.3755565084691,79.3694501244649,2
31.3755565084649,79.3694501245245,2
31.3755565084676,79.3694501245413,2
31.3755565084709,79.3694501245915,2
31.3755565084662,79.3694501245144,2
31.375556508469,79.3694501244992,2
31.3755565084689,79.3694501244804,2
31.3755565084651,79.3694501244655,2
31.3755565084672,79.369450124561,2
31.3755565084735,79.3694501245731,2
31.3755565084577,79.3694501245,2
31.3755565084736,79.3694501244804,2
31.37555650847,79.3694501245632,2
31.3755565084771,79.3694501245542,2
31.3755565084696,79.3694501245794,2
31.3755565084718,79.3694501244695,2
31.375556508478,79.3694501246003,2
31.3755565084774,79.3694501244492,2
31.3755565084733,79.3694501244789,2
31.3755565084674,79.3694501246066,2
31.3755565084695,79.3694501247392,2
31.3755565084693,79.3694501245,2
31.375556508468,79.3694501244896,2
31.3755565084697,79.3694501244934,2
31.3755565084682,79.369450124505,2
31.3755565084696,79.3694501244584,2
31.3755565084713,79.3694501245249,2
31.3755565084786,79.3694501245401,2
31.3755565084725,79.3694501245392,2
31.375556508469,79.3694501244152,2
31.3755565084672,79.3694501244964,2
31.3755565084669,79.3694501245498,2
31.3755565084666,79.3694501246482,2
31.3755565084667,79.3694501245331,2
31.3755565084697,79.3694501245385,2
31.3755565084748,79.3694501245867,2
31.3755565084747,79.3694501246278,2
31.3755565084751,79.3694501245514,2
31.3755565084723,79.3694501245445,2
31.3755565084716,79.3694501244594,2
31.3755565084744,79.3694501245109,2
31.3755565084698,79.3694501245402,2
31.3755565084728,79.3694501244717,2
31.3755565084657,79.3694501245063,2
31.3755565084709,79.3694501244651,2
