TIME_SAMPLE,MINACCX,MINACCY,MINACCZ,MAXACCX,MAXACCY,MAXACCZ,MEDIANACCX,MEDIANACCY,MEDIANACCZ,MEANACCX,MEANACCY,MEANACCZ,ARMEMANX,ARMMEANY,ARMMEANZ,RMSX,RMSY,RMSZ,VARX,VARY,VARZ,STDX,STDY,STDZ,KURTX,KURTY,KURTZ,SKEWX,SKEWY,SKEWZ,MODEX,MODEY,MODEZ,TRIMX,TRIMY,TRIMZ,ENTROPYX,ENTROPYY,ENTROPYZ,RANGEX,RANGEY,RANGEZ,SMV,SMA,EVA,AAE,FIX,SLFX,FIY,SLFY,FIZ,SLFZ,FREEZE
670000,-38,1000,0,9,1047,58,-9,1019,29,-11.28,1018.725,26.235,0,1018.64952434384,0,14.3680200445294,1018.76272752786,28.7773348314259,79.5995979899498,77.2556532663317,140.562587939699,8.92186067981056,8.78951951282501,11.8559094100663,3.01606112802052,3.1225242596858,2.90927412298646,-0.21421186616972,-0.0113761069975148,-0.177500964903425,-9,1019,29,-11.0722222222222,1018.75555555556,26.3222222222222,0.92481870497303,0.92481870497303,0.92481870497303,47,47,58,611.539922714887,620.208,155.682945781591,623347.242,0,194.090080444167,0,123.762839881016,0,269.268330445484,1
673125,-97,990,-29,38,1057,77,-19,1019,9,-25.93,1017.48,14.93,0,1017.372022927,0,36.7873619603254,1017.53404365653,23.8403020115098,684.366934673366,110.532261306533,347.191055276382,26.1604077696309,10.513432422693,18.6330634968161,2.91295781060293,3.65980316736127,3.5431265327708,-0.26862131174267,0.128656837613275,0.579789237901705,-19,1019,19,-25.5833333333333,1017.32222222222,14.1611111111111,0.974717004180245,0.974717004180245,0.974717004180245,135,67,106,611.053541240649,603.888,780.777015048269,622378.32,0,2847.42678578688,0,223.432370136612,0,1050.07272877496,1
676250,-87,990,-29,19,1047,58,-19,1019,9,-24.47,1017.625,7.31,0,1017.53633813865,0,30.9766040746884,1017.66924145323,16.8923059408714,362.582010050251,90.4968592964824,233.079296482412,19.0415863322952,9.51298372207597,15.2669347441591,2.94923242198131,3.93118132292746,3.26908997618357,-0.731706674660514,-0.187141431608614,0.527084125402909,-19,1019,0,-23.6555555555556,1017.76111111111,6.94444444444444,0.999799616411146,0.999799616411146,0.999799616411146,106,57,87,610.941501547337,600.279,395.487191606887,622137.351,0,1236.46885780807,0,197.805171843308,0,632.985941525119,1
679375,-106,990,-38,-19,1047,38,-58,1019,-9,-60.835,1016.895,-4.13,-55.9366568686379,1016.79488869309,0,62.9882131831028,1016.94506980466,14.5134420452214,267.95756281407,102.345703517588,194.555879396985,16.3694093605747,10.1166053356641,13.9483289105536,3.55303927852142,3.24052502165544,3.0791816347021,-0.417502192309734,0.0531257109643773,0.350860972422785,-58,1019,-9,-60.4111111111111,1016.78333333333,-4.31111111111111,0.980669560514527,0.980669560514527,0.980669560514527,87,57,76,611.366624103226,571.158,284.837330382732,623013.257999999,0,1028.34666675298,0,241.301418492217,0,468.532256621168,1
682500,-106,990,-38,-29,1047,58,-58,1019,0,-62.825,1016.8,-2.83,-59.5682977810816,1016.69521174373,0,64.4258876539548,1016.85244258939,14.1343553089626,204.738065326633,107.185929648241,192.734773869347,14.3086709839395,10.3530637807483,13.8828950103841,3.27192000912484,3.30203587981508,4.17140546826149,-0.454586923494173,0.11675968769116,0.408510940184636,-58,1019,-9,-62.3611111111111,1016.62777777778,-3.03333333333333,0.98581503717892,0.98581503717892,0.98581503717892,77,57,96,611.361418877673,570.687,233.140505930523,623003.619000001,0,805.602232940531,0,209.643482554604,0,464.485452984784,1
685625,-116,971,-38,-9,1047,38,-67,1019,0,-65.525,1016.845,-3.515,-56.3777248066584,1016.71740276493,0,68.6629812926878,1016.90866600693,14.6702079058206,423.195351758795,130.131633165829,203.879170854271,20.5717124167823,11.4075252866618,14.2786263644046,2.81735449082148,3.97774366553091,3.06342445799691,0.186191018099462,-0.149496789015249,0.0992174934718583,-67,1019,-9,-65.5666666666667,1016.83888888889,-3.68333333333333,0.985129150595712,0.985129150595712,0.985129150595712,107,76,76,611.558871029452,568.683,430.79767231581,623419.833,0,1811.79303003322,0,324.831363159006,0,583.221155380827,1
688750,-106,980,-29,-29,1057,29,-67,1019,0,-63.815,1017.12,-3.175,-58.9011039949773,1017.00117075311,0,66.0665951900051,1017.17915826073,12.9060063536324,293.910326633166,120.950351758794,157.270728643216,17.1438130715768,10.9977430302219,12.5407626818793,2.39306092094529,4.93415197559044,2.76838835921653,-0.164122354765035,-0.356150647685442,-0.0505002677984988,-67,1019,-9,-63.6555555555556,1017.25555555556,-3.13888888888889,0.98648457331578,0.98648457331578,0.98648457331578,77,77,58,611.605689460525,570.078,308.045111306932,623510.88,0,1116.66142966475,0,235.314726275953,0,391.797192045248,1
691875,-126,980,-58,-19,1057,38,-67,1019,0,-63.9,1016.075,-3.835,-55.3042593749644,1015.96305085923,0,67.3117374608619,1016.13106684128,13.5567326447046,449.909547738693,114.511934673367,169.927412060301,21.2110713482062,10.7010249356483,13.0356208927807,3.33536015450533,4.05390013725826,4.06196301694071,-0.225410014120964,0.191066553198675,-0.153040901367353,-67,1019,0,-63.3888888888889,1015.93333333333,-3.87777777777778,0.982221778425353,0.982221778425353,0.982221778425353,107,77,96,611.03273394322,569.004,492.485915445177,622342.2,0,1924.59938268714,0,242.892277372355,0,437.698251984756,1
695000,-97,971,-29,-19,1057,38,-58,1019,0,-58.665,1017.5,0.255,-56.0773223830328,1017.38658285646,0,59.7077465660864,1017.55651931477,12.12002475245,124.053040201005,115.597989949749,147.567814070352,11.1379100463689,10.751650568622,12.147749341765,4.03921410427411,5.09824525765722,3.10422407776798,0.294257377877395,-0.271154366032833,0.0192691656471805,-58,1019,0,-58.8833333333333,1017.5,0.177777777777778,0.993707106604508,0.993707106604508,0.993707106604508,78,86,67,611.593251540983,575.454,156.678493465831,623479.908,0,361.515094768182,0,255.878488521098,0,252.361532604046,1
698125,-621,533,-330,388,1771,456,-48,1019,0,-44.035,1006.79,10.185,0,961.890304514092,0,147.352689150894,1028.37877749397,109.043362934202,19873.0992713568,44157.5938693467,11845.9505276382,140.971980447736,210.137083517752,108.839103853524,6.15711898063617,3.61783619893242,5.03673054856378,-0.693302546858183,0.353334241751725,0.145004312438557,-58,1019,-9,-38.8444444444444,1002.20555555556,10.3888888888889,0.968967292510196,0.968967292510196,0.968967292510196,1009,1238,786,613.04242331399,583.764,45299.4700209717,654699.707999999,0.759780413101245,91256.4119354567,0.215130180023333,199589.146331665,0.510019313247958,40286.32070265,1
701250,-970,390,-572,407,2123,650,-9,1000,9,-30.685,1019.485,15.795,0,874.336001182606,0,202.411128646624,1086.59378104239,161.077233028135,40229.845,142046.612839196,25825.5205778895,200.57378941427,376.890717369367,160.703206495357,7.43115511749775,2.1793497170165,5.65856058448781,-1.48349653609098,0.250215632103226,0.470769900140927,-19,838,-48,-15.7444444444444,1008.63888888889,13.0277777777778,0.934068055375491,0.934068055375491,0.934068055375491,1377,1733,1222,627.95977981895,602.757,143216.257279857,748561.311,1.15994070609676,175992.119375334,0.275443637343307,629167.453598736,1.39366979445712,79146.5018621982,1
704375,-834,409,-621,368,1990,631,-33.5,999.5,0,-55.96,1023.635,2.505,0,897.713930028647,0,210.99578194836,1083.01677041494,162.529151231402,41595.6767839196,125725.338467337,26542.1607788945,203.950182112985,354.577690312485,162.917650298838,4.92844924901267,2.30888815360623,5.35492149869528,-0.969097647458278,0.315367288360507,0.132487233051069,0,800,38,-44.8166666666667,1013.03333333333,1.28333333333333,0.960362270315478,0.960362270315478,0.960362270315478,1202,1581,1252,631.364986987495,582.108,134657.985650509,746316.162,0.567391128236075,184007.408732779,0.21269197072902,557689.639491193,0.972153192448434,86873.2243173582,1
707500,-757,438,-359,446,1942,485,-24,990,67,-62.25,1028.55,51.63,0,945.775305468995,0,231.059234829513,1068.06319101446,156.123028410289,49762.1180904523,83260.1783919598,21817.8322613065,223.074243449243,288.548398699351,147.708605914843,3.28491203868172,2.81460965319954,2.94308426653477,-0.724583077259516,0.383301727359776,-0.186973479822997,-9,857,106,-52.3888888888889,1022.73888888889,52.7888888888889,0.891240201191303,0.891240201191303,0.891240201191303,1203,1504,844,637.981634677352,610.758,86776.853728901,731113.05,0.598614475199929,222934.461972404,0.353108837915979,376441.937179749,0.678888644560319,69515.2805958966,1
710625,-922,314,-543,427,2171,883,-38,1028.5,-9,-62.5,1006.385,-6.425,0,812.266249099418,0,235.845139869364,1089.68387847118,192.787849720878,51976.5628140703,175477.574648241,37312.436557789,227.98368979835,418.90043524475,193.164273502604,4.96195888448003,2.25201537696862,5.62456242514381,-0.917610460597929,0.195516571766731,0.623011624131127,-77,1038,-19,-50.8944444444444,996.094444444444,-10.9611111111111,0.968967292510196,0.968967292510196,0.968967292510196,1349,1857,1426,626.210462999957,562.476,179323.837655616,768120.624000001,1.23885700988174,230698.291083981,0.191541293533311,802681.147213726,1.38032400819232,103469.656938786,1
713750,-990,295,-592,407,1971,718,-4.5,961,29,-29.655,1020.49,27.89,0,866.830115515652,0,222.913963223482,1092.15036510546,182.971391206385,49056.4984673366,152153.346633166,32865.0029145729,221.487016475767,390.068387123548,181.287073214206,5.96515344801322,2.32525732353419,5.31943527541675,-1.19288571084321,0.372418804176248,-0.00562106359474962,116,704,29,-14.8833333333333,1007.51666666667,30.1722222222222,0.89886103704429,0.89886103704429,0.89886103704429,1397,1676,1310,632.562020941101,611.235,157271.95868362,765576.951000001,0.675946051427971,209115.608767202,0.231338137230405,679679.882346912,1.15910764129511,85237.2926348423,1
716875,-796,323,-514,378,1952,660,-48,1009,43,-91.73,1025.935,49.155,0,918.285955737393,0,239.918090189131,1072.45124131589,165.69627334373,49393.2634170854,98099.5384673366,25164.8653015076,222.245952532516,313.208458486256,158.634376165784,3.69245802048626,3.0637704867826,4.60419704478668,-0.798278665788893,0.277548379470283,0.110377851588339,29,876,19,-79.9611111111111,1022.21111111111,48.0222222222222,0.914926372779727,0.914926372779727,0.914926372779727,1174,1629,1174,637.087886721427,590.016,102693.533983637,741100.566,0.618686338756256,215100.387922957,0.337346040305666,439660.977237496,0.591330041203082,83570.2250524256,1
720000,-757,361,-456,398,1923,805,-48,952,0,-44.86,1004.85,6.815,0,847.151691014695,0,207.417405248451,1077.46285318799,186.110974958491,41215.6385929649,151962.489949749,34764.6741457286,203.016350555725,389.823665199727,186.452873793162,5.0509240372178,2.09762396911167,5.40977269085029,-0.818894479003619,0.276151608268799,0.611517455472473,-67,742,48,-34.1388888888889,994.072222222222,2.77222222222222,0.96371556299937,0.96371556299937,0.96371556299937,1155,1562,1261,622.348169923558,580.083,154377.536729434,743151.285,0.975491802142138,184218.796412605,0.265074817142622,677237.964636807,1.16070112511899,102670.392986945,1
723125,-815,419,-533,388,2095,650,-19,980,24,-31.32,1011.275,23.325,0,891.986606052859,0,190.806656068388,1067.56448282996,168.104773876294,35604.2588944723,117604.823492462,27854.4315326633,188.690908351389,342.93559671236,166.896469503292,4.05783669483451,2.63438313276188,5.54491744156178,-0.54720766134131,0.380541269921826,-0.438149953143519,-9,761,19,-26.3888888888889,1000.82222222222,29.3111111111111,0.913214477279753,0.913214477279753,0.913214477279753,1203,1676,1183,623.729605786306,601.968,121430.170050125,722616.192000001,0.567902023707085,153342.34326847,0.249522083132297,520478.835429085,0.690602709758004,90167.8456296665,1
726250,-631,428,-495,359,1961,718,-58,1019,38,-97.81,1030.995,26.645,0,941.292220371021,0,215.244326289916,1072.10578069517,143.47133860113,36948.0642211055,86894.5879145729,19973.9386683417,192.218792580501,294.778879695566,141.329185479651,2.67131987737148,3.21765559619395,6.92375256271432,-0.342731363142449,0.354840359307746,-0.0742188916492318,-58,1142,-29,-95.4055555555556,1024.38333333333,28.8,0.941291028227705,0.941291028227705,0.941291028227705,990,1533,1213,636.048992453294,575.898,89488.6027590478,729794.97,0.413945374845042,158084.22756831,0.33386290665757,390917.635177681,0.688552740076434,70849.7224572494,1
729375,-766,333,-407,524,2038,699,-48,1000,-9,-46.28,1022.17,3.46,0,864.664955054218,0,195.974360567907,1095.1774650713,164.58241096788,36446.3433165829,155358.965929648,27211.455678392,190.909254140764,394.156017243995,164.958951495189,4.86850247769943,2.14249617432392,6.09478251373552,-0.439070633621741,0.280049181262194,1.00678177847832,-48,761,-58,-41.1222222222222,1010.03333333333,-2.78888888888889,0.976500468757824,0.976500468757824,0.976500468757824,1290,1705,1106,629.951775894003,587.61,156993.437136633,758944.2,0.850337200861245,158689.469833621,0.258140579531534,712785.073338155,1.21365803931168,79891.1564496576,1
732500,-728,352,-563,378,2009,757,-9,1000,29,-31.115,1014.29,22.955,0,876.982007043189,0,201.884558597234,1078.64282318106,176.132435967939,39989.1776633166,135362.950653266,30648.9477135678,199.972942327997,367.917043167704,175.068408668063,3.73339808134312,2.44260914723594,7.05645448425055,-0.652224162920162,0.369753789657498,0.128690086716657,67,1133,-29,-22.1777777777778,1002.16666666667,25.5055555555556,0.909736122531166,0.909736122531166,0.909736122531166,1106,1657,1320,627.130643384027,603.678,141078.966643868,741150.21,0.520518121981588,172535.51494342,0.249113802288456,589959.474844476,0.79956393326879,79644.5546422021,1
735625,-883,371,-485,349,2000,524,-29,1023.5,19,-75.175,1020.935,30.46,0,919.22359921092,0,233.194371715957,1066.07640204631,163.304623327082,48973.2003768845,94684.0409798995,25869.9380904523,221.298893754317,307.707720052487,160.841344468555,4.18878750295312,3.10463605475785,3.85036249045377,-1.09231403643656,0.316656673170276,0.394308777729383,-38,876,38,-61.2,1016.10555555556,26.6722222222222,0.931055823385033,0.931055823385033,0.931055823385033,1232,1629,1009,633.718167176188,585.732,98884.7305994978,730540.146000001,0.486570287933329,216283.354674317,0.322003991567421,426003.242628851,0.671358670083774,93800.4278553007,1
738750,-708,371,-553,504,2019,737,-53,1028,0,-51.52,1016.865,3.47,0,855.65875567311,0,206.345559680842,1091.56699061487,172.918275494524,40124.8036180905,158295.544497488,30038.8835175879,200.311766050051,397.863726038813,173.317291455838,4.40231154437271,2.08075419205945,5.94033277641663,-0.374275247922118,0.25380111928111,0.755197760887758,48,771,-38,-45.2666666666667,1005.33888888889,-2.07222222222222,0.962614705998252,0.962614705998252,0.962614705998252,1212,1648,1290,628.32301797091,581.289,160222.58663699,758398.629000001,0.88018945202245,177914.578099124,0.219658442283967,723473.378297173,1.0507550739025,86758.2094314336,1
741875,-718,409,-446,436,1971,572,-9,990,19,-42.08,1006.085,18.785,0,886.55535204706,0,214.780515876091,1061.01985136943,161.813148415078,44582.8578894473,114126.731432161,25960.420879397,211.146531795924,337.826481247638,161.122378580373,3.03807968460288,2.28290069680203,4.02019619891841,-0.59040139495878,0.234104129397634,-0.109171115655469,87,838,58,-34.9944444444444,998.877777777778,20.5444444444444,0.902559802782542,0.902559802782542,0.902559802782542,1154,1562,1018,622.287678263826,589.674,121117.22646236,718846.374,0.320895406308513,200402.916236729,0.17038065045109,528307.367302442,0.555016589423114,82337.1385002883,1
745000,-825,400,-533,330,1895,660,-29,1019,24,-81.225,1034.175,30.61,0,926.302959589727,0,227.935615909405,1082.07389997172,161.120793195664,45585.0697236181,101875.371231156,25148.6813065327,213.506603466071,319.179214910927,158.583357596353,3.92309615711586,2.57677882809938,4.68548039645724,-0.922792683048901,0.198569105329432,0.258577175608674,0,1057,-67,-71.4333333333333,1028.92777777778,29.8555555555556,0.948078243593905,0.948078243593905,0.948078243593905,1155,1495,1193,640.498720944186,590.136,108093.320005637,749279.088,0.329838728111285,199610.171032585,0.280837702362621,445100.074382941,0.517044095774912,83627.2375156325,1
748125,-766,361,-524,417,2180,805,-48,1019,0,-51.27,1016.62,8.7,0,845.623581264631,0,208.955090868828,1094.99297258019,176.684266418943,41239.8161809045,166325.010653266,31298.1306532664,203.075887738807,407.829634349033,176.912776964431,4.83072978439096,2.31012695299908,6.36313370251542,-0.732990280435742,0.296660295001046,0.796267578229398,-29,561,-29,-42.0166666666667,1002.00555555556,5.02777777777778,0.969967304139768,0.969967304139768,0.969967304139768,1183,1819,1329,628.902041028018,584.43,168150.31614407,764333.501999999,0.712219042962343,178455.592794212,0.291171750214214,758961.697872193,1.19975487776826,95401.8873583822,1
751250,-553,314,-543,388,2114,572,-14,1000,29,-37.145,1000.31,28.655,0,871.417090543817,0,204.725584624883,1058.71138182226,172.617916219609,40736.4964572864,120853.963718593,29121.4431909548,201.832842860835,347.640566848279,170.650060623941,3.00312520484053,2.77806529570894,4.29001771203332,-0.512324825531892,0.344213082693807,0.197142917245196,-155,819,29,-30.4333333333333,991.555555555556,26.8444444444444,0.900719679862359,0.900719679862359,0.900719679862359,941,1800,1115,619.515849794602,595.092,124801.043369363,715547.579999999,0.477418746129152,180675.328198385,0.210798469273809,552074.546461358,0.783462998629397,104686.913900995,1
754375,-718,428,-417,330,1866,679,-38,1014,38,-70.03,1035.865,25.355,0,943.363610264004,0,210.996350679342,1078.37814100621,157.425331506718,39814.3307537689,90334.7907286432,24261.164798995,199.535286988966,300.55746659939,155.759958907914,3.84179177260558,2.76223660654693,4.85868804076912,-0.926824278340737,0.296473857964157,0.228281315392774,-38,847,19,-59.0888888888889,1029.7,24.35,0.914926372779727,0.914926372779727,0.914926372779727,1048,1438,1096,639.07685494895,594.714,94840.7463560426,739320.966,0.524939954986212,169763.774456026,0.295450491399177,393083.055852663,0.840161704236852,83924.8836911528,1
757500,-718,400,-640,495,2057,796,-58,1019,0,-47.82,1019.53,10.105,0,866.067240741513,0,197.420085097743,1092.5511338148,185.784700661814,36872.2990954774,155001.566934673,34586.7778643216,192.021611011567,393.702383704586,185.97520766038,4.33378634036638,2.22498631782383,7.28625984890535,-0.521523395494087,0.342534572192237,0.664375253596377,-135,609,19,-40.8888888888889,1005.08333333333,5.67222222222222,0.9556537346562,0.9556537346562,0.9556537346562,1213,1657,1436,630.12263589167,589.089,156991.133211015,760295.175000001,0.672149477983118,158659.032443595,0.28159082257586,699665.07684137,1.14727432977232,92773.6230565519,1
760625,-524,438,-514,339,1809,844,0,1019,29,-27.445,1008.805,18.18,0,896.128886787013,0,180.818679897847,1060.65572878291,164.873133044775,32102.6803768844,107842.258266332,26987.5754773869,179.172208717994,328.393450401088,164.278956282863,3.06659147689472,2.14523051457747,6.6652299601932,-0.599464640907822,0.179923061121364,0.12951781725035,77,847,19,-20.5555555555556,1002.48888888889,19.8222222222222,0.883318688359067,0.883318688359067,0.883318688359067,863,1371,1358,621.038696439228,599.724,112972.347489511,710921.472,0.34181668932764,139346.505876194,0.16879743126484,495049.89437223,0.65922659574503,86884.7096036372,1
763750,-864,361,-553,485,2028,524,-48,999.5,24,-97.765,1030.62,25.51,0,917.581137281266,0,264.392596341123,1080.76662143129,166.148096588556,60648.693241206,106410.96040201,27089.8792964824,246.269554028114,326.206928807483,164.590034013249,3.58982858614869,2.84730771997812,3.97671578006108,-0.808151302051303,0.293564954339889,-0.0992284984536406,-48,800,-29,-86.6666666666667,1024.38333333333,25.65,0.939881438037007,0.939881438037007,0.939881438037007,1349,1667,1077,642.894373732822,575.019,112995.748900798,759339.074999998,0.775481728302384,268004.585627407,0.203858442366828,466352.552504623,0.813854910443418,92537.0048251028,1
766875,-679,342,-485,485,2142,796,-67,1038,-19,-54.825,1022.2,-6.005,0,843.188355132303,0,218.113170166315,1102.29287396771,180.098625758222,44791.5320351759,171011.798994975,32562.2663065327,211.64010025318,413.535728801001,180.450176798286,4.04978120409076,2.16133384747376,6.02358302669398,-0.378295839022572,0.226253606968606,0.866501974949075,-77,580,-29,-49.2722222222222,1012.02222222222,-12.1111111111111,0.982973228491819,0.982973228491819,0.982973228491819,1164,1800,1281,632.799575745383,576.822,172918.648422808,777035.07,0.750342991194092,199973.84876712,0.256378935593063,771724.202441908,1.38510692141657,94649.7122386961,1
770000,-893,428,-786,359,1866,883,0,1009,19,-45.475,1009.82,17.835,0,884.421548068019,0,218.701291720008,1067.03832639695,179.604078461487,45992.2405778894,119431.515175879,32100.0379648241,214.458015886302,345.588650241699,179.16483462115,3.71932579705025,2.129157446717,7.69600622528989,-0.746330646623028,0.17810840105191,-0.193972611456883,19,685,9,-35.2611111111111,1002.02777777778,22.7944444444444,0.89886103704429,0.89886103704429,0.89886103704429,1252,1438,1669,626.644201429674,589.308,128830.79944403,731195.202,0.368181879384128,200827.987892972,0.167106068926474,543415.920263548,0.671910195391282,95476.0245387345,1
773125,-737,380,-524,271,2000,524,-29,1004.5,29,-75.21,1030.66,22.915,0,941.083741015906,0,229.916115137674,1071.65251830992,152.633335153236,47442.0863316583,86612.1451256282,22886.269120603,217.81204358726,294.299414076257,151.282084598947,3.13553412221782,2.99018527460597,4.40752884125423,-0.922447704908276,0.328670413216202,-0.17342888396629,38,1019,29,-62.7,1025.39444444444,24.5444444444444,0.91829583405449,0.91829583405449,0.91829583405449,1008,1620,1048,637.954547808042,587.019,92247.8975009446,734758.485000001,0.466468348413049,210983.390777148,0.33143710254538,380949.198337448,0.732141055035022,76533.589290344,1
776250,-728,371,-504,398,2142,601,-67,971,0,-51.685,1017.325,7.53,0,862.201640028995,0,196.636937018455,1091.46536133768,176.470932450645,36175.6238944723,157132.140075377,31241.4965829145,190.198906133743,396.398965784949,176.752642364731,3.81909300963367,2.41034777729063,4.79758640672624,-0.29952170978632,0.404003151869237,0.261198533066215,-97,1428,-29,-47.3888888888889,1002.2,6.05555555555556,0.969967304139768,0.969967304139768,0.969967304139768,1126,1771,1105,628.192487629301,583.902,160412.586532484,756662.825999999,0.674110006117945,158032.841157278,0.286952697226722,693327.961939962,1.03612279458489,98395.0539385841,1
779375,-582,438,-485,475,1800,660,-29,1057,0,-52.33,1009.875,-4.845,0,890.372726594348,0,206.494673054779,1063.43185254157,166.845092825651,40102.131758794,111597.778266332,27953.5788693467,200.255166621972,334.062536460363,167.193238108922,3.04056927121263,1.83238737788821,5.68700793641968,-0.465609498923104,0.0233719440665076,0.432857415402056,-48,1057,-29,-44.6611111111111,1005.52222222222,-8.50555555555556,0.94405795663303,0.94405795663303,0.94405795663303,1057,1362,1145,623.69970252707,571.62,120030.301730275,720818.784,0.550040620372696,179512.815883958,0.161947182889354,516203.737652493,0.838599215797151,89931.7546652323,1
782500,-951,361,-427,485,2095,631,-58,1009,38,-101.125,1014.64,55.285,0,911.967325491591,0,258.590380718232,1060.59903827978,185.266470252985,56927.3561557789,95855.2667336684,31424.3555527638,238.594543432533,309.605017294081,177.269161313421,4.87831841207874,3.16971674349183,4.35049147798918,-0.959923729135575,0.324131443530262,0.499856036879149,-48,828,19,-88.5166666666667,1009.23333333333,50.6444444444444,0.927972814719956,0.927972814719956,0.927972814719956,1436,1734,1058,635.323907783138,581.28,99987.8891087773,735637.782000001,0.457097376917106,254131.129687319,0.332776605450789,432979.460625392,0.34287763531678,120286.172216628,1
785625,-815,323,-621,485,2180,621,-87,1028,-19,-80.39,1021.03,-13.19,0,837.597045473799,0,227.910574568185,1104.09278595596,173.192638411683,45709.2240201005,177405.647336683,29971.571758794,213.797156248862,421.195497764023,173.12299604268,4.30875287023744,2.52619891177586,5.06140270235467,-0.558510506580283,0.370346190598938,0.152405116125193,-106,561,19,-73.4555555555555,1005.59444444444,-13.3055555555556,0.982221778425353,0.982221778425353,0.982221778425353,1300,1857,1242,632.512604778033,556.47,180116.543871198,780575.879999999,0.897544444462002,195752.707147441,0.223060145893837,802350.004132476,1.49354576269536,90897.1921085161,1
788750,-728,447,-572,417,2038,611,-29,1047,4.5,-40.125,1033.14,3.92,0,911.571289849802,0,206.915816215194,1090.98421161812,169.707130080029,41411.1953517588,123485.718994975,28929.7925628141,203.497408710182,351.405348557723,170.087602613518,3.56892615234564,2.42292670918723,4.78554280066263,-0.609511640968156,0.317077341915467,-0.0687137735346639,-203,733,-58,-31.5888888888889,1020.21666666667,5.27222222222222,0.938454382602564,0.938454382602564,0.938454382602564,1145,1591,1183,637.766032176783,598.161,131093.14690285,757116.729000001,0.411828486957903,181050.427608746,0.179231607913383,559757.493576618,0.73498311073405,92217.0793213685,1
791875,-708,419,-456,339,1933,378,-58,995,29,-81.88,1008.6,30.04,0,927.767948607458,0,212.858497598757,1045.55576130592,148.758495555716,38798.3975879397,76294.3618090452,21333.3551758794,196.973088486574,276.214340339247,146.05942344087,3.2810198676151,3.04682188641989,3.4071013953685,-0.558297524101635,0.277775972422238,0.0617915529112769,-58,723,97,-74.8611111111111,1004.84444444444,28.5833333333333,0.950672092687066,0.950672092687066,0.950672092687066,1047,1514,834,623.674066584787,574.056,79986.209588482,696374.808,0.304424633949212,175188.969687663,0.402238577151992,346941.404630149,0.340687354858235,79609.7515412355,1
795000,-669,352,-660,407,2133,980,-92,990,-14,-86.385,1011.515,-13.4,0,859.012829995996,0,212.919010424152,1084.06729726526,199.0988196851,38062.4490201005,152803.326407035,39659.0753768844,195.095999497941,390.90066053543,199.145864573896,3.78569531595918,2.47873110169676,8.70661086614524,-0.482359940699805,0.406923603740793,0.936988850642311,-116,695,-48,-80.7111111111111,997.766666666667,-18.1722222222222,0.98581503717892,0.98581503717892,0.98581503717892,1076,1781,1640,628.169788204031,547.038,161292.750700426,756106.05,1.01601770889717,158987.640971582,0.225440600008693,669750.979930868,0.99408365373536,98571.0186785123,1
798125,-514,476,-660,427,1942,621,-29,1042.5,0,-47.57,1031.63,-4.47,0,916.758822300607,0,178.448059670034,1084.70897018509,162.658445830519,29729.452361809,112897.581005025,26570.6423115578,172.422308190701,336.002352677813,163.005037687667,3.25910316085928,2.19132054665353,6.10074972282776,-0.403540567029223,0.176534778923994,-0.12172646028803,29,647,-48,-42.9888888888889,1022.91666666667,-2.86111111111111,0.941291028227705,0.941291028227705,0.941291028227705,941,1466,1281,633.721168451043,587.754,115840.27076082,740937.017999999,0.400965727967634,126997.292638437,0.215660017684797,517111.709777175,0.888902188510378,84259.8917311108,1
801250,-854,457,-495,368,2038,592,-58,990,38,-87.595,1023.325,32.06,0,948.322494949933,0,219.250917900017,1060.69609455301,153.598177072516,40601.0864070352,78273.5169597989,22677.9461306533,201.497112651857,279.774046258403,150.591985612294,3.55017815948831,3.91486522554077,4.17984014149492,-0.755170573321765,0.65670852086161,-0.162659002531958,-58,923,-19,-79.2,1012.90555555556,34.3277777777778,0.929523186179226,0.929523186179226,0.929523186179226,1222,1581,1087,632.756362395291,580.674,82739.5010789526,718043.742,0.429917103404087,178888.533072912,0.436016323711956,346355.467274564,0.420982661306465,71975.8518672769,1
804375,-883,333,-689,485,2085,786,-77,1042.5,-29,-78.185,1020.04,-21.78,0,835.567840546716,0,219.442760190442,1101.13962784018,203.159764717328,42253.4982663317,172891.335075377,41004.544321608,205.556557342089,415.802038325183,202.495788404619,4.35565552078323,2.29118492952285,7.21859473364956,-0.464650185144226,0.232398455274915,0.513440790862314,-126,1228,-48,-72.5777777777778,1006.83333333333,-26.25,0.98581503717892,0.98581503717892,0.98581503717892,1368,1752,1475,633.932018757389,552.045,177518.536786591,781162.497,1.09899553821869,173984.978574446,0.227489466113794,778461.969888174,1.38179342076297,101661.245161719,1
807500,-660,419,-592,427,2019,844,-48,1023.5,-9,-57.345,1008.58,-4.245,0,869.851961398936,0,208.91915900654,1072.52321187003,168.259011645736,40561.5738442211,133741.129246231,28435.2512311558,201.399041319022,365.706342912221,168.627551815105,3.35059937474541,2.03496311682808,7.17053748015896,-0.386468689510749,0.196850751309337,0.325763051399266,-116,1266,-67,-51.9,1000.84444444444,-3.73888888888889,0.9658666887161,0.9658666887161,0.9658666887161,1087,1600,1436,623.550623900791,568.194,136560.455178154,733358.61,0.695205849720746,179726.869002297,0.221063743277784,610258.918681511,0.932066943864238,84573.7867329305,1
810625,-1000,466,-504,330,2561,572,-29,1000,38,-71.995,1027.985,35.51,0,951.152091797527,0,215.786503285076,1068.46749365622,146.002260256477,41588.477361809,85296.1053015076,20156.4823115578,203.93253139656,292.054969657268,141.973526798336,4.71692007439492,5.93069720596901,4.23681928186412,-1.01862861234245,0.999110062775415,-0.035947407674981,29,1028,-19,-61.7166666666667,1015.45,35.8944444444444,0.91995349136308,0.91995349136308,0.91995349136308,1330,2095,1076,634.227631065902,594.9,89702.7271133629,725701.955999999,0.41018064118276,181169.873555157,0.67276165378151,344924.579393582,0.604776049906921,65766.7196740235,1
813750,-990,476,-446,349,2238,572,-57.5,995,29,-75.915,1009.48,9.92,0,939.105850094255,0,221.655013478153,1045.75998680386,143.413946323222,43585.7867085427,74938.7734673367,20572.0136683417,208.772092743601,273.749472085951,143.429472802286,4.30139334212586,5.54594537579505,4.71136581297835,-0.751344334000819,0.983585300293736,-0.296132497496532,97,952,77,-66.6,996.088888888889,13.1111111111111,0.926404668147414,0.926404668147414,0.926404668147414,1339,1762,1018,624.049229028122,566.091,84166.7614106999,697987.473,0.68902924740217,192134.601280515,0.256199313115053,321235.895521686,0.913001061910493,67704.5373132745,1
816875,-456,676,-271,281,1600,262,-38,1019,33.5,-52.28,1021.015,26.815,0,995.698900400594,0,139.895210782929,1033.65625572528,104.024972963226,16922.0820100503,26104.1455025126,10152.9153517588,130.084903082757,161.567773712806,100.761676007095,3.78894524713839,3.30394605102712,3.10381430992506,-0.492427451695389,0.346012857447386,-0.297919254639695,-48,1057,67,-49.2055555555556,1017.27222222222,28.2388888888889,0.937009825269208,0.937009825269208,0.937009825269208,737,924,533,620.994242217888,597.33,29800.5999276889,659302.272,0.542586054680052,76881.1731726643,0.534654529937196,114001.497112002,0.53990743394668,38326.3708179168,1
820000,-320,638,-572,291,1914,378,-58,1000,9,-48.9,1020.28,23.555,0,998.552057944137,0,125.56575966401,1032.76807657867,119.175102265532,13442.7638190955,25767.4588944724,13716.4492211055,115.942933459075,160.522456044232,117.117245617823,2.86813403040974,10.0024213001648,6.0428185464,0.382707704965561,1.73352283323154,-0.0831088995235767,-48,961,9,-52.3333333333333,1010.58333333333,21.8555555555556,0.9556537346562,0.9556537346562,0.9556537346562,611,1276,950,620.693892933018,596.961,27284.9263630486,657947.618999999,0.631184403960094,58426.0577949204,0.597485871144123,95356.3862084841,0.434577544940309,51102.4542406446,1
823125,-262,914,-223,155,1133,19,-67,1009,-48,-60.235,1012.5,-50.1,0,1011.08735349916,0,103.875815279592,1013.21302794625,60.0082494328905,7197.91937185928,1451.64824120603,1096.46231155779,84.8405526376348,38.1005018497924,33.1128722939854,3.50211637568981,3.63012038695052,5.87852789190602,0.204529284168088,0.356008445070822,-0.744560410552916,-67,1009,-67,-60.8833333333333,1011.99444444444,-49.4111111111111,0.973800369438225,0.973800369438225,0.973800369438225,417,219,242,611.751734051935,541.299,7369.33322942975,624595.089,0.0886629460986234,34002.0895345865,1.23096387533686,5527.7394550422,0,3786.64914479325,1
826250,-203,914,-87,67,1104,19,-72,1019,-38,-79.21,1014.665,-37.905,0,1013.81237339296,0,96.1094688363223,1015.0796939157,43.549799081052,2977.6943718593,845.952537688443,462.106507537689,54.5682542496944,29.0852632391121,21.4966627069806,3.2014706056808,5.83538773296837,2.68604398771842,-0.301723177658934,-0.826863473457667,0.109921407389102,-58,1019,-48,-78.7333333333333,1016.17777777778,-38.1277777777778,0.942683189255492,0.942683189255492,0.942683189255492,270,190,106,612.086830144778,538.53,3046.46219257156,624912.239999999,0.0632412895385207,11223.123791528,0,3313.35069702513,0,1613.5068657531,1
829375,-300,933,-184,145,1133,29,-67,1009,-48,-69.29,1012.33,-52.06,0,1011.20303061167,0,115.934809267967,1012.90586433291,61.7526517649242,8683.19185929648,1172.12170854271,1108.68984924623,93.1836458789657,34.2362630633472,33.2969945978046,3.04556195906079,4.70725308654794,3.56000778235427,-0.142662504717809,0.762154339539948,-0.159636754815597,-48,1009,-38,-68.4666666666667,1010.64444444444,-51.9666666666667,0.976500468757824,0.976500468757824,0.976500468757824,445,200,213,612.46529540354,534.588,8840.95017022796,625939.536,0.0912976921993484,41514.5370269609,0.601798873295549,4685.33441206507,0.69722106341914,4224.90075096056,1
832500,-165,942,-77,0,1066,9,-87,1009,-38,-82.645,1012.92,-42.71,0,1012.52470028529,0,89.7950165655088,1013.11604962117,45.8705788060277,1239.14469849246,399.199597989949,281.372763819095,35.2014871630797,19.9799799296683,16.7741695418609,2.31644878729677,3.79691072232943,2.88931933027771,0.143797148941486,-0.353242877715965,0.236050672850032,-97,1019,-38,-83.0444444444445,1013.41111111111,-43.1,0.91995349136308,0.91995349136308,0.91995349136308,165,124,86,610.756682982047,532.539,1275.09495337468,621942.831000001,0.133805818964848,5494.22113926769,0,1585.75265144258,0,903.154012099129,1
835625,-126,942,-77,-38,1066,0,-87,1009,-48,-83.52,1012.695,-42.505,-78.8733034022513,1012.37095123106,0,85.4186747731431,1012.85485880258,44.9446882289776,322.371457286432,325.429120603014,214.422085427136,17.9547057142809,18.039654115393,14.6431583146238,2.84391187999679,5.26175045029028,2.70042510302947,0.37034050445666,-0.679585182803391,0.250640072069863,-87,1009,-48,-83.9666666666667,1013.32222222222,-42.7222222222222,0.91829583405449,0.91829583405449,0.91829583405449,88,124,77,610.371125930681,532.002,355.853114901857,621114.804,0,1250.55942270498,0,1200.41575280911,0,531.519870705594,1
838750,-155,914,-97,-19,1123,29,-87,1009,-48,-82.83,1012.455,-45.245,-73.1217457796305,1011.64461852581,0,86.3715809742996,1012.86093073037,49.7502261301393,602.252361809046,826.269321608039,430.125603015076,24.5408305036534,28.7449007931501,20.7394696898227,2.71425266809655,4.75943941521737,4.47970644966026,0.141341137742473,0.176015415086068,0.53643912962562,-97,1009,-48,-83.1888888888889,1012.30555555556,-45.9166666666667,0.927972814719956,0.927972814719956,0.927972814719956,136,209,126,610.413635546175,530.628,858.210426210412,621493.44,0,2501.64794174383,0,3043.46258642685,0,1170.52214268187,1
841875,-291,933,-145,155,1142,77,-77,1009,-48,-86.315,1011.53,-43.23,0,1010.55203587265,0,118.836926079397,1012.02784546671,54.2350440213705,6705.46309045225,1012.48150753769,1077.99708542713,81.8868920551528,31.8195145710567,32.8328659338038,3.68884675196727,4.55894858003434,5.01192448994982,0.118346541639595,0.680211055186608,0.519042443606709,-58,1000,-48,-87.5333333333333,1010.44444444444,-44.25,0.96371556299937,0.96371556299937,0.96371556299937,446,209,222,611.945132416524,529.191,6741.77059403462,624758.409,0.2692546720934,26982.717855575,0,3952.50626175044,0.326870209872422,4180.69128547626,1
845000,-563,447,-368,378,1761,300,-29,1009,0,-28.785,1018.045,-0.005,0,950.587041961916,0,175.27280165502,1050.15915698526,116.539371029708,30042.1897236181,66752.3949497487,13649.6733417085,173.32682920892,258.364848518038,116.831816478682,3.40622759855116,2.88556414769723,3.37201388382329,-0.432226579986587,0.313716015357105,-0.0462578771326681,-58,800,0,-23.5111111111111,1011.85555555556,0.594444444444444,0.960362270315478,0.960362270315478,0.960362270315478,941,1314,668,622.735015393118,593.553,71225.6661044227,688281.741,0.518322813999309,138493.732889791,0.247969810333892,297589.745064793,0.613309600914211,47801.761384752,1
848125,-533,476,-475,407,1914,446,-4.5,1028,-9,-33.3,1027.845,-22.15,0,938.340341930269,0,195.517237091772,1071.19761715568,143.678982457421,37304.6231155779,91456.2723366835,20254.2989949749,193.144047579981,302.417381009563,142.317599034606,2.74612911641372,2.88434818059933,3.56975028921069,-0.379172686947363,0.431227533957966,-0.194561577639475,-19,1095,-19,-30.9,1017.6,-19.9222222222222,0.945415365310838,0.945415365310838,0.945415365310838,940,1438,921,633.117260591613,583.437,96735.1438874739,723800.985000001,0.402175893574484,167218.11596915,0.299325156998766,405387.269762067,0.525949320101291,61697.8331879771,1
851250,-436,619,-456,427,1609,339,-38,1019,0,-55.13,1013.725,-16.915,0,999.569866519484,0,146.807322705647,1020.66336027115,102.822249537734,18606.1036180904,14186.2506281407,10337.9877135678,136.404192084006,119.106047823529,101.675895440207,4.52336133656344,6.93684961808754,6.54411557660277,-0.0500780739180804,0.480246320390861,-0.463379629563621,-48,1019,-9,-54.5833333333333,1011.80555555556,-15.1777777777778,0.989587521222056,0.989587521222056,0.989587521222056,863,990,795,617.442090172619,565.008,21608.2745507319,644327.1,0.555576828550567,78554.8385412835,15.5609235465585,49230.6850866075,0.700436998909325,39603.851526735,2
854375,-611,552,-475,407,2085,417,-67,1009,9,-77.86,1015.765,8.145,0,986.851708083416,0,203.344190966942,1031.10018184462,124.132852218903,35464.00040201,31546.7836934674,15419.7225879397,188.318879568699,177.614142718049,124.176175605225,3.30752838512606,10.3743591569838,4.52044670257711,-0.481276471988169,1.43046899166026,-0.303701593737508,-77,1019,19,-71.4444444444444,1008.47222222222,11.2055555555556,0.961496950823555,0.961496950823555,0.961496950823555,1018,1533,892,625.947214913231,567.63,37877.0943708615,671955.246,1.09731469172869,145915.346834746,7.11151145049871,101742.704064081,0.813147428984409,55140.230088623,2
857500,-592,533,-446,359,1752,368,-48,980,9,-45.975,1008.99,7.08,0,963.247058178823,0,159.384833029997,1032.05991105168,123.415072013105,23406.8586683417,47323.4571859297,15257.4408040201,152.993002024085,217.539553152822,123.52101361315,3.54897907072239,2.63978869584393,4.34619260509919,-0.140731065328826,0.399319269077747,-0.425137276758299,-97,771,-9,-45.2111111111111,1003.32777777778,9.58888888888889,0.956856397878812,0.956856397878812,0.956856397878812,951,1219,814,617.166685552698,582.057,50250.0657601796,663469.479,1.01166842150946,86068.1262968715,0.493135313130407,200492.304409497,1.58457272167449,50013.8233662214,1
860625,-533,619,-291,194,1571,446,-29,1004.5,29,-50.905,1033.45,23.33,0,989.353255644233,0,142.464679833284,1055.9549280154,110.147446634046,17793.8351507538,47258.1984924623,11646.4031155779,133.39353489114,217.38950869916,107.918502192988,4.12627285713778,2.16014248697276,4.35692215536801,-1.0939261193114,0.356578252421855,-0.0131181814333845,-9,780,38,-42.2722222222222,1027.10555555556,24.0888888888889,0.923214883071973,0.923214883071973,0.923214883071973,727,952,737,628.581800502715,603.525,55825.5879800696,688481.673,0.801133334357054,78913.5214008152,0.209970836102499,200704.054973511,1.12432129105351,38870.3123413453,1
863750,-689,695,-349,165,1819,563,-67,970.5,24,-65.49,1015.79,13.195,0,987.752179573807,0,138.877607986313,1031.00772548027,107.77302538205,15073.4169849246,31304.1265326633,11498.4090201005,122.773844873102,176.929722016012,107.230634709026,5.72838877012008,4.17261678771527,6.51948709373924,-1.03900194531533,0.865201217763809,0.275743943404835,-106,923,29,-58.5888888888889,1008.70555555556,13.9055555555556,0.93554772880114,0.93554772880114,0.93554772880114,854,1124,912,617.944948365598,578.097,36084.6421874877,656327.367000001,0.354972771944068,63635.2869714998,0.396749279433465,126570.03270031,0.790628569077821,39787.6688794532,1
866875,-514,714,-223,203,1657,359,-9,971,38,-35.45,1016.63,38.77,0,985.293460865407,0,128.348704707138,1033.84410333473,95.4481534656381,15293.1532663317,35474.4453266332,7645.46442211055,123.665489391065,188.34660954377,87.438346405399,4.36001378557086,3.51921376595265,3.67043781169331,-1.13854434226319,0.863087037787251,-0.277934688674464,-19,857,38,-27.3611111111111,1006.10555555556,40.7611111111111,0.866558560097376,0.866558560097376,0.866558560097376,717,943,582,616.924591230627,611.97,39482.6586598291,656650.421999999,0.518576526190637,68568.8695974184,0.423994984157491,155277.680900624,1.47176395326845,27865.984642299,1
870000,-611,676,-446,611,1790,271,-9,1000,38,-53.06,1023.22,25.03,0,999.873012506605,0,202.102968805508,1036.1311017434,129.298143838185,38221.3531658291,26722.1021105528,16172.3709547739,195.502821375624,163.468963753224,127.170637156436,3.78175366450687,6.78751236893479,4.4754489692951,-0.38917374867342,1.253215829448,-0.972111757366914,67,1000,87,-50.2277777777778,1015.16666666667,31.9555555555556,0.885327454285928,0.885327454285928,0.885327454285928,1222,1114,717,629.745093228577,597.114,39994.4000533754,678678.768000001,0.763410978782918,162561.555455067,1.43605659090929,91277.5671825701,0.562451055695876,57681.1887442987,2
873125,-757,238,-572,349,2314,417,-14,990,9,-31.795,1008.12,-6.845,0,934.281013584506,0,189.805624258081,1042.62064529722,139.850509473509,35191.2090201005,71107.4126633166,19609.3577638191,187.593200889852,266.659731986884,140.033416596965,3.97539625722754,6.37472673946379,4.17826708694789,-0.657394672205843,0.914144081682484,-0.343720785678974,19,761,19,-24.8166666666667,998.966666666667,-5.25,0.923214883071973,0.923214883071973,0.923214883071973,1106,2076,989,620.424738965348,581.688,78482.1232803503,685585.289999999,0.50497639345746,151998.072136663,0.643977356795952,315453.609922768,0.954784632650701,58356.8185414322,1
876250,-543,628,-398,475,1733,252,-38,1000,-9,-33.1,1027.48,-15.705,0,997.047034603012,0,183.837237794741,1044.29640907168,121.433294445963,32864.8442211055,35014.9141708543,14572.2592713568,181.28663552812,187.122724891592,120.715613204576,2.85481306620543,4.12836421801786,3.58281895487084,-0.0816272548586609,0.979113944912894,-0.516643356636895,-77,885,-48,-31.8166666666667,1015.2,-11.9944444444444,0.950672092687066,0.950672092687066,0.950672092687066,1018,1105,650,630.252025636501,587.205,37351.4793916665,683458.299000001,1.41790089278488,135433.939818938,1.44411242745505,143543.836367501,0.578534070574885,43805.3492472055,2
879375,-456,714,-388,271,1390,378,-67,1019,19,-46.435,1015,17.125,0,1001.03132338394,0,140.077139462512,1021.93948940238,112.566580298062,17553.1615829146,14206.351758794,12440.1702261307,132.488345083311,119.19040128632,111.535511054241,2.76973637932834,4.05021170528461,3.85710297578862,0.130962273001957,0.30773894848725,-0.368205150285033,-116,952,-9,-47.6,1012.9,20.7055555555556,0.959210636828351,0.959210636828351,0.959210636828351,727,676,766,618.503767057063,591.414,21676.3198401267,645991.895999999,0.716662191314277,77579.178457267,16.8703958628192,50082.1367515717,0.605001514721885,43122.0452190701,1
882500,-708,485,-563,349,1657,388,-38,1009,0,-36.06,1012.6,4.085,0,982.840490416802,0,178.356272667938,1026.54304342292,144.750077720186,30663.9561809045,28574.7336683417,21041.1032914573,175.111268000961,169.040627271499,145.055517962804,4.16800412002816,5.52557377087926,4.47671304827278,-0.662358177458708,0.402945178865027,-0.454327128914214,-97,1009,0,-28.5944444444444,1009.49444444444,6.59444444444444,0.950672092687066,0.950672092687066,0.950672092687066,1057,1172,951,623.385264771497,588.375,31721.7276082005,663932.499,1.06219499961165,128632.918341775,3.7677132713232,107992.31338241,0.551683544651473,64214.8523822153,1
885625,-679,628,-436,281,1809,378,-77,980,0,-85.285,1014.835,7.345,0,973.949045193796,0,200.165044400864,1037.5031638506,163.444195369551,32957.3002763819,46756.5203768845,26794.0261055276,181.541456082025,216.232560861875,163.688808736357,3.61155471095644,3.84037941680352,2.5399481189206,-0.674847908593981,0.94531504086657,-0.156781178078286,-116,1019,145,-78.15,1002.35,9.51666666666667,0.9658666887161,0.9658666887161,0.9658666887161,960,1181,814,629.705617994379,562.137,48207.3896714829,685915.719000001,1.58484186597381,131304.646967574,2.17368649804121,184463.264915077,1.12848921592129,82429.5991825306,2
888750,-737,657,-660,504,1590,456,-106,995,-9,-99.16,1017.565,-10.875,0,991.258750381284,0,244.830431115088,1030.82105382069,144.073644362874,50361.03959799,27289.9656030151,20742.6626884422,224.412654718913,165.19674816114,144.023132476843,3.15201206628113,3.0387140068033,5.6563585871582,0.37506294403432,0.385544869962936,-0.728164671050286,-58,990,9,-105.316666666667,1014.37777777778,-4.92777777777778,0.977367340552311,0.977367340552311,0.977367340552311,1241,933,1116,634.016170512429,544.518,51218.3423937229,685974.72,1.25617872629381,203179.876301354,2.1785941731179,75186.0239072783,1.1693604534568,50594.1087700159,2
891875,-427,714,-592,621,1800,300,-33.5,985,9,-23.645,1024.295,-1.54,0,992.71731505869,0,182.859549928353,1041.38619397417,130.171041326403,33043.7477135678,35482.3698241206,17027.2647236181,181.779392983825,188.367645374997,130.48856165817,3.76291259797949,3.80326182068557,5.67552612887718,0.574827371466095,0.819117509840925,-1.1532577906969,38,933,9,-29.8777777777778,1013.91111111111,6.86111111111111,0.927972814719956,0.927972814719956,0.927972814719956,1048,1086,892,628.640230024367,599.466,41874.6148854315,680920.392000001,1.22220199350461,138077.515150856,1.4705717721481,124146.793187709,1.0158018115283,57567.5486479103,2
895000,-621,514,-640,378,1733,300,4.5,990,-9,-10.045,1021.025,-18.695,0,961.622469101058,0,187.037255647104,1050.21607062547,134.698645130528,35057.3195728643,60765.572236181,17883.6401758794,187.235999671175,246.506738723673,133.729728093193,3.2234969790018,2.81457999785203,5.82420098707457,-0.433872901857824,0.379413705229981,-0.901161819008227,58,790,-9,-4.95555555555556,1014.31111111111,-13,0.942683189255492,0.942683189255492,0.942683189255492,999,1219,940,627.034532127187,595.371,68218.0919761185,693648.273,0.40490755912622,160821.272641725,0.514089634842773,262469.017920486,0.904980081638205,50670.6519931815,1
898125,-689,504,-485,436,2819,368,-19,995,-9,-28.455,1024.39,-12.705,0,946.582121517136,0,185.226199550712,1066.41535060219,138.591828763459,33667.3949497487,88308.3697487437,19141.9879145729,183.486770503349,297.167242051919,138.354573161037,3.90505892733336,8.40092134826532,4.76096741272718,-0.53568538438186,1.27963827445296,-0.61091496987792,58,733,58,-22.5444444444444,1011.61111111111,-7.80555555555556,0.949383780341964,0.949383780341964,0.949383780341964,1125,2315,853,628.531294626369,589.938,92086.6800799549,714454.884,0.609959467547486,150352.299270095,0.552724857891229,362003.684976525,0.951102602680456,52509.3470439437,1
901250,-883,580,-359,553,1904,300,0,971,38,-14.11,1016.165,14.735,0,973.980576857684,0,199.30732550511,1038.89637356187,123.142904789517,39722.9325628141,46949.1133417086,15022.1656030151,199.306127760323,216.677440777088,122.564944429535,6.61708438979564,5.00745521597771,3.92068518855788,-0.643324517371072,0.945720121187752,-0.831526985302135,38,933,38,-10.0611111111111,1005.84444444444,20.5833333333333,0.879244026760457,0.879244026760457,0.879244026760457,1436,1324,659,624.341031336056,610.074,51523.2860155896,680515.956,0.88598600754849,174394.372556628,1.35845066577333,188953.232017014,1.75102241281095,44289.2075263775,1
904375,-592,580,-582,359,1466,504,-67,1000,4.5,-88,1021.185,5.305,0,991.548725780348,0,180.915809148897,1035.51133987031,149.401522749937,25112.0904522613,29612.9957537688,22404.6954522613,158.467947712657,172.08426933851,149.681981054038,3.20799085809949,2.93612942647477,3.83968729475976,-0.424355764592286,0.190924982496762,-0.267633993929076,38,980,0,-83.5888888888889,1020.32222222222,8.26666666666667,0.967950535693639,0.967950535693639,0.967950535693639,951,886,1086,629.552851781912,563.094,31557.988806461,676401.048000001,1.05604475160693,104100.122325946,1.90292035434211,112237.079604814,0.741154997980046,74198.9822915132,2
907500,-854,580,-514,320,1447,407,-67,1033,-43,-100.595,1014.235,-16.825,0,973.897724577531,0,235.288004369114,1032.87604532199,175.181634311363,45468.4331407035,38352.0500251256,30558.3159547739,213.233283379269,195.836794359808,174.809370328864,4.65654580393137,2.45656835873106,2.60516983862343,-1.16801684966723,-0.0564846595086169,0.163425113076343,-19,1057,-29,-85.1777777777778,1014.7,-16.8722222222222,0.988999514758945,0.988999514758945,0.988999514758945,1174,867,921,635.637407413989,538.089,59651.0562936049,691729.185,1.06388145598974,190034.712069655,7.5931486276523,148783.778168007,1.53563643942707,105751.265929871,2
910625,-728,523,-514,466,1695,359,-67,1000,-19,-79.055,1015.395,-16.815,0,970.4395223956,0,216.398532804638,1036.95710856332,169.040572052984,40782.5446984925,44475.4160552764,28434.1414824121,201.946885835094,210.891953510029,168.624261250901,3.68190489108684,2.9172684165907,2.4993250521323,-0.412300895419781,0.226390333416502,-0.136900343138192,-135,933,-19,-74.45,1011.91666666667,-14.5277777777778,0.979868756651153,0.979868756651153,0.979868756651153,1194,1172,873,632.820802604277,551.715,55836.1010612078,690409.851,1.8388356726239,165446.678157581,1.96914965099982,182526.101782617,1.53762858922946,102763.937942166,2
913750,-543,571,-640,339,1790,300,-19,1000,19,-21.575,1017.95,6.275,0,975.561841086249,0,179.332135993525,1039.74833974381,132.460465800178,31853.8033919598,45079.8065326632,17594.3712311558,178.476338465243,212.320056830869,132.643775696999,2.65257241367333,4.32221889593075,5.63037493071423,-0.134595226630283,0.720191506368852,-0.825463655634928,58,885,19,-19.4388888888889,1009.66111111111,11.2833333333333,0.91995349136308,0.91995349136308,0.91995349136308,882,1219,940,624.458410300039,601.59,53321.7708115765,678469.44,0.296148409836106,143540.974197334,0.332912315361836,187730.271029175,0.68603966857178,56833.2234573743,1
916875,-407,638,-456,359,1838,368,38,990,0,11.93,1021.845,1.305,0,984.259822352281,0,165.881945973635,1041.03153410452,129.463218714815,27512.0553768844,39778.3426884422,16843.2381658291,165.86758386401,199.445086899733,129.781501631893,2.7838647513636,3.30183954589492,4.45199938543099,-0.403918066578226,0.497453664507485,0.0391032143270685,97,904,0,15.7888888888889,1017.87222222222,1.61111111111111,0.91829583405449,0.91829583405449,0.91829583405449,766,1200,824,625.944147589922,621.048,45163.8336439918,676814.520000001,0.568998599064524,125952.337607873,0.253901781919696,161700.013548403,0.649193456515402,58328.3420430534,1
920000,-757,619,-592,495,1847,436,0,980,0,-10.215,1011.37,2.885,0,964.690869225832,0,209.177854946455,1037.62467684611,125.826845307351,43870.3806783919,54066.0232160804,15903.5897236181,209.452573816585,232.521016719092,126.109435505905,4.29554846592995,4.12029020901586,6.34504656531987,-0.575720401829448,1.01146957865882,-0.66113893321866,38,1085,-9,-2.50555555555556,994.9,6.56111111111111,0.92481870497303,0.92481870497303,0.92481870497303,1252,1228,1028,622.337743092562,602.424,58788.9199099039,681751.644,0.643266089435943,197651.308419404,0.569689911309942,226261.764475568,0.829846958698546,40376.4600426241,1
923125,-708,561,-407,310,1704,378,-58,961,-29,-84.215,1013.46,-12.25,-210.924590120123,957.647545864697,0,218.691323559029,1043.72382362385,149.537720993735,40938.420879397,62571.103919598,22323.0829145729,202.332451374951,250.142167416048,149.409112555335,3.30531065984925,3.04369542297935,2.73438717087013,-0.726570137088237,0.760148231171358,-0.0790322121605108,-9,876,-58,-73.8944444444444,1002.58888888889,-10.0111111111111,0.974717004180245,0.974717004180245,0.974717004180245,1018,1143,785,630.463409393665,550.197,68345.7503170576,695728.107000001,2.6383756588516,164245.01134949,2.13510603651287,268452.166603658,1.0085833789178,66106.3383725582,2
926250,-757,561,-407,320,1542,359,-58,990,-43,-91.755,1014.97,-12.015,0,979.601895363277,0,232.489881500249,1032.90608479184,161.254782874803,45861.8743467337,36915.4563819095,25988.6882160804,214.153856716926,192.133954266052,161.210074797081,3.42335163542744,2.80072676100766,2.52795791901872,-0.688152265093131,0.438334413080514,-0.0607842995508974,-48,857,-87,-82.9166666666667,1009.86666666667,-9.08333333333333,0.978217665935425,0.978217665935425,0.978217665935425,1077,981,766,634.179107932679,546.72,55337.7690133343,688169.778,4.45241966012467,191404.827516726,1.77402091741785,144977.292341932,0.813422037328746,74732.5670314292,2
929375,-699,561,-446,436,1619,640,-48,971,-58,-94.825,1010.7,-39.385,0,964.065322093712,0,252.788953477006,1034.75169002036,201.513361839854,55186.4064070351,49443.7889447236,39252.7203768844,234.917871621201,222.359593777115,198.122993054528,2.7270309806671,2.65775720665699,2.71044437766826,-0.390326487303244,0.505646051850483,0.325641707466116,-48,752,-145,-89.7722222222222,1003.79444444444,-42.9444444444444,0.982221778425353,0.982221778425353,0.982221778425353,1135,1058,1086,638.511914135004,525.894,70244.4375765986,705132.569999999,1.78673429603552,232468.036601738,2.71507553587854,213703.180647092,1.5867609286923,133829.901755176,2
932500,-650,609,-378,436,1809,320,-53,975.5,-9,-72.48,1016.26,-8.845,0,969.955284774418,0,201.372118228915,1040.84583872925,139.895157171362,35474.7533668342,50829.8215075377,19590.372839196,188.347427290192,225.454699457647,139.965613059765,3.1952694884446,3.34776790530072,2.72573743126418,-0.407402854837624,0.697284623054931,-0.0710747232278777,87,904,-9,-67.8055555555556,1006.79444444444,-8.66111111111111,0.96371556299937,0.96371556299937,0.96371556299937,1086,1200,698,626.801976344915,560.961,53714.0369621139,686088.867,3.2232789747088,142866.034043677,0.902896408782086,194688.779970061,0.876839269762628,67620.0558432113,2
935625,-786,600,-669,330,1838,514,4.5,990,-9,-19.05,1027.375,-16.335,0,975.006072898848,0,191.913574298433,1053.37584223296,148.331234067542,36651.1733668342,54373.1400753769,21844.5455025126,191.444961717028,233.180488196111,147.799003726387,4.09238261208592,3.55520080046957,6.83734377285729,-0.827681286915575,0.493370376012677,-0.847053303744899,58,600,-9,-9.08888888888889,1020.87777777778,-10.2222222222222,0.942683189255492,0.942683189255492,0.942683189255492,1116,1238,1183,631.944425421973,595.194,64696.6971466104,701060.183999999,0.919521387189668,167673.091794785,0.392988151529187,218187.490490783,1.17629431793808,62344.8586840955,1
938750,-650,666,-291,446,1619,291,-9,990,9,-9.87,1017.895,-0.195,0,984.340517084715,0,181.433403760168,1035.57699134347,107.467413665725,32985.5910552764,36491.9336432161,11607.2431909548,181.61935760066,191.028619958414,107.736916565097,3.46158471092841,3.30167631010989,3.30063797066271,-0.235698594912892,0.657807277696005,-0.221978696987372,-29,885,9,-7.71666666666667,1009.35555555556,1.12777777777778,0.91829583405449,0.91829583405449,0.91829583405449,1096,953,582,623.107632637049,604.698,41865.5745689605,670132.218,0.684079015344721,151365.203229674,0.520172549807198,159177.747158792,1.07536954925294,38936.0931269318,1
941875,-650,514,-378,388,1733,679,-29,980,0,-71.075,1020.235,11.16,0,962.19116930952,0,222.922172517675,1049.3959095594,162.05767491853,44866.9742462312,60655.5977638192,26269.4918592965,211.81825758473,246.283571851269,162.078659481427,3.17101589056915,3.22117895231374,4.00339745522928,-0.748187781737421,0.547000816272452,0.305937599679616,-126,980,-38,-62.1944444444444,1013.16666666667,10.7222222222222,0.94405795663303,0.94405795663303,0.94405795663303,1038,1219,1057,636.496627459647,576.192,73171.985726047,706313.256,2.5911075955297,187329.227381768,2.42201791474154,232371.726148954,1.04990514739658,67940.7815609736,2
945000,-1135,561,-446,708,1561,514,-38,971,-48,-91.43,1014.33,-27.61,0,963.304453202023,0,302.768426359157,1040.19365504698,164.09436309636,83727.9146733669,53404.5136683417,26296.1285427136,289.357762421136,231.094166236064,162.160810748817,4.00873703109058,2.10217632294577,3.0554594084149,-0.730400971108978,0.348364712114975,0.216383175345503,-106,923,-126,-80.2833333333333,1009.88888888889,-28.6222222222222,0.970950594454669,0.970950594454669,0.970950594454669,1843,1000,960,643.35026646347,537.174,88868.5228552943,720359.112,4.16139149009416,359046.205785466,1.63421422502781,200538.551070298,1.20847891721114,78421.7452151493,2
948125,-776,438,-378,388,1742,572,-48,990,-48,-101.085,1008.56,-28.23,0,960.335458893238,0,254.712396635892,1031.66812008514,170.867024320083,54934.9022864322,47382.7501507538,28541.3136683417,234.381958107769,217.675791375049,168.941746375316,2.59444703780945,3.23989905265095,3.46500211001008,-0.524674645292125,0.35043539882579,0.674748618851308,87,800,-67,-94.3555555555556,1004.62777777778,-35.1333333333333,0.976500468757824,0.976500468757824,0.976500468757824,1164,1304,950,632.425379615619,527.547,59769.3979619882,695047.833000001,1.87181098142794,225485.950629472,2.46931457147599,154975.091629831,1.33893811950109,95135.7696657212,2
951250,-844,580,-310,553,2000,233,-116,980,-19,-82.055,1012.375,-18.455,0,970.229833924579,0,322.625580200951,1034.14034105628,115.083513154578,97843.4592713567,44766.9390703518,12968.4703266332,312.799391417817,211.581991365881,113.879191807078,2.14969840268084,4.36910071900344,2.35718330806653,0.0524287938434875,0.671369779129848,0.0427113697290035,-407,1028,-29,-80.3944444444444,1005.77222222222,-19.1166666666667,0.968967292510196,0.968967292510196,0.968967292510196,1397,1420,543,639.950660385237,547.119,104449.119983293,712066.635000001,2.10243269340424,425910.7117365,7.1985275366833,148551.344245436,1.79239846193242,34672.6569858815,2
954375,-582,628,-330,427,1761,388,-14,990,-9,-30.045,1016.41,-12.435,0,981.067191889547,0,193.11213063917,1034.52250821333,108.339074206862,36572.4552512563,37334.2029145729,11640.9304271357,191.239261793326,193.220606857998,107.89314355943,3.22343859136672,3.86003340236734,3.92975738295517,-0.536146997994818,0.609945655213198,-0.187401397056036,-116,952,-38,-23.1777777777778,1009.23888888889,-10.5777777777778,0.941291028227705,0.941291028227705,0.941291028227705,1009,1133,718,623.459494264214,584.358,38576.0538627046,671559.882,0.723583043452285,161254.334786511,0.417025826673855,152654.823661874,1.04198358334226,37139.6628112353,2
957500,-718,580,-504,427,2000,378,19,1004.5,-4.5,-10.915,1031.95,-8.16,0,976.909503460398,0,204.078428551378,1062.2874093201,143.430819561209,41737.5555527638,63853.0025125628,20608.8586934673,204.297713038506,252.691516502954,143.55785834801,3.49874287273013,5.12038622882795,4.68491484414734,-0.661508996046253,1.08195210468531,-0.548806526794917,-194,866,-38,-2.26111111111111,1016.23333333333,-4.16111111111111,0.914926372779727,0.914926372779727,0.914926372779727,1145,1420,882,635.571230302484,607.725,76205.8285009029,714404.967,0.596576477602007,186679.820996471,0.501276565603188,259406.07286099,1.2896242042232,64412.9659408773,1
960625,-417,657,-582,320,2000,359,0,985,-9,-8.675,1016,-10.78,0,976.672038773958,0,157.927784129329,1037.7382328892,126.170638422733,24990.8837939699,44868.9849246231,15882.2327638191,158.085052405248,211.823003766407,126.024730762732,2.73398079992901,5.999332534891,6.30251408026592,-0.388077303491925,1.1391238951328,-0.726246037310699,-19,838,-9,-4.62222222222222,1004.17222222222,-6.90555555555556,0.94405795663303,0.94405795663303,0.94405795663303,737,1343,941,620.666680828116,597.927,49335.1458579983,670656.513,0.634943998213374,114422.545580491,0.29240993812923,177880.686195466,1.10045395711905,52989.0531403081,1
963750,-446,704,-339,291,1571,252,-9,1000,-19,-22.54,1018.1,-25.795,0,995.767226903803,0,148.125453585803,1029.78128745865,101.46469829453,21540.8024120603,24042.1005025126,9678.09344221105,146.767852106857,155.055153098865,98.3773014582685,3.26611480959522,4.25926165782247,4.73060047716171,-0.480967615619281,0.724761412827148,-0.51772027483035,9,1000,-9,-17.45,1012.02222222222,-23.1555555555556,0.971917186872721,0.971917186872721,0.971917186872721,737,867,591,619.709233427879,581.859,27538.1888860221,655611.441000001,0.738209626093516,97571.7544041451,0.576177810203001,105773.738303619,1.10540867766912,31303.3259689817,1
966875,-271,800,-262,223,1314,174,-67,1009,-29,-67.065,1015.29,-35.36,0,1009.73146193411,0,123.140184342886,1018.19063539202,79.6084794478578,10719.3877135678,5928.02603015076,5112.74412060302,103.534475966066,76.9936752607041,71.5034553053418,2.91940865324696,5.16110817038338,3.83980096925408,0.527902234328284,0.853245498321713,-0.557249042389653,-58,1019,-29,-71.3388888888889,1012.11111111111,-33.0777777777778,0.99971144175281,0.99971144175281,0.99971144175281,494,514,436,615.455743321946,547.719,10818.5000797167,634927.910999999,0.285794102352371,44845.8264292733,0.805210067765139,25438.1317164942,0.913948041422688,20013.3032907988,1
970000,-456,580,-388,320,1695,262,-9,985,9,-6.925,1007.205,3.155,0,958.46629453954,0,143.030119205711,1031.98992969893,106.974412828489,20512.220477387,50795.2793718593,11491.0261055276,143.22088003286,225.378080948124,107.196203783192,3.21057887548057,2.98262308805182,4.12167548107074,-0.504602835397299,0.493439381305489,-0.435378406251903,-77,885,38,-0.9,999.8,5.93333333333333,0.926404668147414,0.926404668147414,0.926404668147414,776,1115,650,613.076997329007,602.061,52092.7414065231,658142.613,0.82373786361255,88384.0087890406,0.156594298032086,210428.661597486,0.69566698001538,35818.4425067668,1
973125,-650,552,-563,533,2009,359,-29,966,-9,-25.04,1014.155,-14.695,0,959.634516498542,0,172.135673234806,1044.78264964537,134.554505684499,29149.4355778894,63377.3075125629,17978.8663065327,170.732057850567,251.74850051701,134.085294892962,3.97999989836822,4.83859274725668,5.727798123297,-0.13466238735277,1.12405147559758,-0.846263044936011,19,952,19,-25.0611111111111,997.833333333333,-8.71666666666667,0.951943212855024,0.951943212855024,0.951943212855024,1183,1457,922,621.229376481851,584.652,66424.8274874064,683583.834,0.696536601187056,122516.316678506,0.496053796764929,250178.197080622,1.40483718035128,54451.0880812664,1
976250,-640,609,-427,330,1933,339,0,980,9,-25.555,1022.635,-7.03,0,985.816458441986,0,158.683348212722,1044.02951347172,107.306150802272,24650.5999748744,44437.469120603,11522.8031155779,157.005095378699,210.801966595672,107.344320369444,4.98067687675041,7.33847724899107,4.37703690481894,-0.95240132124865,1.52264372531387,-0.569400737237222,9,961,67,-17.1222222222222,1007.21666666667,-3.77222222222222,0.923214883071973,0.923214883071973,0.923214883071973,970,1324,766,622.867285160534,594.03,49869.6149956203,676015.584000001,0.731834186610346,103434.58650396,0.535167449089796,179679.456451077,1.57668431404802,35992.6702800871,1
979375,-475,695,-388,388,1342,271,-106,980,0,-106.985,996.68,-46.54,0,984.09708614768,0,204.120270918887,1003.2940047663,153.229076875115,30371.1505276381,13294.3091457286,21420.279798995,174.273206568417,115.300950324482,146.356686895389,2.93469336853618,3.53340627331535,2.93451969006071,0.436935214585145,0.709577368321515,-0.939215884000108,-48,980,38,-113.644444444444,991.816666666667,-39.95,0.988395230718897,0.988395230718897,0.988395230718897,863,647,659,617.488445794515,505.893,41255.577615976,643045.857000002,0.264653135139568,128070.556477033,1.28860205396195,51636.8295261052,0.1527689081319,75796.0738776757,1
982500,-359,704,-407,252,1190,349,155,961,208,56.5,964.79,79.045,585.448658493535,955.887562990989,0,203.975929952531,969.175025472696,250.814044662575,38606.9648241206,8523.10140703518,56944.2944472362,196.486551255094,92.3206445332526,238.630036766615,2.25290501234663,3.15877917062162,2.24828629631511,-0.958459873444009,0.0777398866152716,-0.959970684044434,194,961,252,68.0055555555556,963.85,92.6777777777778,0.725248930799454,0.725248930799454,0.725248930799454,611,486,756,611.570893928699,660.201,96963.1790316738,626288.457000001,0.0556223242185516,128085.97844044,0.231310437672898,28733.6437189301,0.053261266490302,187419.10214025,1
985625,174,657,174,271,1180,398,223,942,310,218.705,946.265,306.37,217.76262349857,945.145577980535,304.575503113323,219.170903634584,946.761852315565,307.168976298063,205.033140703518,945.281180904522,492.666432160805,14.3189783400743,30.7454253654836,22.1960904701888,3.71886205580351,57.712735033101,10.3609431214881,0.0181537487334596,-1.61239678999313,-0.690709449637201,213,942,300,218.733333333333,945.433333333333,306.55,-0,-0,-0,97,523,224,611.221933798518,882.804,1062.81726400015,623248.002000001,0,535.740066551742,0,1106.81795029021,0,1150.41664893066,1
988750,194,914,281,252,961,349,223,942,310,223.96,942.325,311.71,223.56540289509,942.234497591822,311.075064700414,224.156909329157,942.370067966932,312.029149279358,88.6818090452262,85.3662060301507,200.066231155779,9.41710194514354,9.23938342261813,14.1444770548712,3.63040808998846,3.47483100408343,2.84301660858755,0.0747990272952063,-0.388702437998319,0.209141350339697,223,942,310,223.722222222222,942.561111111111,311.455555555556,-0,-0,-0,58,47,68,610.58839843958,886.797,233.834806879861,621401.913,0,202.675096806864,0,176.684988557267,0,497.884950185782,1
991875,203,914,281,242,971,339,223,942,310,222.72,943.21,309.505,222.417864904337,943.117438184488,309.091754366211,222.870926771528,943.256227119652,309.711664294389,67.5895477386936,87.6441206030147,128.613040201005,8.22128625816506,9.36184386769052,11.3407689422281,2.77673297655365,3.84042593442467,2.62669583358065,0.0494701130639692,-0.0869254283620724,0.074128454944761,223,942,310,222.666666666667,943.227777777778,309.455555555556,-0,-0,-0,39,57,58,610.486559855795,885.261,143.068655285664,621195.045,0,119.078071111358,0,118.25218154569,0,223.371213972524,1
995000,203,914,281,242,961,349,223,942,310,219.895,945.22,306.435,219.633972408256,945.151188427252,306.019081780095,220.024941767973,945.254362592419,306.647460449292,57.4512311557791,65.2880402010049,130.910326633166,7.57965903954651,8.08010149694946,11.4416050724173,2.89581504906615,3.37543324539698,3.62173298222947,-0.0538807286635094,-0.124746934743987,0.669128079689209,223,942,300,220.055555555556,945.183333333333,305.888888888889,-0,-0,-0,39,47,68,610.672345437674,882.93,134.991041090744,621569.670000001,0,94.0882999705006,0,121.332262465687,0,243.320619105911,1
998125,194,923,281,252,961,349,223,942,310,219.04,943.755,310.98,218.701013359103,943.683353173784,310.497437506625,219.209648510279,943.790800442556,311.221159306369,74.7220100502511,67.9145477386933,150.803618090453,8.64418938074884,8.24102831803734,12.2802124611284,4.06102559164543,2.80614577929789,2.73123687979861,0.150213997754304,-0.0556850751427041,0.064657853789017,223,942,310,219,943.672222222222,310.994444444444,-0,-0,-0,58,38,68,610.585155532335,884.265,154.274029663583,621391.533,0,127.750075785441,0,102.274509526093,0,233.533942615884,1
1001250,145,914,271,271,971,349,203,952,310,203.01,947.505,314.08,201.804846529794,947.390106521245,313.383404837824,203.642087987724,947.562021716785,314.422725005684,258.331557788944,108.602989949749,216.486030150753,16.0726960336138,10.4212758311902,14.7134642471022,6.11015786027113,3.6796310699335,3.17735170619771,0.967176732261279,-0.646614512743509,-0.229432339378159,194,952,310,202.061111111111,947.988888888889,314.311111111111,-0,-0,-0,126,57,78,611.331723400361,878.757,307.1398433376,622923.321,0,731.977618569568,0,228.32713805293,0,533.937132861116,1
1004375,174,895,271,223,1038,359,194,952,310,197.42,949.335,309.655,196.896637051304,949.18347868095,309.088769796363,197.681030956437,949.412215531273,309.940211976439,103.651859296482,147.349522613065,177.603994974874,10.1809557162617,12.1387611646768,13.3268148848431,2.77295344925401,17.6619596133165,3.96030966121689,0.056396075385801,1.67913472679158,0.30549015304236,194,952,310,197.466666666667,948.883333333333,309.438888888889,-0,-0,-0,49,143,88,610.824018921809,873.846,210.520346431886,621914.568000001,0,283.753874141083,0,191.034676043926,0,334.156357457435,1
1007500,184,923,281,233,971,339,203,942,310,204.845,946.635,310.695,204.492791249543,946.563639363149,310.242193630603,205.019913666941,946.67066343053,310.920448024893,72.0512311557789,67.8610804020099,140.846206030151,8.48829966222794,8.23778370692081,11.8678644258414,3.33527530782843,3.10531598149104,2.52836282311391,-0.0573217935231082,-0.0341181527615116,-0.043089655505258,203,952,310,204.883333333333,946.594444444444,310.677777777778,-0,-0,-0,49,48,58,610.360233941888,877.305,149.338650245689,620934.021,0,137.907620243618,0,119.662048884912,0,246.075118888469,1
1010625,184,933,281,223,971,349,203,942,310,206.105,946.16,315.615,205.85036211639,946.094406580293,315.061493505924,206.231265815831,946.192818615741,315.893344342675,52.3256030150755,62.4164824120604,176.660075376885,7.23364382694334,7.90041026859114,13.2913534065153,3.39547195506749,2.57225675310733,2.82011032720081,-0.142163002158968,0.0952261743251493,0.221897627521695,203,942,310,206.172222222222,946.011111111111,315.366666666667,-0,-0,-0,39,38,68,611.159996688211,880.728,180.585329370054,622560.473999999,0,68.0233274993029,0,96.3505940949006,0,312.295605135216,1
1013750,184,914,291,233,980,359,203,942,320,208.255,944.805,319.325,207.898884245034,944.710055381497,318.897053495129,208.434486110144,944.852530821609,319.540912873454,75.1658040201004,90.2683165829147,138.632537688442,8.66982145260791,9.50096398177125,11.7742319362429,3.02909674401307,4.15129863922729,3.33899861221293,0.28389946174829,0.156630047924904,0.335980256907725,203,942,320,208.116666666667,944.727777777778,319.016666666667,-0,-0,-0,49,66,68,611.360558073569,883.431,150.97925007397,622978.581,0,100.537977593106,0,115.498502783567,0,228.775630354854,1
1016875,-174,561,-271,427,1428,417,203,942,310,185.385,955.715,264.545,0,941.843842849577,615.262952482583,203.288501888326,962.106758629207,298.149148917115,6993.58469849246,12319.853040201,19003.877361809,83.627655105787,110.994833394177,137.854551472953,9.50679468078901,10.8634229121026,7.32918046253188,-2.11891382184456,0.521658212322208,-2.36764008221728,203,942,320,193.516666666667,953.605555555556,282.938888888889,0.320793035547523,0.320793035547523,0.320793035547523,601,867,688,612.691507864927,843.387,24410.9545207861,633521.127,0.258793998992626,30271.5118854928,0.11561774792592,55869.8957148534,0.0618054685988701,76139.0282165122,1
1020000,-407,580,-456,398,1466,349,-48,985,9,-46.93,1007.395,-4.73,0,981.368275043029,0,153.16334417869,1020.39035422724,104.610898093841,21363.4021105528,26484.2100251256,10975.9468341708,146.162245845337,162.739700212104,104.766153094264,3.18371782358762,3.16099081169058,4.67964233527885,-0.0849046444712501,0.372380970888069,-0.480383804874316,-58,933,9,-46.2222222222222,1003.98333333333,-2.07777777777778,0.941291028227705,0.941291028227705,0.941291028227705,805,886,805,614.485847208082,573.441,28831.4032297515,645359.355,0.776845084367164,88704.3635387789,0.3716974041243,115531.066600459,0.859177435515155,37120.7618086481,1
1023125,-669,552,-320,320,1847,300,-38,942,14,-42.985,1012.47,8.165,0,952.617991878943,0,163.0774509244,1046.53057767081,104.865747506037,24870.8992713568,70483.1649246231,10985.0831909548,157.705102236284,265.486656773223,104.80974759513,4.69913409090307,3.71506275753291,3.80461837685197,-0.543582134349088,1.01195265633028,-0.415753235054086,-29,876,48,-38.2222222222222,995.438888888889,11.1333333333333,0.950672092687066,0.950672092687066,0.950672092687066,989,1295,620,617.551078181905,586.59,72928.6596466718,679690.398,0.636830598689017,100520.74658483,0.400167763636161,291741.16410711,1.94437020661939,33909.6249206913,1
1026250,-466,733,-271,194,1647,242,-58,980,29,-62.465,1012.935,24.34,0,997.551221564126,0,115.305182017115,1021.90471424688,96.0224452927543,9440.61183417085,18343.6490201005,8671.23055276382,97.162810962687,135.438727918201,93.119442399339,4.30399685793915,7.68215571906337,3.88524356845849,-0.470132548995516,1.70890774872391,-0.680640271857376,-58,952,-19,-60.6722222222222,1001.3,28.1277777777778,0.950672092687066,0.950672092687066,0.950672092687066,660,914,513,614.058038557109,584.886,21500.3394629876,640082.904000001,0.488340869777154,40033.9959077151,1.27299702883184,72080.7038164983,0.528359381726474,33853.8238861315,1
1029375,-145,923,-97,194,1238,135,-38,1009,-48,-28.435,1016.075,-42.365,0,1015.06898267314,0,69.126297456178,1016.60883086859,50.8495329378747,3989.845,1090.56218592965,794.856055276382,63.1652198602997,33.0236610013132,28.1931916475659,4.44214100353864,17.6912105274263,12.5837795193238,1.04603617947524,2.24973831205627,2.08366698888119,-19,1009,-48,-32.5722222222222,1014.95,-44.4222222222222,0.981453895033654,0.981453895033654,0.981453895033654,339,315,232,611.808727032128,567.165,4147.57918746119,624514.581000001,0.216502554052224,17759.966006994,0,2464.26303425335,0,1957.67822786836,1
1032500,-514,895,-184,155,1200,67,-145,1000,-67,-111.67,1005.41,-58.63,0,1003.05438273174,0,175.687307452758,1006.64268238536,77.7517845454366,18488.2825125628,2492.68532663317,2620.96793969849,135.971623924122,49.9267996834683,51.1953898285626,2.4309584851813,5.22147702707892,2.76428017370712,0.192412944384173,1.09838487100769,0.526953088956368,-213,990,-106,-111.877777777778,1002.46666666667,-59.9666666666667,0.997947193223724,0.997947193223724,0.997947193223724,669,305,251,614.198886070332,501.066,18803.4820885744,630144.516,0.157000986446676,84553.0003853698,0.737300662824996,10864.0851311775,0.258441423050707,9957.2525973779,1
1035625,-242,952,-155,-155,1019,-87,-194,990,-116,-199.085,990.265,-120,-198.218746523146,990.116699122618,-118.658473791167,199.526702473629,990.338853625364,120.646011123452,176.952537688442,147.009824120603,156.241206030151,13.3023508331589,12.1247607861187,12.4996482362565,4.6728923576817,2.89360387590456,3.17601035916715,-0.544117984297996,-0.302560549045072,0.102366404682256,-194,990,-116,-198.65,990.511111111111,-120,0.91829583405449,0.91829583405449,0.91829583405449,87,67,68,610.410828698804,402.708,213.16906186498,621082.445999999,0,583.887154943624,0,358.941107865898,0,290.893869115055,1
1038750,-223,971,-155,-174,1019,-87,-194,990,-126,-197.29,990.6,-123.77,-196.925888844706,990.515909968471,-122.727612040462,197.472858894583,990.64216041919,124.27075279405,72.5486432160804,83.9497487437187,124.831256281407,8.51754913200272,9.16240954900613,11.1727908904359,3.30685185979147,2.68831334657415,3.22731274347347,-0.210504180158579,0.314413947346598,0.206134428517651,-194,990,-126,-197.155555555556,990.311111111111,-123.827777777778,0.91829583405449,0.91829583405449,0.91829583405449,49,48,68,610.622333531279,401.724,129.648340458458,621486.384,0,181.563692265955,0,128.939380265437,0,205.794487703799,1
1041875,-339,761,-349,165,1323,116,-194,990,-116,-133.765,999.02,-94.04,0,993.17447967885,0,173.958860079043,1002.1380892871,113.796089563746,12430.7635929648,6271.14532663317,4126.66170854272,111.493334298355,79.1905633685805,64.2390979742299,3.33551693834995,8.01150092374143,6.09027693889024,1.17989476279738,1.28197657929251,0.618123495373496,-203,990,-126,-142.044444444444,994.794444444444,-97.0444444444445,0.979051464809459,0.979051464809459,0.979051464809459,504,562,465,612.271108941981,462.729,13219.2390329484,628495.191,0.12837315037394,44159.3482047445,2.47351962236234,23927.6264937965,0.457224005414685,14543.6018094669,1
1045000,-815,600,-601,407,2447,223,19,961,0,3.645,1015.3,-7.395,0,974.427618286519,0,185.482950698979,1039.96415322837,115.658743724804,34563.4562562814,50946.08040201,13389.205,185.912496234872,225.712384245991,115.711732335144,4.56565241501624,11.1357495681479,6.11478975957919,-0.608409413758408,1.91083453316411,-0.987875657857098,19,942,19,9.33888888888889,999,-2.51111111111111,0.902559802782542,0.902559802782542,0.902559802782542,1222,1847,824,622.167879310337,606.93,59180.637896802,677583.786,0.616331789728051,155313.725845051,0.84312419639293,192858.829448853,0.808220995046897,38359.7954395768,1
1048125,-747,628,-388,349,2285,359,0,952,19,-17.085,1017.195,9.625,0,968.575113441409,0,159.973419667143,1046.43356454196,99.6329513765401,25426.7314321608,60640.7406783919,9883.50188442211,159.457616413142,246.253407445241,99.4158029913862,7.0051678613814,7.57153450662844,4.72371563748167,-1.30474394112631,1.58880360396374,-0.33350385913273,-29,952,58,-7.53888888888889,998.15,11.7222222222222,0.904381457724494,0.904381457724494,0.904381457724494,1096,1657,747,619.226952028982,605.841,67089.4827098448,678324.855,1.07335874224028,105122.310083419,0.485626816057237,239055.287981748,1.13813471803013,25861.8240526662,1
1051250,-631,647,-310,203,1800,155,-62.5,985,-58,-81.565,1010.805,-51.265,0,995.109107315839,0,157.445022150591,1020.1724829655,110.072317137417,18227.2218844221,19120.7507286432,9535.4922361809,135.008228950765,138.277802732916,97.6498450392058,5.17975122193596,10.51948948836,2.32587231839673,-1.19150802193073,2.06151284014587,-0.14743962691357,-106,952,-67,-71.4722222222222,998.511111111111,-50.2777777777778,0.995378438820226,0.995378438820226,0.995378438820226,834,1153,465,616.577706479765,526.785,26543.4045868094,646594.046999999,0.695210196123607,77737.6392698225,1.09488797618592,68149.3334887876,0.313194356969983,28142.1413695061,1
1054375,-456,657,-446,330,1552,349,-169.5,995,-82,-152.685,964.755,-92.34,0,949.000542112211,0,229.77094028619,972.636764162244,241.708315951272,29630.1264070352,15346.7989698493,50146.9692462311,172.13403616669,123.882197953738,223.935189834539,1.859179588613,4.6470316365105,1.56936099000405,0.182537613129953,0.391128598244609,-0.111817761735888,9,1028,135,-155.588888888889,962.05,-91.4388888888889,0.990714754613131,0.990714754613131,0.990714754613131,786,895,795,614.437328496279,431.838,80081.5580690686,634343.921999999,0.120518530976533,84758.8724801685,0.253806038721577,54942.1228828413,0.0413954737509898,127954.440828779,1
1057500,-116,895,-106,145,1076,155,9,1019,87,-1.445,1011.895,71.25,0,1011.2150438303,0,61.1722567836107,1012.22561961254,92.1079258261742,3758.75072864322,672.576859296481,3424.42964824121,61.3086513360327,25.934086822105,58.5186265067902,1.66860068690025,6.07432447323476,4.36434396557154,-0.0096648122785069,-0.961343664180672,-1.26875888841366,48,1019,116,-2.03888888888889,1012.95,76.15,0.718582211950822,0.718582211950822,0.718582211950822,261,181,261,610.747826147772,649.02,4331.32824976623,622095.972000001,0.110553050683787,11052.2703679301,0,2194.77213397481,0.0463484011525532,14000.9353408204,1
1060625,-97,990,87,-48,1038,145,-67,1009,116,-66.93,1012.335,116.26,-65.993639756591,1012.25873277074,115.096714746251,67.3965874507011,1012.37314513968,116.814853507591,62.9900502512561,77.6208793969852,129.972261306533,7.93662713318801,8.81027124423449,11.4005377639185,3.47929583542454,3.02041139641585,2.97109646216447,-0.273673027186486,0.0544811704196944,-0.253240354755652,-67,1009,116,-66.8666666666667,1012.26111111111,116.455555555556,0.91829583405449,0.91829583405449,0.91829583405449,49,48,58,612.766886338321,636.999,130.638685323669,625852.437000001,0,99.8461087879969,0,125.715928792304,0,301.462718130209,1
1063750,-116,980,97,-48,1038,155,-67,1009,126,-67.225,1010.665,125.6,-66.194988989779,1010.5839886449,124.390861919208,67.794136914633,1010.70542444374,126.183477523803,77.2305276381907,82.1233919597992,147.64824120603,8.78809010184754,9.06219575819234,12.1510592627157,8.34102424141759,3.62043613669042,3.0158459556497,-1.38540554788266,-0.198750880267742,-0.142529352613191,-67,1009,126,-66.7055555555555,1010.68333333333,125.738888888889,0.91829583405449,0.91829583405449,0.91829583405449,68,58,58,612.459755728143,641.424,158.550395267755,625226.262,0,135.020003980731,0,119.165706834241,0,268.496768417935,1
1066875,-87,990,87,-48,1038,155,-67,1009,126,-68.065,1010.44,125.59,-67.1699836001795,1010.3637739992,124.368320666184,68.4881376590136,1010.47815909103,126.174284226224,58.0711306532663,77.5039195979898,147.841105527638,7.62044163111734,8.8036310462212,12.158992784258,2.76525466762376,3.16730236871755,3.21604284390263,0.252275233208627,0.159864703768143,-0.206742196106,-67,1009,126,-68.2944444444445,1010.26666666667,125.733333333333,0.91829583405449,0.91829583405449,0.91829583405449,39,48,68,612.353412978267,640.779,154.340332221267,625006.010999999,0,87.3950039458652,0,118.96079696302,0,287.040626858246,1
