F1,F2,F3,F4,F5,F6,F7,F8,F9,F10
670000,12.6348365492104,1827.40944122714,66662.2496656748,4678.08534728448,469.443828625189,64738.6474021366,584.281398700425,157.218421792048,1
671000,10.2096427881736,442.445996108333,11439.4293530924,884.442975564098,150.343485112495,11195.9468624638,284.28615259737,162.210606189466,1
672000,11.8632737378881,214.993737627686,2402.09101645319,363.776111839291,200.010077316445,2256.58398308021,237.682913051324,239.998599922345,1
673000,13.652557591163,184.295965378629,793.666397872052,267.715959983502,377.56806475007,812.937876708378,309.385867820778,921.606186637746,1
674000,13.6059723278893,166.210991478596,236.20201868273,217.883965376279,397.058894334942,277.145729966378,344.328984037354,901.707482188564,1
675000,16.3387263014727,174.682970007955,146.543404284975,239.623564097133,412.012607710055,154.187584868967,559.037775609519,413.770893965062,1
676000,17.1412854619984,189.029483072793,95.7438717116202,253.713612373913,373.374981397729,112.570967943417,542.868069929178,376.23935349388,1
677000,13.5907611867106,141.532057071961,124.185112593454,236.365818925984,179.226216224058,127.294310485415,262.874100761657,273.104853594004,1
678000,12.0808881580412,174.233746391506,127.136793085553,262.528249174259,261.144459016219,143.6212511349,239.315425788091,361.825063446207,1
679000,12.7594349873358,278.027652682195,132.348421251654,309.909507586301,517.359428247168,123.928284400937,257.465507829128,811.002355935738,1
680000,11.8512217471669,283.726178953667,176.521508179155,316.979855410226,451.024776292315,160.354025852161,278.18435528474,735.224443301976,1
681000,10.6968689831144,201.953695313115,181.872206244809,260.809722334207,212.313800700333,164.041609617299,284.255620542705,217.679200691225,1
682000,11.2677983621129,164.79345831538,184.558418303119,200.653700411203,195.320553267587,122.169068669739,278.416433840265,162.232851096068,1
683000,14.1467678104513,174.133132947659,184.417502577193,256.401343504972,321.40702261871,147.935624342155,287.055059991855,255.750099828288,1
684000,15.0537252338666,207.770063176771,169.683140288002,344.372814217618,528.155468502809,168.275638804218,330.96169818472,553.369289676417,1
685000,14.8343266062336,227.038781342013,168.119413720944,317.018056410845,640.499875695553,173.805758977895,362.929744815039,639.807580489135,1
686000,14.1998565506742,263.284914873659,159.765884342289,302.697041685092,756.681993387002,148.380809672531,350.689364915909,919.182209172782,1
687000,11.3711310863868,238.858673864766,151.734128541265,303.705735889876,615.982314898256,133.175779012855,260.942774316961,908.704566969211,1
688000,11.4989055247087,152.095676539084,189.49293190995,264.896070929512,304.061522113207,136.926981467312,230.223193779698,373.087542893918,1
689000,12.1279071216367,180.818183770418,192.18317708745,320.059092939123,305.190613248121,143.210940673941,329.878375953099,372.261250382735,1
690000,12.708234999574,224.462312441691,172.524671743144,292.171314153754,358.469911227173,156.677677687809,328.320791826137,576.264811089108,1
691000,14.1774072269559,240.404763319959,174.005548679035,248.09565686046,658.158471355932,152.880252389311,325.815986043758,1144.41145662079,1
692000,13.5254803490845,199.810404615861,169.908605666034,296.623126637756,663.857620706414,127.999357679781,361.766902907033,1037.86482575401,1
693000,11.591124965122,145.565472434053,134.399989045331,247.418684204379,353.371542397068,124.4884936965,287.623578008787,496.492836635659,1
694000,12.0209710282118,152.480955483042,129.685306052256,217.482088905773,292.536641467748,148.068001462171,305.741440556834,463.085531633682,1
695000,12.2509184481662,132.799315853962,153.547963259013,241.016574975753,206.879319403957,150.51974919218,332.826439401307,283.939969485079,1
696000,11.9736970794659,153.481189103649,155.391660063804,267.985980416016,186.741963989229,136.365354106432,336.181185900164,220.883068711542,1
697000,19.0108540311292,386.296179063985,215.267278781309,576.719030838545,1187.17694819599,177.576412138911,508.341751872567,1490.36970592685,1
698000,51.175011576603,271589.816380429,138535.897153047,89011.9474764189,230021.507501358,30324.0717453924,14512.3696121178,22681.5456748657,1
699000,115.444526896049,811189.563296898,588787.408623152,261280.500599162,1028274.29779036,158428.346109913,70220.6391475017,51845.1305648821,1
700000,164.12123982944,1438731.26103067,961920.661935566,381828.065786532,1682931.30348998,263014.628458603,134728.662757547,76018.6095458457,1
701000,161.2335794935,1942576.57973549,1033477.82331484,346920.326659419,1666975.76309509,284903.812407157,147193.536938524,87090.8982095074,1
702000,152.487078461087,1964185.86711402,989359.508565587,302946.97834361,1390351.88924057,287141.373234004,150407.125785201,74255.5189123518,1
703000,167.885572262775,1802684.56396077,987097.066890171,328028.440390792,1425608.91697002,352138.503469024,158917.302700288,78490.2040515932,1
704000,169.520122641978,2188050.14142502,1224132.59171213,292891.324126186,1880585.04092646,389882.840718161,166413.425377254,79559.0978652311,1
705000,156.324796016999,1883022.35255975,1254102.61325322,364936.916873205,1775835.05395334,384106.429070688,165289.414685087,61630.1834657141,1
706000,137.210460684726,1561475.9448773,1028469.81540304,370744.389435243,1311302.07697881,307478.811156011,245495.807829191,72611.2257282343,1
707000,108.372366333608,1683680.35790849,693818.150581618,425548.70833919,1045106.82934741,168045.166202691,291087.617118948,80300.9906621996,1
708000,137.366543006481,1730655.50019296,683733.950950406,537840.389546621,1292996.61320789,224985.303764442,213586.708507201,108016.356000114,1
709000,174.620505632742,2183403.38212583,1018399.35154318,484075.975158409,1865976.95207185,353959.386031093,189696.143763156,116724.996214264,1
710000,188.033534207007,1968950.21842684,1044482.21079505,449759.444168418,1821528.2674768,417023.455375248,212838.685171786,90965.1493159112,1
711000,198.779937805415,2069717.92309439,1064146.741305,445317.691481462,1927713.11154879,473977.42646222,188096.664934224,94602.1530924841,1
712000,186.882478805992,2697280.77392098,1178273.2474472,397355.704058537,1908186.70120183,483531.761560715,217379.167542425,98333.4067683307,1
713000,180.009792977693,2283511.12597817,1530052.10717024,433345.627924861,1990070.274937,504939.490845458,314724.284705824,92243.1763693585,1
714000,181.389480864718,1858109.74682821,1477288.274578,464866.536411987,2155913.41255635,508624.181075141,255284.776068359,84588.0992951733,1
715000,172.407425454289,2475230.27381381,1112814.31326121,496217.726942614,2032782.52954429,392146.614670701,226144.390091642,100743.789054324,1
716000,138.014417131838,2098227.92884787,839774.765921272,715774.0252487,1533574.37278185,244934.355748964,270739.630482933,93193.771924359,1
717000,115.364086851966,1239099.30516836,691116.344178547,712790.557515152,1188854.64908644,228848.86240665,237258.857932373,78993.9282106373,1
718000,161.828945722316,2215720.22943395,893260.791268868,479552.311356815,1685255.85673111,406097.158437599,224834.717830926,89512.8061681303,1
719000,183.40844162128,2658325.96857271,1043149.86001134,377884.969331445,1693531.07161332,474994.011097717,217941.423982255,98044.9420837271,1
720000,181.242407651646,2228349.26035124,1046935.67728099,408564.00285366,1738423.26463624,377380.823456881,212141.390787123,93896.0294878492,1
721000,188.726926148561,2144602.92016556,966047.539203756,388054.163687729,1785843.09056857,439305.875840025,216616.55096915,82895.157880847,1
722000,183.327690878879,1785059.84736471,1036250.78354272,331766.180741858,1766374.67467792,454271.47415178,210583.197720619,77116.8342237493,1
723000,178.044797829999,1639601.69262712,1266128.80000026,436004.34060319,1932322.97573699,436123.037044545,222159.823020935,69729.2457790621,1
724000,163.042450115828,1668017.30664443,1193662.74689241,383175.803228439,1489607.10768172,454324.535573694,235597.587762053,69833.4487357286,1
725000,112.195105694564,1452813.85626506,650045.913931534,304843.349736528,870133.772641765,262960.297190395,195511.356791335,61142.8103306973,1
726000,96.1980613537546,1409023.70370844,478863.353491697,480640.139803632,697497.522086819,106158.087279947,217206.194456225,61122.3206091586,1
727000,127.430335869941,1569025.03162423,819179.565588575,455009.207745328,1031751.63986497,267783.188777879,264676.428422999,67615.6961844558,1
728000,159.256038812544,1594191.64613448,1113596.46553002,365369.053895374,1600822.80599437,406152.831417602,229245.245553567,63284.7227434929,1
729000,182.503989685995,2785488.20438232,1184211.05772866,563749.538463671,2231332.9289483,440655.16370823,238617.373758094,69589.7738737852,1
730000,176.208446871988,3107852.78661034,1169003.87165875,619203.004050246,2358985.34186587,470153.558200028,226888.809853562,86912.6202710113,1
731000,173.847535357474,2166811.92250711,1113477.70685282,438988.970441778,1891881.55636033,435396.513600433,196116.848799352,85006.89128674,1
732000,180.706636054646,1927291.66548554,994881.61396301,436374.052228962,1711889.20079859,399673.008358306,190889.11370214,69997.3339268053,1
733000,175.331143431888,2405839.71354399,1048517.83151631,518686.847114691,1703612.06915172,448136.998030792,193359.714136083,72099.2618060085,1
734000,153.481200991983,2376486.97811734,1161201.20145892,717129.081080941,1575988.03620548,481070.049931768,437718.324167664,82227.4743659978,1
735000,125.655203043278,1267028.98580951,715829.147469188,696856.984330858,955937.927078401,250122.421776452,425689.599728028,85869.4193732969,1
736000,134.610934923755,1160872.69156759,512661.427430777,451159.675605864,776910.232779318,185502.59538198,149437.453351646,86608.33546254,1
737000,153.814895704633,2066984.8802317,846040.211807843,390425.119911905,1411297.43861698,390086.816185803,147783.631369478,80618.2728565776,1
738000,174.554618480169,2702452.69721091,1094120.4381036,399766.216547211,1717907.73027034,460549.838147295,208345.648926433,84212.8313410431,1
739000,175.420038925936,2346580.91165888,1254169.85911482,436924.929508992,1678501.47575857,445829.714451026,222971.577063933,89228.2152829419,1
740000,169.68560298594,1891927.00402252,1222373.905882,434277.194172598,1780552.34292391,454899.361337334,215253.921239676,77582.9651305152,1
741000,174.923003128145,2147394.50228838,1202279.94316853,370115.978051503,2169442.20604534,562080.445849118,241421.538348735,69568.3389901653,1
742000,173.999193624468,2723838.38664928,1128129.83708067,378296.641058506,1909136.53494999,533700.48359502,210992.507871393,70753.6851274555,1
743000,143.673258961358,2032652.23791999,877203.325516134,307487.341396197,990463.101593464,278807.045715261,199944.523483274,78012.4340324569,1
744000,100.91380380813,778464.056619461,647575.239728297,343108.157934366,604500.184884795,152866.94785868,216687.073550356,88760.9959171875,1
745000,118.95272981859,866891.129629877,724883.31448103,467688.201795844,1057677.77394309,202821.002078395,229768.437325823,85740.1910949583,1
746000,165.106806946452,1927416.77970566,927207.482503789,445006.834090471,1770249.35715646,557382.95123176,266418.641810848,93639.4531344797,1
747000,188.922936245814,2568383.57866749,996280.364839282,463118.167155388,1996636.76966077,697889.362710219,241027.538899491,104285.578425562,1
748000,180.376260515395,2371608.43410453,1049684.67344808,408289.10463276,1704382.38084371,528787.88861678,225652.650783852,97467.823536038,1
749000,174.327166364349,2182307.45129935,1033360.44975568,338950.439934338,1523012.08132006,475583.274338245,237987.329015156,85699.8074494092,1
750000,172.768893293049,2194276.79723724,1043265.51676546,412760.262735438,1521381.88954599,498331.589911847,283612.247648998,64385.1826367563,1
751000,175.783201272252,2191382.62136603,1132462.18310026,427308.715070446,1665832.34113748,467355.229742282,290561.349628633,73046.7282699908,1
752000,168.220333626622,1687984.19921217,1038985.07637092,318915.384292373,1392124.44169413,410591.822968481,250810.99783402,82898.4577810146,1
753000,121.771325387594,1231059.6270807,617196.513247309,287239.141903572,839423.078354139,310331.71686909,257128.433009492,79106.7331982741,1
754000,116.87830181773,961954.436230233,338800.718387155,484350.700214432,583989.671536428,142702.117935057,264305.03826162,76433.6395155443,1
755000,146.869951671254,1290959.79689404,727998.208648429,498125.763291093,955996.042018367,201873.51518561,234008.575384845,73491.6203280368,1
756000,167.51730803603,2026514.50440869,1101504.02689592,337846.061153939,1580081.87384013,540334.534320506,230699.412485933,69582.799894893,1
757000,190.28337485154,2315583.90590691,1171337.48026566,377520.378789893,1648320.18452756,608391.265947712,259744.288633162,64715.709800758,1
758000,192.730399680022,2270155.07831899,1234012.3695181,435881.3729584,2163397.27885558,529604.016141848,312896.683645255,67807.5872687232,1
759000,201.379681799974,2509155.94643393,1290767.02803247,601603.91340185,2342136.66301191,545748.974451524,365742.524410403,78237.1202012706,1
760000,189.183795146278,2461315.79927861,1226302.54829116,552989.455010514,1841046.317127,433194.293132378,281120.056433913,72852.0699956358,1
761000,159.65156997295,1805983.60975354,961585.391139438,315596.882796434,1643699.18360354,384905.460979122,181323.520739626,65061.8087323567,1
762000,131.860449579193,1112480.78786441,754047.709428046,197972.438684682,1136011.78901869,335155.77106098,202296.267684364,73883.3567280946,1
763000,116.157938105664,978901.774951777,568529.66995496,378874.139028384,760808.162760072,225462.988802655,273890.707213193,76079.0589236213,1
764000,149.366002577252,1598702.49579656,675219.630137117,555386.4860046,1212476.02328334,282492.593625718,289018.063839931,105278.807090936,1
765000,167.569688823602,2006333.61393685,988963.771524629,440414.398431327,1740609.0456678,431996.566422832,235634.01309956,129287.077790929,1
766000,169.269233741282,2237808.47139466,1028646.32957321,362244.69968828,1809045.51231884,460289.509246132,235738.932691652,103538.511758995,1
767000,180.346579056465,2306627.60775647,1002156.41592544,336101.300818673,1793090.07477642,501759.213125708,282654.747392092,86409.0763370482,1
768000,189.855319117222,2135767.4360241,1121980.92288579,390129.101837402,1919528.27009026,461831.327564078,303935.101056031,101965.702046939,1
769000,186.875580552336,2170637.13668945,1205801.9254227,384021.919917049,1812803.95303857,462870.173280455,282429.891901556,83843.794302154,1
770000,190.825110376465,2439520.9711326,1423641.8196435,652141.994429546,1785084.26875636,551473.284124019,262996.636302489,79355.8583254165,1
771000,165.884028085331,2180208.73182301,1410169.67709749,641652.789500563,1763176.31269886,493432.911346381,331544.341634227,92203.3020362099,1
772000,112.162167344331,1440014.17978899,692039.921224956,422356.309272564,1093309.60443917,289015.091807575,285017.491634909,105364.35431091,1
773000,101.002361978634,875338.887439126,386141.116014796,543646.016701685,576131.00302221,147578.879034035,160613.858540003,99563.9427060386,1
774000,138.647110449898,1211689.22308119,816093.691057804,431227.600721719,984311.758014715,264306.171377326,140714.962848018,66057.0562678425,1
775000,178.924645571619,1899408.35640438,1025377.33493295,348183.422547502,1792250.30470386,487144.603099448,210660.349260658,76826.4170029629,1
776000,192.746500116181,2642488.01017398,1037145.14310993,458534.104139911,2013918.5453859,523325.35138603,310141.643943676,85592.3344373191,1
777000,186.354057211008,2562159.18053523,1029871.70151366,452006.656874383,1677194.25839674,427390.301602627,266951.13055155,81971.8125247973,1
778000,171.164551592798,1710033.68643352,960750.183254881,390766.530343616,1495764.04649641,432560.227882938,203077.282753404,74524.8801288288,1
779000,170.347641810423,1707461.82732053,1025388.34160977,488780.212858795,1543474.15323681,468315.526951243,192513.137303307,74120.0738071206,1
780000,177.718000011853,1996354.90962635,1053959.22877193,413367.127641224,1684057.66717099,423799.974065453,149880.774532679,80282.2403226503,1
781000,164.425849733456,1896251.52057154,927514.616003114,409035.489993974,1379331.91366141,358475.458371085,191622.198760129,90844.2221395054,1
782000,149.146872684794,1315967.99559387,594340.846812354,577669.993716465,790052.033930792,226696.917679376,253859.52489599,109676.228539378,1
783000,145.393233958584,1385462.70646838,611811.377960382,518112.943351612,994064.590941948,246698.393626239,200082.301996292,111064.143797713,1
784000,149.922830941205,1924567.93867537,866611.842169412,364556.779137039,1245087.57093625,440905.344681042,203621.546300873,90525.1891298418,1
785000,159.731536549169,1839634.86467478,934663.582432052,353939.208461183,1418169.36055264,507991.324516874,214855.9174884,71327.9134824188,1
786000,178.574103044037,1983359.42933005,977564.139250082,424467.92698176,1521003.00989419,464862.788577178,184784.977465714,84959.8550803341,1
787000,178.370043494842,2261300.19794782,1089610.24072846,419737.295501619,1671980.72277866,432867.103042745,221403.466548718,98826.3478977106,1
788000,171.738753666443,1889646.48961697,1171195.31250612,398035.321531851,1903640.25924365,452210.640586804,235545.980327853,85641.9186526498,1
789000,171.752623825176,1694530.08693919,1131933.69322107,373110.861898345,1592701.18160707,488438.324701837,241709.542210241,66408.1417176131,1
790000,154.543313030855,1957279.98888365,1030099.68489816,359475.018823882,1515905.36080017,434343.780847581,338763.400317361,69689.9539653486,1
791000,129.110913559038,1539996.09352788,622249.960385812,457475.782438328,1023454.90814783,225775.987930398,279626.453442485,85023.4275069025,1
792000,117.350638525952,818657.719751558,429517.209138567,511446.414709855,508774.3661449,126286.708504617,147749.132430836,81232.6767926999,1
793000,140.158978612447,1338664.76953496,777864.843592933,406763.793268077,1242161.42607934,387119.451204913,170274.560900263,74041.2576251148,1
794000,185.678886066302,2723871.84301213,928863.487151855,350368.772331705,1850941.8654856,545695.008298235,217074.445146751,77376.8021217495,1
795000,202.098222287251,2705381.473463,1027413.31548157,438437.120217242,1646543.46007566,509773.768069396,226458.236467725,78164.2615674672,1
796000,189.860140574044,1862919.80242081,1113258.90971166,419594.308190686,1670233.66143106,532209.574679392,268829.653758479,75253.9351840181,1
797000,185.540528808499,1635220.94829525,1065989.95736621,271940.027559724,1766672.81416878,461597.390804191,259391.907696144,65114.8031323655,1
798000,169.80605573741,1491227.1667409,1041194.38314528,266289.075628248,1667427.23509615,380760.559902762,183760.433837673,53371.7565590861,1
799000,158.848718274488,1920074.27196132,943880.285348163,255598.337661635,1523037.04137357,409749.895967919,180234.235130066,60774.5358842071,1
800000,134.173413147237,1665371.19918858,861114.400699593,207135.438296341,1239815.83710352,387243.592739557,219514.961700851,82372.1900014305,1
801000,100.498585829697,932833.03247883,604022.655272436,396610.623992526,812524.387620722,210114.663188813,216675.734461505,81779.9815156856,1
802000,134.302705879988,1311132.75194337,610039.76354776,505843.126573218,914779.955207475,220835.825483032,195404.034289271,60661.6051960882,1
803000,172.883659234644,2016151.2038173,867475.594605193,366159.885444878,1602918.79063936,353168.777610565,209159.848298271,62633.0279497118,1
804000,189.551892518496,2050550.46272113,991154.887637293,299618.184860203,1688052.27991322,464062.016252424,235721.187856971,72812.7640739568,1
805000,190.975481961827,2121398.28787149,1158833.5912369,381821.008394285,1877092.60618609,502296.314880565,294907.39665796,88743.7120518519,1
806000,195.292111145761,2239090.0322562,1092852.11196414,436274.839580307,2009229.04429518,520581.835109118,341246.957529115,87790.113371465,1
807000,196.067138690788,1902040.0087025,1073821.17350449,358316.024454009,1642049.50901743,549390.572946674,316763.739262347,68036.3860133522,1
808000,184.649972221872,1596699.24698336,1263581.09943859,355852.933827487,1899462.15147894,564256.390468782,256120.425461668,71168.3307803052,1
809000,158.365961078975,1634973.600927,1118257.01799233,516527.182288407,1590195.82540614,478540.964935023,311427.938905364,81377.5224595898,1
810000,117.05733567127,1348337.99402248,699346.086829744,558512.72660345,814644.66419824,306036.073829572,360989.533352225,88139.2211456808,1
811000,114.362053728116,764852.580867486,590272.546623016,463039.904257253,896325.994778845,263539.883229529,250188.354099491,89550.6218136329,1
812000,161.565776629914,1332401.98905869,805274.503372046,379188.110185408,1357627.54601885,385042.908804682,189566.01721151,83864.2200837814,1
813000,174.901640217729,1878527.59307288,1134507.28997973,529466.321408462,1690751.03928957,508847.81959921,248752.400350749,91548.0588416353,1
814000,135.859050725179,1500154.39786587,904962.587070268,742036.175816203,1300817.16879217,314605.372827234,242184.147088584,86027.1599533974,1
815000,115.103084699356,726181.534757845,294804.926506747,460569.060764067,591715.821015012,76421.0192433361,172524.767499999,63946.8663993478,1
816000,115.492496255677,361815.9489058,208080.462694224,202746.464780739,329166.835680602,39017.225466708,133091.264250211,44381.7805926089,1
817000,104.695717199071,483904.752045773,317127.124937519,184137.72743048,414783.382865494,99608.3941282177,114605.873254464,34339.707956619,1
818000,99.2647892880996,683370.664001943,451523.199306991,158055.701017343,624085.546351912,156532.110192647,89072.0277106247,35598.842125693,1
819000,94.5729647593271,808664.970966834,528538.9051712,200669.148106415,627769.411054488,136307.61904576,84623.8311688794,27249.6919704898,1
820000,114.424483524724,668385.740357628,516865.593850417,578864.297416919,644254.633202008,129458.197193396,122454.183087094,24098.6256979487,1
821000,112.952482342011,399453.233400397,276582.263787647,506994.485935171,412596.985403944,78857.950350592,81240.3810837958,21545.4692866493,1
822000,79.3906109659495,137650.272672315,21438.495439545,54948.2606529935,51223.7029140656,5413.84495738373,12694.370864222,13826.415767374,1
823000,56.301634862855,69896.8098499436,9193.26324522845,15907.569671811,22159.7399359796,2405.68256642797,9621.16928844932,14801.6121689462,1
824000,38.3346524851395,28026.5366630453,4637.37930600438,7118.33235883614,9028.96593442054,1108.00022956998,5433.71001088586,12421.7856651879,1
825000,33.6064697479857,2313.31733498179,638.025523216701,756.586986107457,1913.60244633595,556.709901157592,1230.73111046115,5792.22607692005,1
826000,29.1488409982608,7636.41056159722,1032.2234156418,4245.21433017717,6270.10979467218,882.936119330967,985.260418146577,3363.89166157604,1
827000,21.6031909321386,7590.24984132146,1046.85831639649,4837.33886006302,8763.27482099076,879.893624582896,1503.97832447985,2117.65241814711,1
828000,19.5618797102714,1003.59217654798,328.044579249834,1276.91191840792,4005.3023454824,378.887710933274,1214.15691776175,2172.93639594889,1
829000,28.5251590754552,21067.1016984329,2141.67095070721,18283.5128024427,9885.97825910689,782.79266627485,4085.73098098228,3471.68121964425,1
830000,35.4686111118445,82778.2342845633,7421.90671516202,46513.3964025566,22922.7211502291,2873.45323904903,15915.1600602557,10918.8452513826,1
831000,29.1264233872462,68203.9309123943,6307.64079383647,29782.8198101357,25263.7516986822,2516.05363149138,13415.51417106,19784.1765248361,1
832000,18.442841074964,6357.39401716163,1004.73118377338,1273.15776245476,11952.0019284393,344.051555723598,1458.07397976844,12367.4025919488,1
833000,17.7596058519694,453.041246801697,174.271630683502,542.052305294195,800.948748272282,184.161580138739,611.784205222615,1773.88799613227,1
834000,17.3517158986252,462.675462294803,157.069492769284,643.690315547986,880.461190349905,156.319116398026,536.154508303695,1398.26262281425,1
835000,14.502035788057,378.310051289788,165.476569366523,398.409292431555,689.800810688875,124.436565163472,329.469606421475,1301.1450463094,1
836000,15.117400599582,277.93804339913,172.984830298534,270.22303614963,486.988361552258,107.897221784869,335.996212907956,631.157318951702,1
837000,14.1715706407655,235.379872685164,154.662016721827,284.159775414133,397.926948289759,127.825266955448,384.62262441357,403.572907772514,1
838000,14.4123702148672,177.107756538199,193.181982741579,279.706679911151,460.533076431968,123.939714703406,355.413830824875,659.824342996909,1
839000,21.4418715381645,202.495501099166,189.110613282678,358.479663081091,735.654891472973,131.166614836416,533.174755734318,1237.5702095974,1
840000,20.5303835017978,282.068134444261,172.979503164227,353.61013787556,889.000474327246,172.345490315697,622.749504014698,1263.73279239752,1
841000,18.137958105756,14042.9320557253,3611.35599366041,7275.8519285497,12772.8262399648,1614.61041394392,3029.33843548399,3066.96579215242,1
842000,25.8183822883257,16186.6712889546,4779.18120128162,9322.80294133826,19929.4883087019,2512.46944714042,3882.57637960575,8044.87673659542,1
843000,29.5669875715613,3410.41261265933,1475.34728905101,2957.65033761282,11901.7861851173,1217.71474065581,3170.12234297009,9132.6789033156,1
844000,62.6970470598396,395964.291770858,186817.025833145,74375.3040957289,264192.4139852,51771.8521557617,41360.6981022831,26864.0948811606,1
845000,110.37351506303,1023241.13323162,468735.324799976,192084.298504644,752651.623698064,171836.463013345,95624.6195284486,58597.5083942837,1
846000,124.272528857469,1347875.37940376,663357.843646282,202156.254522971,992488.562956907,247770.57001192,147978.029020651,66079.5685294799,1
847000,125.590368329794,1342734.36525893,676892.173432737,200960.082479796,1017129.35910976,223945.395810518,138259.862958178,59571.2760625349,1
848000,128.924787718276,1138717.69554393,606274.646987139,347492.733966158,962345.066233146,211470.394501144,114947.81956426,68498.1047891337,1
849000,144.903087656537,1107598.70357108,723387.162850337,434123.063378583,971994.204619558,264745.976180371,139210.990301991,77560.6487937179,1
850000,146.736475052356,958578.899913179,549346.694149188,449113.245609157,863022.681000755,205285.869566011,113137.895760899,57986.0008951928,1
851000,112.441699032866,1493987.39757543,315630.001508274,402692.167702687,1140418.0460029,109679.202808645,187953.399407812,52859.2749461251,2
852000,73.0992272307712,1132640.17691374,180097.47511705,160147.929506767,809981.5562309,54601.0335983864,148289.558253954,38305.833030321,2
853000,69.3811608086476,291137.754465969,81377.5150765244,168393.39995581,137910.972368924,20178.6766993192,23563.243205065,21292.619983583,2
854000,74.0339393284914,356224.9693639,105915.252482431,186706.064305971,193952.67663415,32511.1956988166,31047.9473497542,23987.1250592773,2
855000,119.61957245842,981198.29339368,296837.852345409,182552.096486998,715669.815432645,114524.810830264,153407.390614014,62417.0894721285,2
856000,156.213145048276,2563829.02486222,510860.513577509,637121.086391113,1412476.71538882,194942.143647634,213372.002512135,77832.882712154,2
857000,144.512493228871,2027351.11723486,449611.570123659,718063.674488844,1118885.94098925,160519.310361872,111263.626738192,53465.7341785387,2
858000,121.061434154109,778889.563883805,536199.104651709,401666.815148517,798621.1650966,158632.881487015,175785.244741063,52542.1227008253,1
859000,97.9765567900023,935041.041581945,593932.636573868,270893.663876019,822096.352576909,178054.236168845,208064.210105259,41020.9304555867,1
860000,103.111713806118,1050804.19461887,576228.83029112,242975.823030629,820803.52337822,175182.221902352,152722.820209635,31683.0475648681,1
861000,110.126050972564,991878.963146504,565324.695970454,230840.966251998,786433.212338752,165750.807998013,139460.534033012,26946.9285870591,1
862000,99.9045092521153,878415.531345369,502329.434257677,256002.31986823,612466.57542091,143088.498241379,163357.779981244,28431.461054918,1
863000,90.7019965941221,732415.108481083,487872.578222203,345010.396307288,537708.910251672,129469.286726699,173358.805399384,25837.8768629695,1
864000,103.999195665425,828772.704632362,533923.813021561,356079.159159925,555375.266689567,140282.87792956,144472.226216469,23227.2857717119,1
865000,113.900886592714,1420716.49439228,644441.719676305,274253.342399337,640292.457575169,146357.98325517,128460.589757192,31500.689889172,1
866000,103.504218091797,1328919.24627379,654343.989780552,229267.081568183,709655.78496922,173131.572982139,117109.485325373,39651.8809144191,1
867000,93.952945422779,825864.527018256,534436.219634572,200206.999942723,598046.730145776,168734.80683829,167617.004406049,34778.8969645127,1
868000,87.8570581370488,671763.737505782,476547.79303385,238627.719352373,480300.127990682,119304.837298626,226617.889711214,29049.5623498485,1
869000,77.0079282503058,588596.196706608,485133.95248384,240785.866515587,415492.502474761,103897.261379362,183966.889926919,31599.2662612794,1
870000,119.804175619843,1729928.79212344,629132.452057387,871288.742545775,731289.28774329,131521.249289823,177939.6783562,54155.4440417339,1
871000,141.72490750853,1545711.77457461,428893.911166281,841905.308465095,716486.105183912,99159.3315210274,174954.10596022,85834.8566325463,2
872000,121.052312357628,274374.484520484,341418.216860404,157405.517779922,462954.647296269,84883.4125711426,104357.733089865,67206.4862809789,2
873000,115.628555782987,546375.18897722,684923.274588918,243359.405855298,673533.271463026,148306.339584446,140430.273425159,46112.7292082307,1
874000,142.213766914592,1047310.25445384,752857.246121442,247817.803190953,885997.744249747,289659.919789297,157944.855662318,71022.0955194645,1
875000,150.185655098148,1828015.30604929,591077.907388654,1104756.18397424,895936.768381959,264760.190373174,151457.12576075,78547.362992348,1
876000,120.273018711668,1572539.03947159,476935.07485522,1062241.36477554,654493.615015227,106623.273816045,123540.614031853,52269.4024659958,1
877000,118.66521780789,625058.542730085,317967.937424035,413463.083694266,525397.230569812,81259.4782749592,104353.425005485,48606.1953057739,1
878000,121.60552859864,699967.736583113,332864.84473578,1024999.86806979,852474.889510756,73201.1967902068,149706.899345751,56899.9408687092,2
879000,107.234396244757,924353.998543428,343625.079792533,880013.095847799,888193.538779064,59442.7707680933,125179.694649695,40785.2893155191,1
880000,110.692525903282,750362.505203396,124788.37765998,275093.016635028,404344.536725343,24080.4339199712,85555.9871001651,34810.0793145332,1
881000,121.148372208376,572351.771577019,82858.5967153094,142435.247659378,410498.664420589,20541.2207852271,116330.035992637,38300.2252414561,1
882000,116.93273101368,638441.954582099,76151.5554315344,164612.814729719,441924.417930746,24183.1313275918,104422.695543581,29806.2865021636,1
883000,134.233818753629,1086490.47519841,433932.475029721,537500.264281732,939256.829950969,92999.2750405929,131621.942448231,52296.003446175,1
884000,165.949463538327,2509095.86164992,959884.123811819,691537.999630788,2422373.27429414,234967.487090942,384428.37449223,75862.3450050815,1
885000,173.009723446832,3565709.03232157,1000622.3538192,486838.766442764,2882359.61140996,226509.27202714,407236.930802564,80056.3463908064,2
886000,162.354251128196,2864640.26906519,725500.52480035,559761.416606181,2385241.43394587,144849.711867683,258519.324900344,77912.2830693536,2
887000,156.9188313045,3173679.94753545,641451.11540311,583262.793093687,1933314.78393167,183647.094323945,211066.446000305,57889.1327442489,2
888000,143.242685377837,3086005.35780463,602260.736194377,428814.937182554,1445472.69692474,164844.055613762,144417.650190777,74295.0914446082,2
889000,130.702701308687,1848324.60905736,565503.09789052,750884.843230763,1788143.82806571,228969.364084839,297499.424382364,86515.9398623849,2
890000,142.876015070328,1530854.66913386,576345.688266593,715809.535099138,2249049.63128412,304794.501918292,380285.83686387,97515.0951202731,2
891000,137.602711195852,1198848.9012586,489948.258385828,319456.789318746,1872036.92064244,222407.857096311,243989.651179145,89773.0057696601,2
892000,145.326954960892,1009308.65703653,396319.088316518,517587.954506354,1569307.3290054,217473.511973069,222233.770372792,60274.1080117675,2
893000,130.254294318352,686105.732948008,231825.401122743,395564.070666018,912639.772285826,158945.137192972,154717.296029403,53109.7913267139,2
894000,125.466067880598,424351.415649213,428509.745044852,220006.655804046,741356.164158029,176185.725920443,98535.9800248936,47565.3086389068,1
895000,133.785320695256,661531.61779859,721968.113202258,317101.93872388,1023741.74273598,244774.212724422,154681.961700389,63540.751461217,1
896000,129.42392814969,1043022.01433235,764435.493109932,314692.973267467,856723.695189122,249151.385301485,165971.520803502,82921.8696020421,1
897000,128.801502484628,1120665.25274912,810816.599836678,322278.299822456,967457.04728958,333298.058145682,181082.916553597,74840.6864557924,1
898000,118.900819539572,1201505.00553226,786288.652717355,277058.129119837,1005052.84178556,305456.043426494,154279.754205623,54348.1635163063,1
899000,127.193795575727,1221817.49238457,866938.797411212,194251.462825665,989278.717052735,259618.347486513,128620.099680955,56664.3074398936,1
900000,146.249854811805,1929303.35816462,790038.728161308,689608.664629098,1346241.92786996,348697.608609969,249697.18877409,96045.8573914196,1
901000,136.017531221232,1709202.05213846,648544.465248161,668208.827339453,1207821.83183527,323703.914016324,273694.451310461,86186.8416206311,1
902000,107.943454587524,1376422.31484434,694842.735753494,208426.78820852,1042793.28139727,272668.819623636,177620.238439179,65603.2956924,1
903000,133.77232212088,2575803.77273809,560084.250164514,355323.438899301,1489198.0417155,219419.086536419,278748.789681939,56562.9432042844,1
904000,132.749740390708,2830913.0791685,396981.205389916,312633.350741523,1328865.31819854,116768.885642395,283278.358758531,34281.0865360686,2
905000,126.932121810972,2577740.90283642,367631.480005436,313547.832067947,919792.027639848,94835.5406987717,137084.571387228,49758.1104976948,2
906000,173.750737010656,3211890.65806021,551825.798003495,529679.944659999,1134461.41398258,98746.0356480801,117273.806142901,65272.9364717219,2
907000,186.589732536406,3974559.99850732,717464.062849065,878778.751961905,1467834.84458079,117260.65162648,133436.10098944,81309.5742810739,2
908000,177.527869951587,3850616.32350101,634267.057753918,978428.964441354,1482298.0201261,127117.069341189,145759.984761936,109787.396594497,2
909000,173.971108172035,4195512.60002919,755354.262301126,709631.510841808,1800307.2530569,151663.844545905,164676.102867839,88138.9519239073,2
910000,170.098185662217,3904871.00654169,746635.019466213,393985.58552829,1646696.75786462,168919.480694997,127370.699253125,54690.6442615865,2
911000,184.427487534883,3574291.23659724,816891.721897186,614572.472113565,1613343.01702207,252093.828132958,111245.092669204,71882.7444185707,2
912000,155.505289818866,2352829.24394159,662164.950903281,579725.612927856,1257201.10938843,224714.96898293,90548.6017973643,82652.7630567927,2
913000,121.333521670631,607799.263070353,426643.459614151,204066.111173962,653372.009327207,121050.529705936,58769.3340342256,64994.6703843633,1
914000,135.721918942981,581336.514269461,572126.127751445,294898.852272829,808131.517793729,177247.842726644,117964.022450159,66292.7596894856,1
915000,134.434503285069,775953.058038836,602470.315247411,292559.429556422,744179.829496742,196935.5715314,168314.173360799,74868.7773615353,1
916000,125.131617908461,770000.681053434,608460.37132983,266035.45394436,638071.046328196,146628.475179637,128777.226730497,61515.1758489526,1
917000,121.060768529624,610479.612236388,546429.261643877,297479.573779979,610766.001418929,141022.491938922,89711.8932708376,57438.5437651338,1
918000,134.456225251034,883516.110124086,607400.594729616,298533.719239765,649520.991606356,186820.248888032,97762.1404274704,53140.5524836821,1
919000,137.799862516214,857430.859784179,699562.577306638,363410.957994972,713827.97919771,222613.259248378,114611.216581004,48153.1442938847,1
920000,117.15438245902,802954.183454935,701745.63437098,302653.761531963,685960.704542417,202186.852452633,136539.85541511,65487.6354418963,1
921000,122.729472562187,1747311.93172562,823785.21366849,477313.127774875,1007768.04052193,270256.275634952,208397.898833273,88810.358114127,1
922000,139.513421171239,2436685.80598483,676314.242080734,698262.603668142,1668630.20712991,336283.479704631,201111.276365028,89969.1151632135,1
923000,153.261694939437,3755496.25460772,860073.980083024,999690.452283798,2278972.70194463,222450.673578207,138651.779088282,84097.3675204541,2
924000,157.737124241163,4212020.07465629,976057.241938048,1284354.08832227,2212298.13883174,149856.260233001,185800.643583203,89917.7181964561,2
925000,152.820304876159,3371123.32740883,654433.879482264,1274122.53376893,1574845.55957949,136857.426585179,171000.645167976,88690.2749746455,2
926000,160.538317310903,3073981.91603018,667598.694571821,881495.657184507,1473518.08316515,119261.992068495,128311.327129253,77713.5374407365,2
927000,161.802721831743,3143391.04417756,778969.280163053,869262.5346947,1694324.14772437,160302.277867408,186147.662498479,94118.4414529566,2
928000,167.707359621246,3324782.57823543,1122115.0000244,1497122.80014457,1739189.97234441,223446.966341038,289930.20573583,134460.740559013,2
929000,192.431499098813,3095676.73324731,1136759.98533339,962946.043463044,1861697.49158129,259703.506379235,234508.656930596,124065.455153654,2
930000,200.480295695796,3319281.07150511,799590.041121791,391428.24559791,1996866.72746143,217059.677689483,136550.703048272,77478.1510081009,2
931000,185.455028256342,2815610.23385732,948655.491878928,756746.581086507,1831836.51114877,171036.718268938,208081.526144425,78938.3891210315,2
932000,163.45229809769,2617856.16187038,1201494.01375574,782874.226785023,1752390.8542721,187345.467615829,248343.348591134,94718.5945480919,2
933000,140.23672250984,2712360.76680847,1009235.32966068,514928.167663573,1648220.73192241,245921.674174813,166655.26950975,79450.6069144124,2
934000,137.497869936128,1510149.58507246,732378.34881332,379003.188276871,1088506.77705776,249868.508805581,120495.463607548,58211.9569970254,1
935000,135.98722901447,700587.535063487,571294.545441578,324710.606882878,571035.023821712,185357.951428642,120689.855085445,61494.6328424804,1
936000,120.001326057597,1030814.13714897,596378.838945664,274748.382672906,654258.517331736,192668.128546074,127754.074745353,66728.4778226004,1
937000,134.957290165325,1010331.47007912,665095.669505692,307302.260963256,798802.329234646,210800.80902882,141009.829064256,64125.1518355973,1
938000,137.227672696323,814792.865992497,579396.024505264,328888.176677262,685434.936099123,183390.228840333,132560.555914795,78800.3741648297,1
939000,112.300118281013,1038041.167974,577336.455703044,176142.969346693,660959.237710716,162860.9660764,113673.312342265,83359.5626521595,1
940000,111.736566031655,1477827.10260911,632594.336324475,189347.814887876,835627.858728737,144931.362897457,116527.790132508,52057.4151808584,1
941000,135.257260479544,1804037.68105398,487558.713817486,315486.352285181,1541900.40807442,131906.863129879,134992.537372625,47909.1860947347,2
942000,165.133332880971,2703933.77108931,679255.52592045,1023068.0664735,2014395.58814902,159709.943519612,180000.639614092,75396.8481124703,2
943000,169.250284008378,3421887.216757,1316436.27717378,1537294.19265044,1880658.55285241,209312.997118452,209451.929104396,103967.469787551,2
944000,159.295068987209,3048990.5433183,1370513.64086191,1145386.95597278,1772184.88259983,196824.903027376,161526.65391989,111260.681907388,2
945000,153.896791202619,3469337.23367712,1556999.5963529,982177.68331458,2093504.88016978,235904.633956241,196609.798533139,141928.219219251,2
946000,167.882868948814,3364884.35965345,1714171.65972069,1236766.92180211,2250212.27524164,333642.98217996,287108.747326638,205850.656631701,2
947000,186.206016806435,2536280.84439846,1467008.96823093,894570.646871938,2468724.71546891,411458.26834921,260774.16055012,179167.469974046,2
948000,178.519677491262,3369035.98634773,1388418.96703894,480348.518785998,2876761.08485034,448346.16255064,259332.720660211,113376.05412537,2
949000,157.212241800651,3747365.99407482,1383218.92034518,545536.552549495,2586585.30890701,419986.043019565,274635.462618226,97081.2493644342,2
950000,131.042871306774,2949914.04277861,1869855.52194856,816418.080287954,2418748.38971501,354200.559460507,261628.94851295,113075.921973792,2
951000,113.924268067952,2849351.23588431,2351448.60908775,1343379.98240515,2426874.55005985,396745.035085431,340816.854031342,169471.975156633,2
952000,120.324490306305,2254594.53303882,2166499.57585581,1175665.62037462,2180958.86825222,388615.937445527,321509.970196133,214476.031361885,2
953000,120.099462357148,2234494.58367972,1802107.67603608,624726.781668712,1825256.40836581,266226.47575137,202420.890090481,178951.622721876,2
954000,104.187589118384,1526943.8341707,936403.098580088,278512.081934467,899232.972740688,142566.924669452,96120.5372215094,96677.743985833,2
955000,101.917175864504,441736.20690107,338417.272461565,151328.745448846,325418.326655835,82020.4020145448,47409.4748101501,60901.4508125619,2
956000,130.257018497085,724069.102142658,658837.675585798,317435.58543367,652663.279956642,197884.940124758,92305.5948287075,57521.595770848,1
957000,130.284494461489,961780.113425873,959783.094740161,347822.855522171,1021381.20671763,273112.361062454,181364.897746835,63220.930559007,1
958000,124.054964890106,1143348.26216807,897681.346748341,371253.785080993,1109095.69865179,252940.366182889,202577.494568336,68241.5912638015,1
959000,138.691948380066,927245.938900957,632401.771638309,353230.778961812,822803.184119957,191003.100325197,126639.154067518,68105.3993963414,1
960000,132.777546443361,942211.428320794,628406.447498319,266313.512417113,726174.253437054,170586.330603417,97351.2989081844,66092.6415123224,1
961000,128.008754077251,901809.808895843,592734.293557943,259746.582696933,758671.522195599,183501.859939262,100460.53207437,49004.9666519342,1
962000,131.262337880336,649335.712916138,525814.063852631,268023.189460762,658473.526206584,161369.607707243,105617.148658207,49446.7003468833,1
963000,131.236039683771,706812.536735505,574819.590129513,319306.602911997,558088.694563441,134885.076552958,119848.241744371,57217.2100381671,1
964000,105.123007272622,611982.816346904,491169.103761843,248961.170130583,454370.032332177,114165.057570361,106310.371528993,47100.4231712094,1
965000,69.70011309541,315827.056026277,309372.496977179,102823.447484805,312023.150268836,82827.9071099061,66671.3854303334,30740.108680576,1
966000,62.6526685412649,392196.913671721,215577.092111435,63389.6540846487,197039.341997283,44309.5571088972,46035.2328727914,19433.8311008291,1
967000,61.4551868402162,282548.316150946,87485.2052407459,37003.5654493546,119100.048438779,15430.0263230686,31014.2446153242,12335.3314690306,1
968000,69.7481439456801,111333.416727691,122808.660978485,32122.1166544149,194599.622903362,35353.2149494526,54836.9023179711,20090.8954138513,1
969000,84.2888864768159,517139.249474351,428305.445827112,127112.179310042,499320.444379502,103669.971106975,88295.9344847126,31178.0624866639,1
970000,104.621469739985,900180.340423436,714617.476096338,181331.775411497,835704.598190002,179478.640934386,90195.5893074641,36766.7676020417,1
971000,113.786529327663,1031300.31366741,795231.050029265,191854.005742083,939899.373051952,203268.943091604,123423.073853117,42862.419639173,1
972000,117.802725533036,978602.139381526,892900.807173053,175864.748169222,973768.678215369,245461.54684826,134865.602076625,49945.8507010341,1
973000,123.724923705396,1225132.98600514,844420.843500886,182307.657919855,1127438.06731241,288945.036455766,119341.949915332,44725.4926927795,1
974000,141.099032563071,1709843.18051649,590493.679615667,439881.087006357,1067435.13015483,247471.135156286,117958.302691234,49881.3171601307,1
975000,132.419431919419,1223305.40823125,537494.112896411,390550.32823358,867723.966004116,215950.625394267,145425.189205179,62215.932863935,1
976000,107.728115959609,637033.980918653,539557.159741897,187292.650728829,656831.688234296,232833.546338933,170312.183422558,58916.5880807926,1
977000,108.124043478844,862005.273031488,506253.126274807,197715.497094599,481809.145365977,199752.475831601,163093.423743793,52266.9606022518,1
978000,87.6215348622822,947933.483307571,385989.322977635,144634.811735409,415143.31465809,92623.9236476888,131542.862315763,35317.2209355415,1
979000,67.2686112982676,615550.993912631,173569.812335705,145208.40425859,276449.83022273,29953.0128879643,85327.738877394,33943.3667559078,1
980000,75.2162629773398,418208.805489355,233083.62929747,191005.571987921,296701.074954734,57898.5433581018,81026.0287751072,48663.5884576041,1
981000,65.9680310377785,232177.44549702,181271.280910798,112534.391723985,205208.332846977,48694.5628165209,51054.9532263226,27732.494927073,1
982000,48.4421837553406,21889.8816756666,2740.18107647956,10115.8447225646,7162.56677191514,5779.91810616557,10056.7625724083,5085.35218834572,1
983000,44.0829554012159,23388.572675194,7190.22488991855,11337.8206957166,12148.2616468391,6306.14094884521,10314.6081725876,5062.28870046591,1
984000,32.3334637518267,14848.8718748225,5927.87123492737,2720.52192653455,9607.67649999661,4084.38353842372,4619.00404507333,2264.60467713182,1
985000,28.2232244490676,360.608239625701,1017.70713647384,844.6786789122,3204.99278597675,1733.48018694395,1775.70973762073,556.054425202864,1
986000,21.4681561898814,286.034565694142,479.410951499792,343.19886285181,2505.53805078459,743.001345962028,903.987504849575,393.288287764853,1
987000,13.3008444797639,144.653410049828,207.664376066084,303.125202364065,163.80541513979,177.100470862158,641.007836072883,181.693188978251,1
988000,14.1876119617049,130.21348152518,223.219295021647,378.360408725337,157.495795697305,155.52813782175,621.655875987523,168.550578207806,1
989000,13.2896389913914,121.468553618768,206.889725561522,359.221033398767,131.246936528513,101.144781332349,432.027670514322,135.900083300665,1
990000,13.2382648948507,144.224060207293,229.922465094415,355.674283685715,111.145610681902,113.135820371666,351.363335641484,157.796339053995,1
991000,12.567781126272,172.568862840054,245.89323359257,289.221616340814,103.102287999504,102.029026561453,383.495065402603,182.063015139144,1
992000,11.1259757123394,152.599911626218,167.147877457714,177.776217084778,117.734981141109,99.2964727067901,306.803760790314,129.120139775797,1
993000,11.3654356445086,141.938755552893,154.193442388443,237.673185028115,119.777067376521,128.385906582681,243.29797070064,122.729092646264,1
994000,10.3457578727003,144.388850027436,159.110658943088,269.96756560296,105.095859841588,142.4764265504,230.329079159583,148.779673354501,1
995000,10.7269114165549,140.681765625116,168.299361848242,204.613676297701,118.521800449009,126.947016917263,288.984818522449,125.948800618528,1
996000,10.598568344786,136.553953890215,223.690002870269,247.769540441747,109.684194062304,104.081210026994,313.825944976106,98.63542641025,1
997000,10.3955098016645,154.772995190302,187.271602990879,247.334790742118,97.4464367264481,113.996791345186,283.75567483306,117.13838076517,1
998000,11.8211308418346,143.132534029266,155.122389714951,180.618215769397,98.5632484198107,107.62058554202,292.242608676821,136.696051319809,1
999000,11.732642321176,113.145279295086,184.597682163506,186.819979518279,99.0132882812103,84.253028805942,260.298550180752,118.725660278397,1
1000000,11.7145584207557,105.723567884685,164.077720231086,289.109990708664,113.001759241322,114.355722698407,251.997262857193,164.99153688269,1
1001000,15.4568392559689,130.768489475684,194.551330850696,436.490045513606,178.768493188507,225.547268386023,825.666016384779,359.014779271231,1
1002000,15.5098367628267,151.176222273561,210.017331002659,360.648109693656,179.463426294053,221.398377083931,849.571664004228,336.370569429965,1
1003000,12.1346062286067,130.135432917887,150.464003130642,241.866930581636,134.85140775798,113.676355092262,299.770925369451,152.399916827968,1
1004000,11.1949605187537,117.341724094154,172.101822591157,289.320771654536,138.704002642221,90.2894572736697,285.130330542642,123.215956849462,1
1005000,13.0740734577559,112.943698040424,231.400000796774,256.817908403192,140.011501074664,93.6077725347965,388.467045769534,150.618513618195,1
1006000,14.3475259848785,133.713995857726,238.836261293204,349.150721479037,143.560181909464,134.700553090513,460.520248476871,213.884043568258,1
1007000,13.0361861449334,155.159340889045,200.071091072891,453.324089730918,147.265186233176,140.181403993679,415.891133437309,182.261751499518,1
1008000,12.0231477150649,140.924694522435,167.039297081004,332.444798667091,137.169149169214,125.464695988653,321.316294412782,162.014928254719,1
1009000,10.8305673062161,139.043352706546,159.711260050172,245.730212346462,119.450871301105,132.07211627765,260.532132820991,138.515575769098,1
1010000,12.102234987212,172.584712822183,158.803354387011,266.062052266731,113.367863460236,129.672042658549,354.495268245911,101.741504805236,1
1011000,13.7309067103849,166.754038115974,151.353025825253,225.122580466722,108.453365082146,125.555401646757,417.073403446977,110.126233553935,1
1012000,12.8326905157139,132.179989038281,173.551218536818,195.340475589139,103.116851456202,115.692061018337,364.834425700078,100.033855592023,1
1013000,12.0698484063989,127.279401778156,230.472891513662,252.549970192673,97.4773413964783,101.353047239571,306.129888748173,127.173048913986,1
1014000,11.2689264047857,130.7351670746,238.706829613386,273.457469397857,106.726474041798,127.005486356372,309.353903627505,161.775592984535,1
1015000,11.3929833039005,154.208442107984,233.183877804385,319.596490445633,129.48687708785,170.580514258449,370.923503187916,155.995620083505,1
1016000,13.1798445952816,149.24009373331,225.31291856392,280.269649412005,130.930107983185,154.610566961381,348.113614476699,129.51069046806,1
1017000,12.6055287266306,170.380626883761,343.279072091757,278.915291743344,165.976405363766,157.421767476955,348.006200765208,129.023991116125,1
1018000,59.108622179942,7632.15109356053,7293.9490847211,8376.37133709046,17808.427443269,13855.0244367205,10711.053611852,10744.7353932922,1
1019000,111.527740105069,488801.555341698,129644.582158038,141094.785589694,276086.489153757,48154.4687096648,38649.625808343,25819.2117460834,1
1020000,113.175391352001,847106.503692094,311897.679119933,216579.298715528,526593.889155122,80187.784235247,60481.8098654865,36798.5509815337,1
1021000,93.8766012780615,850248.40615441,404630.704646364,170583.093711693,459131.475086806,82994.8545038736,71440.0419286493,35221.77708859,1
1022000,103.582071952339,1515754.09190849,650333.541698096,300429.437373263,670094.842564073,124825.177908317,156029.296167188,39279.1065333328,1
1023000,106.5069764787,1521698.5174686,936806.09620134,370698.755397124,895349.952732075,259164.53885816,200298.224091776,53311.6899059111,1
1024000,103.361428793061,1244760.74982332,826309.728871317,253172.115694063,790423.282057475,243907.577726374,161863.764955067,49526.8689147118,1
1025000,96.9469775399503,1714076.94731143,509860.393284148,273832.530471464,620534.295974839,117895.533485635,139455.563415229,30115.7436873119,1
1026000,87.463418005146,1460345.42057984,351265.697966652,321552.899297896,462082.972293422,86385.7881106429,132091.315330173,20445.1958407273,1
1027000,87.7601157084784,776713.287459189,288217.649393855,226037.152083863,405248.840654416,64450.7044890548,107859.985165384,18101.2074575109,1
1028000,85.4927829676917,309796.897187842,140426.977960158,110016.97768805,224655.387512931,26912.5953502323,41764.5270740624,14561.698415622,1
1029000,60.3574627395505,35337.3069608211,18411.5810582979,29502.3007077959,36261.5975061816,3499.23291873738,5868.94560771067,11709.1210456858,1
1030000,25.1535344791525,2317.24750101514,442.385071597873,2084.061948444,1572.18944877373,273.255577725078,1212.39857746588,4655.53867750709,1
1031000,19.5821398150074,122938.997183107,8583.32775834545,8246.99204629017,15272.5815196014,997.706290326125,2021.50764601197,4725.40605010914,1
1032000,36.9757686189329,178448.527063092,10733.9756112977,12593.1015759062,44994.2544358983,2977.69999786597,7071.04814758248,8802.88917439085,1
1033000,50.1920366273333,95381.0798501808,6792.59405708097,11994.7371387733,49922.916391572,5030.66981359103,9814.86517797811,23782.1179263448,1
1034000,38.9864955829945,42056.8033745643,4636.14793415893,8174.0024083034,20588.3005699972,3209.78153917418,5639.85817000135,22606.8679068677,1
1035000,18.7734884060264,3352.73313498496,226.449080080769,1236.73790726705,1438.98021691342,337.603229640959,1952.04992803093,6077.15668642217,1
1036000,14.2040331520319,654.963959862754,152.702657302564,580.149846740975,682.885485857081,137.70432929096,848.963286028788,1728.57813662147,1
1037000,11.8402156806457,290.45204704842,164.970057184348,264.80110249149,234.655303165191,125.897211316093,324.587231417903,283.194410271138,1
1038000,9.83586643105274,158.860614812544,191.481851385483,255.316571440764,197.447911165738,129.807989519464,281.155126336643,108.757841269579,1
1039000,9.8279257142431,166.501701822142,188.42536068988,282.022118003242,169.173525437401,142.116920551171,278.020740352857,99.5391581085709,1
1040000,10.8302276095949,165.868932535371,159.08572286048,249.65090573022,149.937367466873,144.521251894042,285.386487940606,118.171859858563,1
1041000,11.7835978892108,215.064660917195,154.385679173301,248.929890478147,169.516053143848,133.83911678493,258.049087105055,206.744517269636,1
1042000,25.8457912681152,75539.8742612275,14101.3227633281,20523.6558527361,47906.2716209975,2393.98075342617,5471.72567890182,2590.96480301696,1
1043000,63.5463380735339,144444.681932586,34765.4708062831,48090.422292209,115850.98431344,15468.9579902565,13435.4770376237,15067.5853607813,1
1044000,94.1298392174166,505298.583863894,224096.004134167,101404.718627268,448765.654043595,79756.4005803356,65041.2025075843,52435.4291221274,1
1045000,118.478871719848,971232.603548156,523636.576102128,178806.058372448,874632.587643822,172128.456828492,140478.455811487,72796.750178623,1
1046000,117.036184723033,1192643.94858924,546577.44111289,204765.707160449,809014.217390612,158195.020910836,142679.544102134,64111.5244573765,1
1047000,110.900515836013,1643618.72501447,519165.847715697,195307.316847541,648521.945262035,142768.828295939,120888.743052416,60429.6779283334,1
1048000,111.284996282759,1566694.22242695,715972.259546153,207708.271526914,805453.329884407,177010.181514816,156801.754998115,53770.6394537356,1
1049000,100.712555871256,1098485.00828197,774358.613112697,206503.324706161,1057543.4204483,197397.637902338,172364.559772733,49269.9138135052,1
1050000,87.1351275136081,1079425.28251442,493678.09998418,139410.973628518,809269.354549768,160508.632479995,127187.668235728,44381.9688608845,1
1051000,73.1552658416189,977670.784437931,288315.547309957,129946.266818066,456208.435543397,73030.2738167347,94753.5414452233,27591.3394136454,1
1052000,65.2683746302433,904306.705503768,210139.484383299,130724.232167124,383581.977102798,35773.4441001522,66766.7984870246,21904.3274725661,1
1053000,67.414255972168,653780.176780997,185751.234426187,152738.425317019,288957.097141715,55593.213087427,62206.7150158066,42707.1753108539,1
1054000,61.8476392692967,167696.108041338,122447.947845417,109276.053447141,140687.004429804,45311.0029960839,45856.5294065112,31288.6503005768,1
1055000,61.884665994968,5427.37563627193,3594.44575154065,6149.63248267384,7476.25236903323,10303.0837870782,20011.1393097193,9796.65345110456,1
1056000,63.2773196950819,10971.3527043312,15243.6915835158,16247.1505490283,10658.1601275383,12087.7298265111,27201.7574449977,10717.1903502156,1
1057000,45.8038661870278,8526.53733412978,14167.7030755313,14031.2905206086,7039.49824368907,7168.95992880758,18981.3879007531,4789.24647328708,1
1058000,35.8621648550179,978.605877939426,1996.02738663334,2116.47452040502,1099.0447588321,3226.2359623864,8288.70042185782,1832.59695745698,1
1059000,19.3039350940694,330.648508510384,598.735468574024,649.050195872174,196.968547635596,388.273489170368,2181.07364053657,583.83760790082,1
1060000,12.0427628144368,171.564933860346,264.628614073477,294.17079951524,158.59277929916,130.943812269521,297.454012853311,194.471955894578,1
1061000,11.3526593652753,146.051299448284,161.416027397358,229.936799273711,141.20481967692,138.533476031233,294.543847069634,124.429790403987,1
1062000,9.95448399497291,136.332551684292,177.304417207449,297.848756399731,125.75644348665,120.802407680313,255.346459460504,161.087075994964,1
1063000,10.7357578660487,141.160757176863,229.916211739709,329.531020555811,125.521488811706,109.313773542413,293.356944925795,173.507651420228,1
1064000,11.7556136628591,133.453340921262,212.37896661948,286.633143529927,104.998335974291,111.187327444658,333.62751308602,135.496739902574,1
1065000,11.2194685921381,123.395372696585,164.524539575504,260.858490629269,104.219670132728,133.519571512058,254.000640619189,93.7558838166585,1
1066000,10.5029068733576,199.31093411991,156.313725364791,236.04371330494,124.076542449224,128.719584154263,297.914547126626,94.3329707740588,1
1067000,11.948718798267,228.105239226747,163.95042173518,239.039650194465,122.15793987403,132.036031149513,415.097993967477,119.30359487747,1
1068000,12.9085667165489,172.083173375397,181.715886578693,242.290082901075,111.150066084997,145.809818252518,363.604166441887,112.079539352255,1
