matrix_tr1,matrix_tr2
149.730976739704,1
137.975955313036,1
134.071707097407,1
142.676369821429,1
144.644138579963,1
137.519055319463,1
141.467391940298,1
108.914763268467,1
125.556437425101,1
141.61007956176,1
140.701263723886,1
145.842631288323,1
132.983161262746,1
125.894781402028,1
143.140911680121,1
125.3229473307,1
132.9943776105,1
124.69104115658,1
133.03469867785,1
138.105456953271,1
140.58000960522,1
128.169011910417,1
141.840771821674,1
138.623867028711,1
110.598947536707,1
110.75582110314,1
135.340537332155,1
133.294544524025,1
136.637612051892,1
154.811154575783,1
129.381218138283,1
124.812748120748,1
130.16944535169,1
124.474012718221,1
154.486887520784,1
259.222885273138,1
168.472773820697,1
145.167464656062,1
173.572471887229,1
168.860455263982,1
251.389573973046,1
158.031333777915,1
209.607246803695,1
163.607381001667,1
177.145133195931,1
174.227851563203,1
256.828279200451,1
181.427092154994,1
195.476788639558,1
177.677881643389,1
185.659989853843,1
206.024390138406,1
194.217316823853,1
135.384299313097,1
235.739023580699,1
236.886237139587,1
231.556215387703,1
233.503248967863,1
170.854499475715,1
192.09222997001,1
105.975243729523,1
205.884035278728,1
186.910993337746,1
195.867332431389,1
194.409563681156,1
228.847941223608,1
186.798208406006,1
223.823128278947,1
213.010220742984,1
203.573731908469,1
127.505995376992,1
213.662151723293,1
121.30926020193,1
180.835010891484,1
190.587311270809,1
184.267123044846,1
225.456708886531,1
200.168737132183,1
187.059535461773,1
172.444157558712,1
157.82676496308,1
123.053781158205,1
140.836467317914,1
133.272472667567,1
119.737937304849,1
239.531541631141,1
209.935760580851,1
196.354797723857,1
175.297707244083,1
191.322818581841,1
197.155930880582,1
197.440200404342,1
219.321384173289,1
124.426449738577,1
165.482778569316,1
205.278210568949,1
191.669550011552,1
186.414564584534,1
229.928233162743,1
177.279673022317,1
168.452480028323,1
192.98776360554,1
129.044462320847,1
147.483936099461,1
185.062969448686,1
228.008257350458,1
226.865176922784,1
201.389722218467,1
169.816198889878,1
210.171274593784,1
148.136808115066,1
231.412928731231,1
172.344808137414,1
132.699498207211,1
119.221494036733,1
154.937627464008,1
189.979023101215,1
188.649749471296,1
177.557010991817,1
115.208790490261,1
181.166059687183,1
176.325628929385,1
130.728567355124,1
152.664844744738,1
104.0103878242,1
134.714343744398,1
139.578348572502,1
134.948304563209,1
138.44762427968,1
105.136125204762,1
129.269674850424,1
124.261614095761,1
81.4354952759258,1
121.638580462268,1
106.217266350609,1
101.972837689124,1
104.701842953762,1
131.190069090957,1
125.816746863848,1
107.535850552226,1
125.472200946439,1
126.394769437823,1
132.876435041564,1
152.336275687436,1
138.885028728474,1
141.257217991408,1
130.568003703889,1
207.39207589212,1
211.315520229961,1
146.38415126535,1
129.7992408544,1
147.705376620969,1
223.223735797892,1
125.570778938825,1
145.222373123862,1
166.568549704528,1
132.587753654861,1
95.3216088926986,1
128.099142927626,1
132.406327347182,1
111.483796906851,1
186.372972563424,1
132.090337938478,1
132.539999204548,1
150.634955433192,1
183.294200510875,1
151.189506589494,1
177.794001973195,1
123.551743058475,1
158.596197930103,1
212.91447254051,1
204.138230108048,1
177.034375419529,1
152.082323302195,1
245.620434490018,1
157.157845782038,1
219.691716047107,1
231.253091113188,1
216.5170507439,1
202.064847794737,1
174.385278354486,1
237.967586313318,1
210.110604741977,1
150.993757703602,1
237.522873345788,1
172.345311584278,1
200.775010599166,1
164.069759767523,1
149.748513471742,1
220.473934250105,1
202.300766245712,1
237.441613306534,1
142.142018911914,1
127.799142790408,1
130.240892085544,1
138.890296489518,1
149.859586172677,1
149.846337622188,1
156.895887483807,1
138.78736367432,1
202.124011181085,1
254.381962609783,1
220.382132838819,1
174.359703964157,1
216.315401543576,1
168.453498508029,1
217.691381502677,1
183.733109074218,1
216.477343297805,1
171.022903281832,1
200.733824550066,1
181.459257060512,1
119.431937012569,1
151.831620936723,1
193.456575417577,1
159.19288731459,1
237.288442327934,1
211.070507089687,1
175.644525932065,1
244.35525909191,1
214.76512445597,1
147.390891543397,1
175.363492765786,1
230.147087785599,1
230.987862527466,1
209.933742673931,1
211.401469470427,1
216.158054350948,1
103.274539688343,1
169.499101141412,1
198.023187971126,1
197.238402989093,1
166.515759174114,1
173.18367816968,1
161.015879882531,1
194.096662832668,1
203.473587862583,1
140.763747450051,1
236.746484249229,1
217.722704671847,1
179.917608519315,1
173.522602112743,1
122.574212087236,1
158.362868065051,1
240.366106574839,1
165.002596555464,1
155.561845211851,1
166.879558440775,1
118.889270093686,1
125.68132750784,1
143.570660264849,1
122.247820701725,1
137.83924818944,1
195.832437418226,1
208.07980687152,1
174.492549574577,1
226.978514379889,1
236.743053314249,1
143.848552947538,1
154.639700815034,1
183.132536725795,1
203.839038875309,1
136.277422272835,1
165.698801665333,1
160.827716338152,1
166.093677318625,1
183.131548909912,1
137.524166432796,1
170.484602328253,1
266.96816232018,1
193.897859859437,1
150.620017283917,1
210.46628272057,1
148.892587326633,1
204.619354464686,1
234.162055646177,1
138.378560898526,1
179.636448997497,1
172.611300810009,1
167.073375204221,1
108.589243270537,1
143.45003972237,1
201.306341012991,1
143.915163012533,1
159.081316341853,1
153.482041350215,1
140.557369859744,1
140.309340260087,1
217.294602582145,1
146.050529853352,1
201.261508668645,1
240.108323729303,1
213.832708509745,1
205.198188177863,1
210.133688871755,1
221.144116604928,1
228.160433981637,1
216.843742581585,1
234.859453697963,1
224.685617903596,1
228.051127220403,1
217.216935810488,1
229.668872900015,1
211.846102992443,1
226.972110089514,1
226.74845963801,1
222.05450994016,1
218.111753827478,1
223.80649787945,1
215.12202732696,1
225.367711868334,1
233.63587591873,1
227.368104564731,1
225.739074271264,1
228.138587221016,1
227.628285671317,1
231.05530485041,1
219.500886542723,1
229.730390990305,1
235.778763300241,1
209.932445777156,1
221.228565036489,1
223.309505423008,1
238.957928537656,1
221.403894158359,1
225.879624950406,1
220.140425309081,1
229.695480802962,1
224.711791488404,1
219.045455763435,1
229.397852416637,1
221.973364517242,1
205.516328386842,1
225.659139137954,1
228.646148802703,1
242.482899244958,1
208.957103403561,1
227.536375324627,1
244.808557689162,1
223.595639338202,1
245.338027782187,1
221.359553778577,1
218.975470852364,1
232.735059087752,1
224.826150351122,1
220.902030568566,1
220.876830172259,1
217.889853390543,1
233.141182063513,1
226.132430381666,1
224.183418477404,1
211.260617681817,1
235.887342176047,1
226.172825237998,1
200.339290142399,1
172.061034827444,1
127.631788981602,1
141.921975130667,1
156.765497760593,1
141.309103907964,1
142.413200409272,1
106.825669426374,1
188.215538660361,1
181.377789264053,1
214.315679275831,1
223.670388898131,1
87.251163657058,1
227.823021478658,1
201.936290971317,1
159.116503662488,1
160.935214909537,1
154.421895526209,1
168.262557863066,1
129.203161694256,1
120.809797341892,1
116.911244410498,1
110.185143612717,1
153.137626012164,1
174.661304968324,1
188.335665482101,1
140.302104245128,1
209.436681156112,1
158.812732059495,1
226.693218330635,1
195.099020552865,1
177.069094342402,1
145.331822756416,1
152.205484278572,1
165.357433370168,1
143.012545165827,1
125.927580389872,1
140.866499229346,1
127.638919621951,1
144.092409249962,1
157.246818058746,1
230.278672174903,1
206.149465448865,1
150.828442265239,1
172.249057223725,1
136.018771166361,1
150.013497387738,1
178.788326777404,1
138.099349973651,1
156.6948603684,1
177.440840125743,1
155.974937845681,1
160.173283663392,1
138.923032329477,1
145.648056627866,1
155.5778513958,1
138.596291371098,1
141.868645404723,1
145.859002267364,1
152.421517248449,1
129.887130208511,1
83.5667500880656,1
118.988931262138,1
121.591204362581,1
138.061388602625,1
118.130798685862,1
116.899665885524,1
116.671471481023,1
129.734014931262,1
114.206532397002,1
155.465772926725,1
128.894008254494,1
144.950570261726,1
159.748515435202,1
125.535963803729,1
134.993569099196,1
138.623831443939,1
155.967866806339,1
145.146130953507,1
149.276932924268,1
159.014743591385,1
165.338717339176,1
143.771042877597,1
129.523814889401,1
168.809320872641,1
138.137310749345,1
126.512437569349,1
189.070469818362,1
195.192654265173,1
190.677088825249,1
206.694085119511,1
161.066561221794,1
199.824863601555,1
193.702104304717,1
195.297590054596,1
169.65867242931,1
186.65622710074,1
222.781289041145,1
135.062855550721,1
171.295039030434,1
238.539954650774,1
170.273741863642,1
130.303102332431,1
153.816206116415,1
186.6114561735,1
196.788052182809,1
166.313601076557,1
140.186362882933,1
174.634903316313,1
130.467405178276,1
190.915569019392,1
243.616582110167,1
213.930464950237,1
219.817512061176,1
154.715531976363,1
162.402137896504,1
177.946543318105,1
165.045125303417,1
212.948352453908,1
264.47003328452,1
170.094739748927,1
121.134534617115,1
247.584131758917,1
130.356994418788,1
148.957760067346,1
142.612338192462,1
191.49804323775,1
256.164801524082,1
175.058059128692,1
131.642500005186,1
153.898548732833,1
215.217057093384,1
146.579871413918,1
170.182109799021,1
128.90849365767,1
133.425677100767,1
234.59878041593,1
49.7676253648379,1
196.865304931238,1
152.062665693353,1
207.065966962826,1
179.990300283243,1
166.654414383527,1
216.040376943329,1
162.482731089386,1
182.687339506407,1
172.629396671217,1
155.783460349793,1
171.323659212183,1
219.3432234493,1
166.05105453719,1
144.765493695159,1
155.693851042866,1
182.529882948818,1
200.523345913548,1
228.946398013881,1
158.926809276482,1
166.422383659839,1
203.13994019917,1
170.039006391391,1
135.590610391802,1
168.609570846976,1
133.909426557824,1
153.395153107926,1
164.91597977398,1
150.758016685137,1
116.889577880019,1
211.96264692578,1
205.842956744428,1
163.921864770372,1
164.567774737856,1
116.79915089446,1
213.563784057518,1
210.148540630829,1
194.012774977667,1
215.904946537391,1
163.563847789533,1
165.333849769468,1
192.001089144913,1
209.577978312077,1
194.759810706715,1
142.38041435089,1
129.600804890517,1
139.035148518,1
184.117848578232,1
126.055686604061,1
132.52749972169,1
137.264680411873,1
160.746803313696,1
156.241914036135,1
148.397104315104,1
120.419866725469,1
174.569234855892,1
171.381426644077,1
210.647770578112,1
192.850112832716,1
166.908490425416,1
172.64855625451,1
183.61198404114,1
145.284102918341,1
149.661610139193,1
166.979742759488,1
151.882217995263,1
195.710632595376,1
169.409263418179,1
215.204093587861,1
156.742828398652,1
182.530684959583,1
195.958692546478,1
164.174641324183,1
187.517560156484,1
167.286457081484,1
189.390324871948,1
135.393579998523,1
230.732744734523,1
204.847606050752,1
230.940575281905,1
216.296590450601,1
213.341431263691,1
160.235038715715,1
130.250925527736,1
152.478247774892,1
179.124338874281,1
198.087737458877,1
141.421607145364,1
215.257253195585,1
252.633162454303,1
256.315027722812,1
198.459416853781,1
120.934828677527,1
210.299546038063,1
149.67483314036,1
130.158414268216,1
197.85748301514,1
171.419127397002,1
89.1406017985093,1
147.243997376079,1
242.266232002253,1
159.28872479532,1
165.218787291339,1
140.923335878844,1
132.973085830936,1
151.858498771493,1
152.948819951407,1
141.372789218126,1
114.546483776891,1
121.393213826945,1
191.894954668128,1
137.381796197245,1
139.737601422228,1
196.568773347521,1
205.394157893445,1
209.175551320097,1
207.807823138681,1
189.249086196563,1
209.643477969948,1
205.752435273274,1
217.953973630391,1
205.476115086518,1
186.291798650033,1
216.722665138338,1
205.793283456103,1
179.471906184537,1
193.045496188792,1
196.238118116807,1
199.416164630196,1
198.098569205009,1
189.256834289135,1
197.356687182083,1
197.75742793466,1
189.900383834116,1
207.109061902885,1
202.19533906903,1
208.233767692687,1
202.617207247526,1
203.211892610846,1
197.293755893229,1
199.649466825833,1
209.045737909838,1
193.078730790858,1
210.521019888531,1
203.644287751985,1
180.682558032855,1
179.042673845267,1
211.08331433285,1
173.686477510752,1
178.147013510215,1
182.690851383785,1
182.951096891867,1
188.806597387648,1
193.005777598268,1
191.036345433201,1
200.353854074297,1
227.761522984468,1
136.13238407438,1
128.344813538341,1
118.992239362737,1
131.66094574462,1
195.311383388981,1
194.024850768724,1
140.636342126039,1
102.624935455504,1
154.176528919917,1
237.650924054631,1
223.031620491769,1
237.027356958203,1
147.667475919159,1
201.147135249549,1
172.848006086568,1
148.806320373124,1
215.735502390642,1
201.989429652858,1
103.836190389611,1
133.337219822383,1
149.490666435288,1
158.359114243818,1
212.605317425383,1
198.685762397465,1
178.614972494412,1
176.27224326152,1
197.824951719661,1
262.501521864993,1
210.914653857902,1
183.003095109422,1
246.345176382959,1
170.974367446779,1
135.974383795212,1
182.772933612358,1
125.524861760016,1
215.43462941768,1
114.42601433461,1
145.018573126174,1
126.736303453983,1
184.206310588743,1
248.145171234001,1
164.517184749621,1
101.268075161181,1
136.875913533093,1
125.432886913046,1
146.270408913474,1
151.746794376916,1
158.033537720291,1
170.652325195901,1
172.268652810418,1
164.418997486732,1
173.523787122294,1
150.118989460816,1
147.405101505479,1
164.110472194532,1
154.969385957303,1
181.916585926159,1
186.322322349245,1
166.149493144924,1
187.913728999254,1
171.206291940182,1
171.672158960115,1
169.445172152223,1
183.96563802296,1
186.467125040988,1
183.938372735288,1
169.574682437144,1
171.392172881677,1
171.804191397449,1
200.724975354878,1
170.399577148379,1
171.966729931588,1
204.192268529455,1
183.786045439281,1
201.820143487589,1
180.236704861057,1
184.789893879904,1
185.743391829905,1
189.842463652971,1
179.405934599637,1
194.208775858429,1
189.469800461873,1
197.795583254172,1
191.2849794043,1
185.490269580392,1
182.932387750532,1
189.580506726241,1
194.114475854211,1
210.268352397765,1
187.867516615373,1
188.655719678292,1
184.269025714371,1
183.641127293587,1
194.249380964206,1
187.866108206938,1
206.367829453134,1
212.575003145659,1
186.745581628959,1
187.728133276152,1
184.660664220135,1
192.777006699445,1
195.034597007672,1
185.93362815493,1
173.104971417705,1
199.389259449746,1
204.716670829622,1
196.514027102822,1
183.575334574092,1
140.757243769059,1
149.342250418141,1
182.714359263825,1
261.396209568955,1
171.928886817927,1
224.199081297824,1
139.55761922753,1
195.603145919239,1
197.675992154603,1
185.570266487605,1
198.104257488005,1
170.954475231818,1
46.9789993171781,1
134.419460136729,1
168.479360340362,1
185.283114078688,1
168.795972710334,1
180.94167555797,1
180.601581510065,1
162.334390311395,1
185.122587154038,1
171.068585866141,1
167.869952867658,1
162.713687782582,1
171.614003331849,1
171.844455638168,1
199.85896239429,1
187.372614226957,1
141.849504842933,1
233.609758557382,1
264.666790728454,1
127.451099593517,1
140.062044555986,1
125.283965497976,1
156.128860998895,1
178.646657936007,1
204.084347329199,1
258.473833932853,1
175.340251267121,1
183.088220410674,1
167.96790173584,1
176.279847181139,1
179.99311516434,1
184.809721706264,1
158.739924555471,1
118.342505360351,1
172.731687589149,1
168.390394615914,1
187.535753748817,1
107.286214087001,1
156.076610073647,1
209.808563885782,1
200.196158206115,1
164.932285643007,1
158.431123707447,1
173.555698834544,1
125.282732331283,1
120.013655429881,1
139.492352408699,1
150.707231252538,1
130.874504366031,1
123.472178005635,1
136.418458079789,1
159.316540984824,1
149.944658410649,1
158.86528458412,1
179.680832681213,1
90.2504493735879,1
129.328816881035,1
124.181034604623,1
118.646089208192,1
85.962498173664,1
100.124543616226,1
95.6572780742153,1
130.036529784041,1
114.940881167649,1
114.646839905896,1
117.493974946345,1
136.015437838205,1
194.409854599614,1
67.1741474623277,1
203.237859760035,1
211.242498500781,1
178.359429262478,1
186.7072362739,1
137.883396893578,1
159.003731762948,1
152.521716233015,1
170.263322708175,1
177.652182914905,1
170.909337983386,1
150.575911827704,1
163.527897109533,1
186.913038154771,1
122.831789086613,1
163.16770875062,1
152.850049638976,1
83.299950592159,1
97.8938393291101,1
160.409243152906,1
171.650759259146,1
138.27574321822,1
239.918001893352,1
206.886212063476,1
203.187799878794,1
203.595885171837,1
208.499826588361,1
217.986465425651,1
197.275053677491,1
222.593139068581,1
197.255059972095,1
215.379596411849,1
206.766761661021,1
207.330073016663,1
204.73622120696,1
221.9168634974,1
201.27853451231,1
228.302455759015,1
232.184759182856,1
219.936793324596,1
228.275785132181,1
208.554070112652,1
208.496265952328,1
224.218136624638,1
210.808974844065,1
231.592807031908,1
217.902214966524,1
237.667605803854,1
242.101979213482,1
248.202376100055,1
260.175633931019,1
243.520492263726,1
247.046456842533,1
242.98292699299,1
212.447267456864,1
136.972177253728,1
136.726438091211,1
134.732248865652,1
140.60790987339,1
137.908880048739,1
135.924960917864,1
150.880881915194,1
146.942115083887,1
142.336119540181,1
135.329045060284,1
131.664651235363,1
121.162491247163,1
143.780754614626,1
149.787168865264,1
142.744690582878,1
141.733926109009,1
158.337197061602,1
157.960894729427,1
148.353081958266,1
212.31725537412,1
229.146559117075,1
185.933878699427,1
131.392064341055,1
132.917915606896,1
187.812678815976,1
253.875329750786,1
179.830626679563,1
158.569959363278,1
199.447382909308,1
181.657905780311,1
199.53071465224,1
209.358420611423,1
222.330286235791,1
231.22368827428,1
234.111270767257,1
212.077034058724,1
188.24244243309,1
80.1886910183421,1
171.307032911884,1
231.935412714436,1
211.926031087319,1
236.714481020085,1
207.720227203601,1
247.209582804289,1
172.177657665357,1
156.91277752501,1
183.681670963898,1
159.542907677799,1
233.681603935169,1
207.200291017762,1
172.608352575902,1
178.427986956634,1
192.097734212006,1
203.478331862306,1
99.5286176830979,1
199.352599140766,1
265.17462866819,1
193.480878062992,1
190.316949967255,1
207.151397884694,1
197.341987003635,1
128.02180408782,1
231.111988657031,1
204.595839380858,1
207.071508018321,1
188.255191700531,1
183.083165199323,1
187.258992466421,1
152.781025329275,1
133.644085470949,1
207.307087383548,1
220.446749752383,1
201.157647753939,1
222.077202097759,1
213.915872409676,1
191.516348114864,1
171.652092336494,1
173.632803343767,1
195.040467386616,1
127.343346040985,1
212.00477425882,1
172.570188904239,1
163.354637102201,1
227.299730066103,1
177.031026931314,1
155.936691423981,1
225.158056513423,1
182.353601588032,1
181.972606010042,1
204.46236158349,1
194.482121457216,1
164.423492048137,1
203.703695986405,1
186.654353188634,1
175.086039308231,1
137.348185702049,1
172.143850877523,1
178.73117111924,1
102.74642014366,1
214.782608198231,1
149.141372781741,1
172.567117014363,1
153.923314814993,1
120.749668226212,1
161.128998567864,1
156.411494325902,1
122.199194602489,1
159.127759702433,1
118.841529596942,1
129.606972018206,1
124.82562654109,1
130.473592572898,1
140.769603460928,1
138.897685759278,1
117.139400592398,1
134.725682769163,1
162.820502673484,1
171.623937192146,1
184.867170699527,1
184.806689401941,1
266.608655127512,1
223.632300317384,1
149.773502066139,1
187.219033503581,1
98.4037101980754,1
142.42865500587,1
179.147163144588,1
151.291728682611,1
178.697881893123,1
95.6261727587819,1
171.962285660596,1
163.350947901526,1
214.086838998827,1
120.247209097183,1
106.613239086064,1
180.133032090702,1
145.274455828056,1
118.393188134397,1
157.794045868583,1
151.080855944364,1
175.721743719265,1
161.675479902208,1
193.860765697394,1
156.468382098847,1
105.682205121282,1
207.766131246356,1
122.244207483517,1
141.0358315664,1
129.532975958601,1
111.688841452722,1
159.231176034197,1
157.108336815708,1
147.491942161295,1
251.281508895059,1
161.352214091813,1
135.937119808925,1
156.561343280811,1
141.334781240775,1
190.184521764958,1
179.617135193664,1
146.848245328376,1
207.465429574859,1
189.875183074963,1
201.124067367943,1
148.726341854897,1
133.73428439989,1
170.839827754481,1
148.950465420783,1
146.962841412576,1
152.948213132983,1
146.996102002126,1
152.76128074207,1
148.446344576253,1
150.199837569414,1
135.332592700446,1
166.155628831413,1
155.878166808133,1
168.651193022176,1
140.141296825675,1
162.593041750265,1
165.047486782038,1
161.252867790199,1
173.918291880467,1
169.41205429972,1
167.328917188689,1
153.73902327851,1
142.012520441646,1
224.285979032528,1
200.740600382551,1
220.557643245093,1
155.754757765167,1
219.535845047773,1
113.313727354261,1
119.089530206307,1
133.183111791688,1
113.264851681681,1
184.931536812666,1
150.813748090617,1
153.382375750935,1
139.81018148796,1
148.314784721096,1
164.274060868894,1
187.574915747954,1
265.986455157746,1
204.596338745146,1
104.161421023556,1
162.434521079535,1
146.025313102365,1
125.553069026752,1
95.6566313841998,1
227.340474003836,1
168.337375937933,1
156.555692526687,1
165.701582348151,1
179.952967293738,1
180.077279217273,1
165.08221302409,1
170.441500407923,1
166.101363297072,1
142.964809705966,1
137.106535735186,1
135.446276328502,1
132.3323991041,1
138.364280434537,1
129.04005836409,1
117.082358364275,1
133.957977698065,1
131.072672432907,1
154.38325450229,1
158.643622289611,1
148.119802101892,1
122.480581720944,1
119.88911727631,1
192.884282774115,1
126.661594090398,1
109.725227322655,1
137.062374022338,1
150.173338674589,1
131.788234710039,1
124.044178816324,1
116.085615411931,1
148.16383902415,1
116.200001992283,1
139.561271777569,1
130.536434745836,1
120.554940532937,1
147.077628669917,1
110.757233335045,1
124.741388942375,1
120.339632575558,1
124.603256035386,1
121.448852222478,1
137.90835376173,1
118.672201417159,1
124.278028806099,1
127.373390828537,1
129.642289217662,1
140.877458974652,1
128.331212146162,1
130.808860496356,1
133.317516001384,1
128.965525403236,1
110.748131795359,1
136.29248848138,1
126.187810238534,1
123.688845660569,1
123.53470658297,1
124.676936606228,1
129.270396975573,1
129.759687646244,1
118.19228044876,1
121.091777289401,1
92.3152587869571,1
121.776894380596,1
141.375869484492,1
179.508040335966,1
200.168743615302,1
138.970975029933,1
132.154927975893,1
132.147038094177,1
159.789064871415,1
173.862104704749,1
163.156109486058,1
150.337996689715,1
248.703548881317,1
153.217142760765,1
169.432193500072,1
135.114109628115,1
155.000827411306,1
195.418312031717,1
216.444487389317,1
83.7329874578328,1
233.305817663281,1
174.41889224217,1
208.844341928204,1
153.642955397342,1
134.708265116628,1
169.712177497762,1
151.941707682839,1
122.429680067685,1
95.8921858033907,1
102.442285662231,1
127.111384621248,1
115.812449932471,1
101.261527362252,1
112.924554625416,1
115.22285903799,1
130.950331608729,1
119.807496517135,1
135.461947147159,1
132.894115032084,1
131.271494079756,1
200.312254528547,1
127.144672353859,1
120.225487288552,1
138.456709643345,1
120.553073327763,1
125.105740658533,1
173.022211733102,1
156.689250298509,1
212.5459692777,1
132.556467185853,1
137.158180950034,1
223.553355364106,1
117.863483026463,1
153.026870745788,1
136.793386345445,1
183.301850749748,1
148.899470368298,1
212.448708432256,1
252.036907137789,1
191.284405434497,1
146.153935013989,1
200.900805569223,1
218.612244030506,1
139.460834091556,1
103.897724121359,1
109.30669109574,1
110.796648407596,1
118.995698384612,1
114.681796925471,1
110.025540445617,1
91.9168625044261,1
118.635290690042,1
114.145125117517,1
109.197862299594,1
167.050424009385,1
163.672362081664,1
171.073542837358,1
202.859869724673,1
201.227934788451,1
182.629548190011,1
172.911621514909,1
192.915933363761,1
205.1336841134,1
190.979081221595,1
189.313500779789,1
174.84383962961,1
182.760576040988,1
181.773463373528,1
178.113982584618,1
173.547409498604,1
184.122731536717,1
166.600740141684,1
176.097601359487,1
178.024828598572,1
185.807674134002,1
185.990960606817,1
199.030203056978,1
189.823836874106,1
197.284442575046,1
194.923106516782,1
201.284867968168,1
201.332636604882,1
180.263075605275,1
181.76488245805,1
164.448268026554,1
183.072527087192,1
212.035919624007,1
173.874458085811,1
184.810551099939,1
175.565493170623,1
185.144092544755,1
187.071861838251,1
180.644019313172,1
181.337133280948,1
171.867934171579,1
174.319916133583,1
178.005605700578,1
171.399010750441,1
183.251474374127,1
195.730654857635,1
190.797179417762,1
191.868702014295,1
192.278868870537,1
196.486356726543,1
187.240694391118,1
166.033681464473,1
179.123082130098,1
172.572131910159,1
178.892358948833,1
191.268362876974,1
187.368783884695,1
185.864386666091,1
177.858611961685,1
204.458955030064,1
183.731759164247,1
187.982454698875,1
177.880096960314,1
181.472306215865,1
182.15432387377,1
190.560398767495,1
192.25369350855,1
180.159574350806,1
182.762186125829,1
163.457268590453,1
198.71219196274,1
198.900280552923,1
167.548163372461,1
180.163469775966,1
171.691513450138,1
177.696444436509,1
188.437582403419,1
200.789188199491,1
191.122292147218,1
187.913309238613,1
188.352330450422,1
181.396308000945,1
187.64053760789,1
197.710276152203,1
175.621181003536,1
179.033701356263,1
184.791309238502,1
163.599455435283,1
181.573214537901,1
199.977483648304,1
188.400655272997,1
190.106145124182,1
200.647232967113,1
181.184382073195,1
182.87288988623,1
174.330201502252,1
193.037172321089,1
182.556156332491,1
184.579066814358,1
193.476781444734,1
184.189632303908,1
160.927751866209,1
196.210272705423,1
179.213612786003,1
189.912263114854,1
201.520179428288,1
188.978062931913,1
197.841195561306,1
178.500924748797,1
188.664399236008,1
181.007259460549,1
187.177046788087,1
187.588712426383,1
181.801277189715,1
183.98005184152,1
195.076581805224,1
179.531514939711,1
187.465284402884,1
185.075998990064,1
199.994522717047,1
189.648378029224,1
196.811299894858,1
184.476346560694,1
183.158310833468,1
182.750927893452,1
198.043919303795,1
209.096394005893,1
198.950193489776,1
205.93076833865,1
183.582243660452,1
173.919164355943,1
170.271557575738,1
185.899463647911,1
184.555489034601,1
189.535331074922,1
185.965019278698,1
183.445383395047,1
198.830046004405,1
186.049021126375,1
182.344877887415,1
174.779300744707,1
190.636435461629,1
188.305186267495,1
180.032610587117,1
208.322461697564,1
132.138142724562,1
134.467810746098,1
133.019534561893,1
154.089503618376,1
133.219336186447,1
144.349894565478,1
184.79511644124,1
178.193249522134,1
122.423282113891,1
182.621581320988,1
186.318202894551,1
230.97554490404,1
167.527928041882,1
119.602373025301,1
129.319663307318,1
150.815469906238,1
135.18972075758,1
159.134294643297,1
113.544682257691,1
99.4648537641434,1
119.034757675965,1
124.231475158335,1
121.998757733058,1
123.703636046869,1
124.010896844908,1
115.916112652339,1
108.50725005219,1
125.411786673125,1
108.001115680614,1
163.11275782377,1
155.255853051453,1
82.3086206055942,1
108.370443560206,1
78.3592998554892,1
124.807519502726,1
158.1498130177,1
167.635779984054,1
184.329444809916,1
201.416111573229,1
218.822186627384,1
116.07902506082,1
106.869406407301,1
105.687119307104,1
122.797231108837,1
115.129353542913,1
88.6324238218177,1
99.6339584115088,1
88.6436723803077,1
89.5320792144818,1
102.155107658702,1
113.047157455583,1
52.7799695659996,1
135.517050139492,1
139.620812243991,1
124.260684874087,1
113.916314475571,1
162.62552663077,1
105.044246749188,1
120.879383622621,1
214.606893983373,1
176.865793998629,1
197.266618668726,1
110.043318917663,1
124.359606930696,1
111.048604901884,1
121.302498003264,1
123.369430006089,1
122.19897720973,1
110.75827163948,1
125.438114667678,1
130.390678423819,1
137.556051415059,1
129.129509894637,1
138.067888147901,1
142.986990196896,1
123.278299007254,1
137.569241968252,1
113.76668086719,1
130.045579329868,1
134.056122305407,1
118.680595581925,1
138.62304614807,1
134.902438830203,1
141.405353913258,1
171.155003845522,1
122.343463105459,1
148.989196636588,1
185.176696317035,1
206.788483611341,1
169.957496050029,1
178.717053983408,1
221.345116396497,1
199.197600080803,1
203.241945787093,1
201.47631562467,1
191.603684751274,1
186.339424090486,1
198.797218320148,1
193.642315254981,1
195.342766541704,1
194.863058640889,1
196.709065311528,1
178.530939217987,1
202.19829440317,1
214.831263158442,1
183.271185464853,1
213.712390590891,1
203.569872380477,1
210.507122199421,1
216.144816993127,1
197.725027420772,1
185.813491245487,1
196.563136619518,1
194.688993111665,1
206.685961849814,1
205.80099237609,1
218.424256733594,1
214.636558271054,1
215.917391490553,1
208.761067010726,1
219.155838434925,1
213.75114281848,1
192.885338084932,1
192.65028681247,1
201.859559394744,1
210.145093582477,1
211.048434411386,1
204.858693775239,1
197.941359017551,1
210.003651617302,1
200.66485461897,1
198.939632742537,1
207.230888322313,1
189.572431511892,1
201.408282820009,1
201.014647376512,1
204.869848515596,1
192.616191479166,1
211.870812625302,1
215.522933587232,1
197.456931636538,1
212.866839051112,1
198.808088127506,1
173.630938836134,1
206.289691768734,1
221.300045710447,1
200.118534283706,1
206.617111656646,1
212.142073622243,1
203.149432484363,1
198.711819875638,1
196.260822467234,1
191.661157563215,1
196.529006708072,1
200.811013896384,1
196.905612016043,1
203.419657157412,1
187.904928882387,1
206.342146538279,1
186.226174515564,1
195.683247435726,1
192.761815516615,1
204.501056918503,1
219.684527692963,1
213.927456312052,1
184.532907069417,1
199.058479879906,1
201.964921969464,1
214.392657418004,1
188.530743479176,1
196.558991642823,1
195.184952887148,1
199.139533622374,1
205.360938891529,1
201.371415999959,1
197.780981397894,1
195.999851341953,1
204.975021635495,1
211.828725858708,1
213.574540439581,1
203.931180693849,1
195.221952569549,1
214.943750380512,1
199.730254007833,1
189.412771908069,1
190.196798540027,1
201.238350511883,1
208.385086162176,1
195.883423540261,1
190.434469296208,1
189.591392525134,1
200.594503816688,1
206.23854866938,1
184.809050282752,1
152.48236793964,1
175.473918158499,1
146.898312940361,1
129.409209059699,1
152.983249343882,1
127.940078578304,1
160.996360112614,1
216.576833284335,1
172.817841449592,1
199.261645098479,1
154.286408929173,1
214.199799182205,1
167.275454664048,1
109.85641569543,1
234.309272890941,1
89.9016139590523,1
114.303256697398,1
143.427904840071,1
133.949327404854,1
268.016008955447,1
183.951887317373,1
138.120579146334,1
146.339460910337,1
189.835450543983,1
215.194871390789,1
149.367675782255,1
206.537282323123,1
200.640601241614,1
137.45721578537,1
154.76447668845,1
131.018353789319,1
55.2760973411428,1
95.5923421668572,1
129.739735691366,1
139.25080204664,1
113.679144170944,1
102.840607990019,1
116.429226300273,1
119.672402385201,1
129.227326446979,1
116.306758604516,1
119.482927086367,1
130.655971590067,1
112.020027492847,1
154.119662741826,1
103.97490050651,1
175.897983087836,1
118.209262093228,1
152.503905628341,1
158.636834901505,1
159.391081768219,1
159.601511795959,1
164.436093509621,1
154.402857999877,1
150.830094280391,1
206.524757375798,1
183.772641595686,1
156.038459075325,1
196.999403753876,1
232.078546165796,1
144.15097652528,1
146.869468052438,1
164.171971123154,1
157.865881734245,1
178.980250707551,1
178.328993643341,1
135.551491913242,1
173.138647042279,1
181.407266020894,1
184.382805427567,1
175.716710634241,1
187.229427036761,1
189.92750288078,1
183.945661495996,1
187.148229563412,1
187.605369946365,1
165.708760336134,1
181.148672421859,1
191.128081689927,1
182.637325936791,1
186.586627034463,1
192.139844609586,1
185.450981856456,1
179.233190281939,1
191.535336154899,1
185.026335028183,1
184.320257257394,1
180.531678998173,1
181.630277693776,1
186.809826913942,1
179.257772359115,1
180.849883805562,1
194.992059197707,1
191.188532336229,1
189.952400409423,1
190.487518463454,1
182.968366292746,1
192.852593112503,1
185.053123448789,1
175.252765679522,1
187.942652133712,1
199.718980078727,1
181.711196662709,1
188.90418662811,1
196.982294228963,1
192.158588024711,1
187.682173197415,1
186.997795373838,1
207.693038645173,1
180.090346521311,1
192.95844035099,1
190.707714953002,1
192.322355852304,1
193.341694738862,1
211.447182303684,1
192.496935262726,1
182.892116417059,1
180.146484587805,1
189.012942509214,1
229.513658901767,1
189.901495349396,1
189.284987581692,1
192.668694180413,1
195.5170296616,1
211.704820127644,1
184.564678059772,1
180.421010776409,1
164.409416588545,1
201.827614105503,1
84.1624954551894,1
98.6715022890771,1
96.038519703637,1
147.492369477137,1
154.393184843681,1
84.4991305894101,1
126.263320740898,1
201.360687499275,1
138.214603248862,1
227.671627204896,1
176.339919884609,1
177.303863931025,1
125.501939892104,1
132.244209647727,1
137.422867879021,1
164.135199410303,1
67.4733583465884,1
164.30334393893,1
106.576582300242,1
141.167174523494,1
197.427497760337,1
132.35257322133,1
133.285707447253,1
133.16502736989,1
100.510871360504,1
118.350915913448,1
55.0865870303009,1
87.1056143281751,1
106.851628746981,1
126.071128291869,1
177.023939580909,1
128.739181762301,1
124.043928580101,1
62.6754704091874,1
47.296160517689,1
100.342865924852,1
113.177559225102,1
138.620137474969,1
115.314932069761,1
108.504117912507,1
121.370033038396,1
115.01178861713,1
164.7057298891,1
147.578885129981,1
122.802055561399,1
132.901641191818,1
100.281110063488,1
99.6782538984787,1
133.203469377742,1
112.407892937432,1
77.8469504030916,1
95.0077993141102,1
86.6859583699389,1
92.6650889238662,1
83.187863581135,1
87.5297517582725,1
79.9180715098133,1
76.8253490233683,1
78.3417842822487,1
100.02743321934,1
119.240365285489,1
136.127768155469,1
152.401596095749,1
102.288504171918,1
116.586394652677,1
145.194756308334,1
177.996774618203,1
165.0978072153,1
168.755657130818,1
180.833550647809,1
168.90826468085,1
190.258634868531,1
246.405704306869,1
176.447492741078,1
175.331143420048,1
174.008050412969,1
171.034464762024,1
177.541097101503,1
171.663977859307,1
173.461973446607,1
182.719041902149,1
176.003425343546,1
149.429331791486,1
172.364855765865,1
183.00126962482,1
174.162695721136,1
162.268082470255,1
167.841096038237,1
185.592144717421,1
172.145781443796,1
186.570436412579,1
183.867898390068,1
162.33451085496,1
183.399579874494,1
188.461688328216,1
168.376654123334,1
181.59730584388,1
187.169466457546,1
172.622804189015,1
173.078684068452,1
175.275382636775,1
175.834388333561,1
158.45109468417,1
182.209643883749,1
193.273593155268,1
167.595226325785,1
179.764496683884,1
131.545920830343,1
186.399731082894,1
170.436423504879,1
180.22002670703,1
161.849784314924,1
186.363277016908,1
182.790854587973,1
168.918182330361,1
172.131136699997,1
178.972359113207,1
182.295328996955,1
186.738930853444,1
171.696224501871,1
163.615577579435,1
172.958338046689,1
175.6233365257,1
165.915531774532,1
130.6048720657,1
131.113923790851,1
131.934279685966,1
139.487271949564,1
136.452655363859,1
142.533612653814,1
133.645275580617,1
133.141332588488,1
127.102813310449,1
106.874231237461,1
134.613808185562,1
125.888309480084,1
132.460909260256,1
144.958664821038,1
122.18393407875,1
128.498292271889,1
123.543854342224,1
148.848695137803,1
131.653744454382,1
115.247537514069,1
136.454062216069,1
144.572972072151,1
130.915655613458,1
129.168098835659,1
137.61563609788,1
141.906318182089,1
144.986323256558,1
184.951327998816,1
208.285027350409,1
203.497242922636,1
209.237841943777,1
173.238425382613,1
241.750496088729,1
237.832528318967,1
145.318249987782,1
173.993214944642,1
163.293614446555,1
128.274399582645,1
140.47381203438,1
208.272060549474,1
142.116400292018,1
111.884909437231,1
198.22565363794,1
144.866043582623,1
201.821711347595,1
148.771380031013,1
128.440177202558,1
176.225537920049,1
168.632752721246,1
130.311779617432,1
192.087773003638,1
189.829601547637,1
253.843165417531,1
70.561793395881,1
320.0857625718,1
154.719984075167,1
100.858950347013,1
87.6343605579187,1
132.383367021565,1
186.942446404845,1
150.294121095874,1
208.336631321003,1
281.085974380662,1
213.262425698628,1
133.980909339653,1
109.204045285837,1
118.926698836597,1
119.863366050854,1
109.992418845592,1
117.613352240922,1
115.361314658501,1
124.865195984761,1
130.12900725099,1
138.184298877691,1
119.7054298672,1
115.812975798303,1
127.532428847408,1
111.314410432019,1
109.701846389561,1
134.924192447781,1
178.647330365151,1
172.7032301748,1
89.4532244312575,1
92.4502136105924,1
140.404770745814,1
182.418608314419,1
112.867854764353,1
135.100701517903,1
114.867318404706,1
116.233341127952,1
115.930251484407,1
117.559454873584,1
121.767567932651,1
133.052753021181,1
132.93908695297,1
125.626139851608,1
124.737735971257,1
125.935403652682,1
115.839602378461,1
138.59830846875,1
121.969123899132,1
227.249678629492,1
148.017057126869,1
159.879622142888,1
81.3951291669026,1
146.48166744843,1
124.285102627951,1
101.949918149359,1
245.644349165292,1
114.803574770514,1
109.793192549704,1
157.425859481162,1
153.459492624903,1
165.708341489453,1
174.731167114932,1
174.804447312605,1
225.960301606718,1
168.687875451069,1
190.880673112862,1
153.136760036208,1
150.69122103759,1
60.6810528607593,1
164.089164309661,1
145.923144917728,1
73.9098836393317,1
126.256830886969,1
172.894907080116,1
193.763030025731,1
135.644936009941,1
177.201496460957,1
199.905912964317,1
164.911177324638,1
167.955420488889,1
118.39181233234,1
104.62946146511,1
97.234852820671,1
174.900992017447,1
154.542326232713,1
202.078553434433,1
137.321075038096,1
240.716630094576,1
200.426356054406,1
186.896154645729,1
150.340290403151,1
186.396538840967,1
137.459137901385,1
154.457647873669,1
144.175544267597,1
236.324442698665,1
194.44974890929,1
86.0786986751934,1
117.608880788789,1
113.531592720966,1
122.075392511041,1
146.621662225576,1
123.305244237151,1
162.759027425582,1
140.360467096938,1
103.236897697498,1
128.616618643418,1
106.356837482825,1
119.688063414113,1
111.366489988796,1
115.066274772321,1
122.856034382419,1
108.159639600709,1
112.685281287306,1
105.453578122299,1
99.3369377946821,1
110.484689279758,1
122.578002611,1
111.996089832796,1
108.175257548522,1
121.48154494055,1
120.687050334184,1
119.973621558704,1
115.103582869879,1
131.927060588366,1
132.157294767327,1
139.69141034499,1
124.577792550968,1
134.020624542192,1
116.641316651014,1
117.589269498425,1
124.057769608461,1
178.580117730507,1
192.064083683918,1
181.584149908192,1
129.257948764585,1
132.833001987593,1
111.372482690439,1
147.508507054486,1
163.237639465804,1
198.112653686994,1
209.460038002671,1
186.826469318831,1
161.685265078328,1
92.4805505604195,1
166.299334574258,1
207.022551713515,1
238.545505368647,1
153.861163588851,1
212.553111153478,1
205.816059764282,1
187.099197247996,1
163.37695376218,1
191.382535934251,1
124.558762358685,1
235.211466445967,1
156.819426398296,1
181.161750902091,1
200.624866379704,1
175.497108379964,1
164.511872797216,1
204.743395364169,1
122.627142361217,1
121.506576667749,1
117.495699573352,1
156.219865615323,1
103.152553217389,1
127.26427828362,1
69.9317464918067,1
109.103382114314,1
175.800093774869,1
166.980610796371,1
193.791891015746,1
161.664343956071,1
143.304311701359,1
194.348693017272,1
224.51084933743,1
199.338852911541,1
220.716773027828,1
216.935271851875,1
215.260640211515,1
228.034708904944,1
239.825025465503,1
228.407063603569,1
173.042691506134,1
136.504782398786,1
153.701795759756,1
178.306719841667,1
67.9573760897935,1
68.4614950267315,1
107.917126329489,1
118.079200875408,1
109.439462748419,1
122.238495820726,1
125.342978180219,1
123.619719854514,1
121.842657701164,1
119.660100996551,1
110.632839501954,1
110.515893218229,1
111.872715625456,1
131.183374455643,1
115.326985619935,1
119.760792559615,1
118.784839396776,1
116.166356998896,1
111.197190412614,1
112.326232833993,1
122.181802586632,1
98.9437971556349,1
118.068902750297,1
112.191821063496,1
115.233980795487,1
120.577196638032,1
112.805492161358,1
116.32853442396,1
107.561671487596,1
102.075337603899,1
129.145324947147,1
207.459868859625,1
71.1514176030341,1
109.274428764776,1
192.909929661359,1
154.091254807264,1
166.291414772784,1
200.135300918917,1
191.836834926095,1
203.304253431729,1
198.205091597875,1
189.49865372708,1
197.076767229577,1
209.536632521743,1
194.457863611847,1
195.418047612898,1
188.75465880304,1
201.631995988901,1
193.053033331388,1
195.856550649094,1
185.949362420974,1
192.985838804977,1
183.263844752955,1
192.040285104056,1
198.278552496264,1
198.092009932536,1
196.674959261659,1
196.510751242908,1
196.620271957171,1
217.032332498916,1
181.864168602072,1
198.068416985664,1
192.011795237124,1
193.48779788861,1
196.534870745606,1
208.696040756085,1
187.400294739069,1
188.580193679264,1
187.053842163395,1
182.889226704469,1
167.523697237428,1
188.605812465462,1
187.110267224478,1
202.570138899587,1
202.96843452835,1
207.551302496596,1
198.061135420866,1
208.760078088507,1
204.77536545399,1
184.201600997536,1
188.767355562913,1
196.520441431809,1
202.102386899501,1
187.28657046818,1
194.520954397115,1
178.847827702751,1
174.783675868896,1
197.057730576927,1
182.103219548232,1
133.936627698156,1
146.344649792271,1
135.568792822894,1
130.681239969397,1
135.104969005049,1
142.467581587417,1
131.104457837992,1
114.69048712202,1
106.176336114242,1
129.12290069935,1
131.971774688672,1
136.4033590245,1
144.284712841037,1
121.51155676907,1
145.42257364043,1
122.336757271699,1
178.428785008516,1
220.458422862329,1
96.8095415900456,1
129.155806489429,1
107.630299972947,1
192.154700351138,1
166.025083707081,1
87.8705732944321,1
118.504542488657,1
163.880123507268,1
129.232371974796,1
136.93246591948,1
138.693767009873,1
129.053669405972,1
134.957702851621,1
125.383630822787,1
138.486125416651,1
124.302321727369,1
137.526724731561,1
142.126795510966,1
144.07532962069,1
98.0586712207503,1
189.588400853038,1
155.461119578034,1
147.046366512071,1
211.761752553261,1
196.265828451809,1
137.202816219522,1
210.714720049899,1
189.820875051263,1
152.073879288283,1
175.717181480286,1
207.616131429816,1
151.40651714224,1
104.822406996603,1
210.301840468838,1
153.223195211569,1
166.580100993027,1
155.040454159852,1
156.456010819226,1
202.85664140471,1
206.989840521731,1
213.428433458774,1
221.586323511299,1
179.096252920136,1
174.850391846578,1
163.304008853257,1
154.530993031149,1
156.159011020089,1
237.669798582778,1
185.834841232321,1
177.976674151083,1
242.725953944944,1
207.48314069784,1
179.900629070781,1
182.05717141792,1
131.225556180696,1
199.224577026698,1
136.134693833004,1
189.130128107897,1
156.129518064133,1
160.297154100182,1
151.812210830277,1
151.75619795265,1
109.98952021902,1
201.899841420867,1
136.71988551852,1
204.133916078778,1
102.81576086048,1
196.416352073863,1
195.868661644531,1
138.11608375534,1
115.816724603643,1
101.211438853713,1
122.892803668843,1
64.9294377420729,2
44.8509278307886,2
74.386248230328,2
48.6453603953993,2
26.5904000880533,2
21.4630535219404,2
45.6424754713454,2
22.231180335321,2
93.5754708224418,2
44.6133426781355,2
90.0184775293638,2
82.0364094010979,2
78.7308875164268,2
31.2656410187367,2
61.5385992267729,2
103.4716713163,2
81.8467424756438,2
44.7031265385937,2
65.4804924173641,2
57.3452060716814,2
6.01850314495152,2
54.5736723902182,2
47.3825746979518,2
58.2781947625792,2
49.4789904290533,2
56.6102605294986,2
31.9296062350094,2
71.9017865656504,2
24.6703401105768,2
40.9920577277373,2
49.2805447546968,2
14.8016336711295,2
86.7502621381719,2
23.8723471684185,2
24.1235424831953,2
29.7590068547916,2
54.0255328651107,2
21.270505191097,2
23.0790160396613,2
30.4059128314081,2
78.6421551163226,2
19.4191757159453,2
124.011563918366,2
70.3903932400398,2
8.0917970867099,2
12.57681346216,2
43.7841285032812,2
28.2072553190678,2
60.2894649948307,2
12.966478045491,2
29.6361746370006,2
32.104334986366,2
51.3276481410013,2
84.0876903756144,2
35.2103070715328,2
31.7421743245318,2
73.6085716702066,2
92.2613146782805,2
72.4746465228058,2
21.0599580853517,2
28.5391120571329,2
35.3123953295039,2
60.0446563872528,2
20.776749332177,2
55.3658053320386,2
63.778329412684,2
11.6756714727484,2
48.8135793098317,2
17.0201502901679,2
85.2234538319378,2
64.8612661496175,2
37.9519246048921,2
45.9380560043641,2
67.9838536906562,2
69.6761415342486,2
17.6215696149976,2
142.069949171469,2
124.850678846743,2
90.1326046614685,2
-1.38028036982553,2
81.0390081557572,2
57.5676366371914,2
21.3368166815821,2
89.1824125534754,2
79.1518502999895,2
68.7393276048677,2
90.6126369581917,2
91.4043012777958,2
77.5844530150251,2
62.6979348979156,2
27.1643855167531,2
83.1462776077887,2
60.9884366451303,2
121.414977065874,2
95.9008591548309,2
78.809885164951,2
97.7210604900907,2
110.885654917213,2
104.99166022258,2
49.3265393365057,2
118.140473083795,2
55.3704276558337,2
31.0881389081413,2
44.6197760852231,2
38.5768051990605,2
53.0290675110066,2
54.9534027787973,2
21.8016370293876,2
70.4400574432994,2
28.1961063737054,2
52.6335036323205,2
123.07420672713,2
49.2016661725498,2
129.700387979021,2
69.7722690802508,2
13.6276106701204,2
89.3378597316965,2
92.2657944369682,2
103.822773300119,2
86.2172308323866,2
61.2233186078565,2
49.9540797563688,2
85.3018760920597,2
76.7774077427001,2
46.3800543687553,2
59.1234012029714,2
94.5622409143757,2
100.55036760643,2
118.423075404966,2
57.0479642240213,2
36.3992069179562,2
45.8983723132579,2
55.6994496535546,2
77.6931250497063,2
33.7295091586913,2
79.2119342894302,2
59.9910938977313,2
1.57478174364167,2
31.7324642573963,2
40.8268731292249,2
19.2173186752373,2
5.55164126387598,2
38.6012926997005,2
30.7461098021319,2
47.0924926510574,2
25.9327384721382,2
43.6173990728048,2
25.8417881393325,2
31.0296209547358,2
-3.92217897869557,2
36.9498041406056,2
73.6717621127445,2
114.629628941984,2
135.061085905319,2
27.7782030727187,2
64.3355293854241,2
56.2830532964861,2
71.5851815634635,2
4.45856244977017,2
38.1726277689719,2
54.1700158814766,2
71.2382820030283,2
27.5093640029052,2
75.8973294442775,2
54.2668627417876,2
60.7074017511859,2
45.4400362256859,2
68.4839988555372,2
16.648995130543,2
67.2697125167336,2
52.7937562063821,2
23.8498115405422,2
42.149182888966,2
6.47809675827,2
53.1846352389128,2
78.5048872145013,2
38.7187522287264,2
23.7738378774069,2
36.0876178618069,2
34.7688560062006,2
67.5510799197404,2
48.6069798279942,2
73.0029759634198,2
37.4272127495281,2
47.73460907834,2
59.9370943207468,2
-4.26358547452321,2
19.7646516564793,2
7.91882944264052,2
40.8552950531532,2
87.5327872024129,2
12.5149653543625,2
73.397890211303,2
38.3000193609597,2
39.3138499932624,2
16.355449357712,2
73.5904358927634,2
97.9487908867238,2
66.5361474622919,2
33.9650932330028,2
54.9550143101758,2
9.17771219127252,2
42.442366889456,2
54.3466418539205,2
31.062691954799,2
43.9133371393016,2
53.5922857460311,2
24.0892992415053,2
58.8889915458105,2
75.4650879183476,2
8.17466482579829,2
102.423464438176,2
46.6946691556191,2
29.0159041334344,2
40.2257466463228,2
49.7075258847414,2
44.783968850067,2
122.223345170078,2
115.208872199311,2
127.826074155464,2
90.6198942652705,2
42.2870644511736,2
61.127221207038,2
66.6226842849342,2
65.5819449073168,2
46.8331531774145,2
59.7930365588347,2
130.353376622101,2
135.192231020667,2
110.249245472952,2
41.1547138401447,2
44.2657753346787,2
39.6423372626338,2
58.8416387022851,2
61.7409445058809,2
65.3612397753803,2
65.5841660695304,2
122.504552033676,2
59.8755662900909,2
51.4023860430142,2
78.5969952791656,2
8.0460782406027,2
39.5889083879847,2
61.3210647211996,2
56.1895313040715,2
97.7883555901652,2
70.032894628436,2
35.6235049219681,2
92.4537572366337,2
62.5020340895583,2
35.7284303030963,2
28.9175112690346,2
38.1454337682098,2
33.5200590172047,2
37.2577516927934,2
46.8539916747525,2
22.9721850092666,2
72.1450398664856,2
120.107106897012,2
93.4411121894592,2
95.5937718618863,2
50.6379696372296,2
19.5921475646039,2
62.3684591362179,2
63.5702980332381,2
106.869661466842,2
43.5194742758611,2
32.9771019745884,2
64.9683653310218,2
65.6851792258879,2
51.7682217295238,2
38.2097386706225,2
36.1337515785098,2
26.2664574410539,2
57.6080887005801,2
42.5576724494282,2
54.9883798077894,2
69.1987282768408,2
63.6355470719389,2
53.7567918088014,2
43.6653507566043,2
18.0388916111391,2
25.4091885352683,2
54.9849931794821,2
43.0342295212456,2
30.046782262386,2
46.3751080296909,2
31.2709547852729,2
63.3907095505321,2
61.0807956150105,2
38.5899193231219,2
43.2679374794353,2
37.127872262634,2
31.4270539061636,2
49.7802181652257,2
15.127043573768,2
53.1821528893404,2
44.9845348176685,2
68.1399363062711,2
73.4460150212105,2
64.2849197470755,2
93.7659230998674,2
79.6769544747827,2
115.814841265151,2
113.088100532421,2
38.8842451845964,2
32.9517402341179,2
53.4108789002798,2
49.7451116141076,2
74.2357547328397,2
32.6175420126631,2
42.8075535463833,2
101.135589633962,2
-15.3151218458491,2
107.686454508316,2
93.2064036227596,2
115.150899656541,2
104.55895183064,2
82.5380855042137,2
88.6057878888554,2
30.1296961424102,2
32.7195286448811,2
97.4288552469058,2
80.2156797733709,2
91.1921947488912,2
74.8594419396208,2
89.7972939596906,2
114.096960519185,2
101.753954491606,2
115.78470323958,2
103.911975713861,2
66.5913895128616,2
76.511467546546,2
67.7795635408849,2
92.8023845502887,2
40.0592956928451,2
45.8828720262098,2
38.0605488255798,2
15.2698278903384,2
-2.3901448320849,2
16.775434328495,2
13.1693745543001,2
45.8485939017448,2
22.4494832261095,2
26.2634194849833,2
41.7019389895867,2
65.4117433139192,2
25.9638507055074,2
38.4402094713452,2
22.4129602801598,2
38.0701954846138,2
43.0131438930359,2
20.130460276923,2
74.3273782963553,2
115.355042873486,2
31.6331048468083,2
43.4445345305087,2
50.5168263359612,2
109.019824004351,2
33.4260984719579,2
74.8901932990372,2
103.460225992044,2
60.0747306613408,2
68.0205723406489,2
58.3197510590259,2
74.2344111835203,2
24.4953968074112,2
73.9877085819314,2
70.1235449286741,2
58.8188649481974,2
104.128334155155,2
61.079179645563,2
67.1726071132986,2
44.635514641538,2
49.0017808488188,2
69.0846927234365,2
62.9099885351987,2
27.6528986827478,2
52.0264131654764,2
17.653428343336,2
130.791372694748,2
71.1655623123173,2
47.4760937019249,2
-14.0892489334016,2
42.7618601998053,2
51.9497359616517,2
64.2102276921156,2
24.2859393240104,2
85.6050317343031,2
20.3352506882068,2
18.8242210880778,2
47.3589397287913,2
24.9463361088723,2
55.9869870087579,2
55.814932016726,2
48.1642883887251,2
18.4885182432618,2
64.7201429607241,2
55.671145094271,2
37.4111908852372,2
32.6378023261351,2
59.5596703000606,2
57.7056058038443,2
59.191252940331,2
75.1017813805437,2
40.4039426875058,2
80.7995893804987,2
38.4940548370766,2
23.3516581821877,2
41.6322579682856,2
24.6694239597373,2
47.9651723828944,2
16.7745477695751,2
53.558396411629,2
20.9122061739288,2
41.9789911839587,2
58.804123781453,2
73.55891372975,2
53.1376596181073,2
82.2879994731335,2
35.8527363331278,2
71.2720151483359,2
43.7812913860776,2
12.0412191777481,2
28.8481362655719,2
71.375018295475,2
63.6890488907451,2
19.3302851851635,2
-31.2757347926381,2
35.872822752541,2
115.105580823483,2
87.9886293309016,2
14.4998526686111,2
9.70421402408431,2
65.4939118654227,2
75.9300192404268,2
35.4680352827875,2
74.4829301156925,2
37.4505341206357,2
34.0729992904236,2
22.4817474463972,2
87.0477989955883,2
28.2756518595242,2
58.9722086784136,2
41.3394906432492,2
70.8099614377128,2
39.6444956873078,2
37.7904536630884,2
59.1975702123033,2
32.5491402050216,2
8.36434017040773,2
19.585740860255,2
20.4097477408588,2
78.920133491409,2
86.6404467167757,2
-7.58231116602144,2
22.3067840403786,2
92.263738277888,2
72.6378648062311,2
68.6103418754945,2
39.9834882891601,2
7.93393427567185,2
48.0869610990529,2
55.394003500817,2
50.7663067043482,2
38.5121944332373,2
58.6918171261712,2
28.6386678629289,2
92.1305814852923,2
48.7253391781757,2
53.2761570753093,2
56.5893665904251,2
104.911956698633,2
21.5860222029073,2
-0.232766188582389,2
82.010930085902,2
98.2834654144878,2
53.3734357872174,2
59.5412100873401,2
56.7703369217912,2
70.481869969817,2
86.9424478724875,2
72.5834457110131,2
56.7688479749553,2
32.4345286132321,2
137.901967479619,2
135.812892521779,2
131.687784878217,2
68.2248951978389,2
124.53067951519,2
123.479730043109,2
65.4443834632588,2
82.4063729494721,2
38.1161606449228,2
109.353808858133,2
40.6012663774783,2
45.2670293944489,2
60.9161819595782,2
74.8213722108813,2
105.815761417595,2
92.3184396747452,2
110.638100733987,2
59.9090197169704,2
95.294754105433,2
121.83881866503,2
79.7846645449866,2
55.1636285392469,2
22.0512011748143,2
53.9262928233883,2
88.9316107265409,2
39.8521655221984,2
62.9557104322675,2
53.2013065782017,2
78.5563782064821,2
98.9147004913114,2
40.2574081630851,2
21.4248542755882,2
61.3482194557295,2
93.120467097521,2
16.9761950001861,2
50.2995317791109,2
50.7592810388095,2
80.7199733163755,2
67.4987650175322,2
24.5615990678633,2
99.3479465527208,2
116.733301409049,2
71.1429139569643,2
90.2028121244459,2
68.919569332835,2
55.5829283910691,2
55.780232251202,2
80.8810976133252,2
54.981634529844,2
72.0339308278195,2
46.3265339314322,2
82.427819589022,2
54.2820321899097,2
77.0421745255692,2
66.9551623315177,2
134.475558911113,2
28.853584229018,2
107.102224490896,2
18.291353971034,2
101.215241397314,2
113.030467621977,2
47.0915796449805,2
38.4793451025198,2
96.4081928349832,2
31.7406978044787,2
72.5345945071749,2
57.3346392565765,2
55.2627219892313,2
62.8858075775457,2
126.970217751951,2
102.217223742167,2
120.102834660737,2
25.7795441994197,2
66.5466704363204,2
69.7359971622558,2
21.0268007244374,2
38.1146694116281,2
108.569980989123,2
42.4486287154594,2
80.9852313303053,2
29.0157032833748,2
27.5944093789973,2
89.0163586947892,2
43.7629897969138,2
-3.33371487879327,2
117.459659401879,2
59.8516880146533,2
54.385028148238,2
22.5032867805688,2
42.8804496672919,2
31.745072609488,2
61.7676597747549,2
83.0051124684327,2
66.5604620173106,2
45.6730100556942,2
111.509559406217,2
78.7450494223147,2
65.1539334131937,2
59.680356074599,2
22.513133111952,2
36.6064862062798,2
43.2326471959979,2
43.4032148005487,2
94.9132031846422,2
34.7729434835044,2
34.5238793596461,2
71.3902245996571,2
127.59239640977,2
57.0750422005148,2
76.8861719605055,2
79.5726754473835,2
40.8250274415632,2
43.6114130299283,2
25.0441127447065,2
41.7140019227764,2
34.4319768782769,2
29.677961899162,2
112.055056299725,2
83.0478012384886,2
95.937581285994,2
82.2870036697634,2
51.7148941714123,2
43.0145521328905,2
13.0784852501254,2
27.5976362704847,2
47.2889264715969,2
39.3902997596411,2
57.3460997128254,2
39.1916365389818,2
5.13781360083567,2
25.8266136330181,2
40.8191900812601,2
77.9500720529458,2
42.3582796779277,2
60.8683742195396,2
52.9022796477244,2
65.1281424752488,2
56.2865030226933,2
79.0483418299327,2
39.6108526295901,2
30.3770738381685,2
45.2376472283062,2
69.8176510078719,2
64.673676019453,2
101.743219620073,2
116.993370133327,2
102.335226319119,2
111.689611277818,2
73.6187862460706,2
115.491622483118,2
62.3478770471365,2
49.3370068639276,2
46.6238238812869,2
66.6099765820144,2
84.5658530520457,2
84.4692739526703,2
12.2437778064931,2
30.0996153717673,2
32.9061723906729,2
61.4964272993227,2
67.6200864756518,2
103.091635825008,2
2.23330181988371,2
53.8029908464694,2
45.2605390411569,2
14.1433574127847,2
51.2334721249316,2
36.0016871740252,2
31.473257583947,2
46.0416839726078,2
45.9116147067807,2
34.1348786302735,2
48.7909325852938,2
12.4934583515321,2
25.8636218103273,2
42.1648580596012,2
66.6715703530127,2
1.92015918882453,2
0.677052579796225,2
0.421253291789071,2
41.5754163059397,2
57.342638875075,2
52.3055791937799,2
65.5782112661057,2
28.4894290796861,2
37.8590715151697,2
27.3368162140041,2
29.2979641325603,2
26.0214197397794,2
37.4802143659469,2
44.8650014921633,2
38.1914125370698,2
45.4444113832621,2
42.5109328801946,2
7.83786104458761,2
-12.0996779005126,2
14.7822419032443,2
-8.61000380005981,2
-14.5953980266835,2
-14.6771161861747,2
15.4215821774273,2
36.6099771848978,2
15.3359333658926,2
7.17885839036745,2
30.8237193511208,2
14.5534327726208,2
0.722382382114972,2
26.2910983526221,2
31.489374932523,2
37.8544673566182,2
4.52787330667178,2
9.6630160377112,2
15.3126039138553,2
11.1379042402726,2
-24.6454529302006,2
10.6774937563143,2
-4.09886158507845,2
35.5642339948662,2
31.8742486525077,2
14.4080458324755,2
61.0085000959864,2
40.2399463422154,2
-18.7505437146738,2
3.56707736133177,2
27.1396335833845,2
55.948229736355,2
-16.7305054273211,2
-30.8917166113553,2
24.0224078342821,2
77.0765301855596,2
5.47369732849029,2
28.0862818864392,2
37.051105227528,2
67.9279261854907,2
47.2854182870382,2
58.1565239092719,2
-16.5487893643458,2
-8.94091232287485,2
38.3475744296638,2
21.045108814009,2
16.2335850717786,2
47.8715461367194,2
75.4507203985281,2
24.349715006507,2
5.41334028309814,2
13.7770621653236,2
24.1133361971421,2
35.2839834536113,2
12.5799684144988,2
19.02962617669,2
40.3693300505911,2
16.705569072487,2
18.5888205475458,2
36.5086144471804,2
100.244973310532,2
56.2867378620149,2
15.0900888928706,2
35.278912017479,2
6.48880113405551,2
29.4287446056356,2
32.7009047548901,2
37.4935016810272,2
65.527792910738,2
14.4635598352629,2
1.82273160287644,2
-13.0523455879318,2
82.4651727350874,2
64.0442665859442,2
70.7121855470335,2
45.1368591733633,2
56.666829030628,2
52.3078565450431,2
52.4864901841319,2
41.0828303482398,2
45.1592671271324,2
5.84281427339107,2
37.996823494874,2
30.9802704613866,2
70.2199645538525,2
14.6748554315022,2
29.799195176532,2
83.8895871364235,2
34.7473457097066,2
30.0654580570134,2
55.8538597603671,2
18.635659233729,2
23.0667914409502,2
43.7178789424379,2
68.7077016270946,2
13.7696292816998,2
27.2250998524558,2
35.8777157868136,2
39.9222773420663,2
47.3403486389608,2
53.6804115275694,2
34.8942067795085,2
34.2227014392175,2
54.0092976950122,2
15.9157192186701,2
12.3534325693938,2
77.4777404421336,2
25.3756648898249,2
52.9026811027163,2
115.484885155729,2
69.3622619772827,2
80.1002029685847,2
47.8808728278106,2
46.9567032568615,2
19.273390529852,2
57.262458564473,2
72.1907627807416,2
117.252274794059,2
40.0685210311127,2
-8.09079330414465,2
42.6197123012784,2
23.5658228939026,2
11.5405930694891,2
57.4310654935319,2
21.5068192137605,2
-0.956696468290829,2
67.3096406657373,2
61.2075445613892,2
42.0032757623787,2
25.3799413567267,2
68.2908909609528,2
65.62050207064,2
31.013920122725,2
93.6554327307732,2
28.9306840016482,2
29.3920461393066,2
39.2337671911221,2
31.3040520001801,2
47.403467396078,2
39.5235873225911,2
49.8611403829203,2
37.1534323655351,2
45.2876864691394,2
51.5924130071132,2
77.3534116472728,2
48.6677237792524,2
43.5399515502962,2
10.9568145335819,2
40.5920472950693,2
16.788839899681,2
18.2339198928757,2
38.0799201597186,2
54.8551856272651,2
46.9887289388885,2
58.0742038378715,2
76.1337836365652,2
86.2731489624448,2
33.1282501582251,2
15.2198200956323,2
34.3797918483589,2
51.2129960760732,2
65.6459422889305,2
59.885297187855,2
84.0141755850301,2
82.1901929683215,2
45.4266433997578,2
73.1869118135057,2
44.4566995012019,2
69.6977698874635,2
35.1046880464511,2
40.3136215469415,2
42.5684560573142,2
38.4554388999832,2
55.4576277747276,2
65.9498637689653,2
43.0546931699856,2
45.1797858437157,2
-5.84271630796633,2
38.020563036561,2
92.9242988420153,2
46.16581433852,2
68.2881714224974,2
28.1137655761661,2
81.9175817910278,2
58.186179935527,2
78.3927580553961,2
62.3234106765074,2
57.6242943491389,2
39.7602524479587,2
34.1253172318432,2
81.5120136522617,2
48.3159057939964,2
53.5532370480388,2
102.092005897454,2
15.588912153215,2
69.3115172786111,2
42.5683483328145,2
51.7266273671056,2
57.3200113784334,2
43.7315770774124,2
26.9817790642941,2
70.9532267453267,2
53.6345995355251,2
29.719374405858,2
41.3271729546879,2
38.6507956724727,2
66.3396344477235,2
60.6148717842742,2
57.6078097570459,2
72.5136357725213,2
11.1626682823846,2
17.4656015832648,2
-6.05181962417407,2
68.4163752113517,2
31.9150202314024,2
44.8563000274273,2
45.089119505651,2
21.9822925989569,2
33.5700059387858,2
13.7127447418391,2
48.6494991728424,2
64.0038114634298,2
2.02939973072608,2
46.379785214096,2
37.894123237368,2
39.098597343784,2
54.4836758605101,2
60.4692746326867,2
64.6299708400423,2
53.6482857025073,2
54.5462546360647,2
29.9643981886843,2
90.5171685623923,2
55.9005622438562,2
39.6353538936823,2
52.5985314874374,2
46.0331813655191,2
11.7879035408138,2
11.7263991873409,2
36.9894138053652,2
23.7726853365992,2
12.1169670119118,2
-4.81993545685225,2
-27.4875230263319,2
38.414000239937,2
71.0301780600013,2
5.45414549734039,2
37.8892888718207,2
35.9490817109605,2
13.6213291741023,2
58.9202674804622,2
25.8191814771374,2
29.9963860068078,2
34.4050363400296,2
53.9710887948298,2
58.5391495616762,2
46.5723943911569,2
48.9580342616568,2
29.7587822150136,2
36.4060820555935,2
115.436013357187,2
20.3757853352168,2
-9.95318276047959,2
10.6824299405233,2
52.4337900355043,2
44.4141026014091,2
-34.9841557426878,2
8.69485425489478,2
25.9508044589799,2
48.1686375495673,2
29.2814020234478,2
1.56002410408541,2
37.3050056010489,2
42.8951444329377,2
21.4110212129996,2
64.2666140993113,2
47.5350492431655,2
55.4220443754382,2
16.6780275342294,2
-10.0090014949002,2
6.87298515138906,2
12.042930300497,2
