TIME_SAMPLE,MINACCX1,MINACCY1,MINACCZ1,MINACCX2,MINACCY2,MINACCZ2,MINACCX3,MINACCY3,MINACCZ3,MAXACCX1,MAXACCY1,MAXACCZ1,MAXACCX2,MAXACCY2,MAXACCZ2,MAXACCX3,MAXACCY3,MAXACCZ3,MEDIANACCX1,MEDIANACCY1,MEDIANACCZ1,MEDIANACCX2,MEDIANACCY2,MEDIANACCZ2,MEDIANACCX3,MEDIANACCY3,MEDIANACCZ3,MEANACCX1,MEANACCY1,MEANACCZ1,MEANCACCX2,MEANACCY2,MEANACCZ2,MEANACCX3,MEANACCY3,MEANACCZ3,ARMEMANX1,ARMMEANY1,ARMMEANZ1,ARMMEANX2,ARMMEANY2,ARMMEANZ2,ARMMEANX3,ARMMEANY3,ARMMEANZ3,RMSX1,RMSY1,RMSZ1,RMSX2,RMSY2,RMSZ2,RMSX3,RMSY3,RMSZ3,VARX1,VARY1,VARZ1,VARX2,VARY2,VARZ2,VARX3,VARY3,VARZ3,STDX1,STDY1,STDZ1,STDX2,STDY2,STDZ2,STDX3,STDY3,STDZ3,KURTX1,KURTY1,KURTZ1,KURTX2,KURTY2,KURTZ2,KURTX3,KURTY3,KURTZ3,SKEWX1,SKEWY1,SKEWZ1,SKEWX2,SKEWY2,SKEWZ2,SKEWX3,SKEWY3,SKEWZ3,MODEX1,MODEY1,MODEZ1,MODEX2,MODEY2,MODEZ2,MODEX3,MODEY3,MODEZ3,TRIMX1,TRIMY1,TRIMZ1,TRIMX2,TRIMY2,TRIMZ2,TRIMX3,TRIMY3,TRIMZ3,ENTROPYX1,ENTROPYY1,ENTROPYZ1,ENTROPYX2,ENTROPYY2,ENTROPYZ2,ENTROPYX3,ENTROPYY3,ENTROPYZ3,RANGEX1,RANGEY1,RANGEZ1,RANGEX2,RANGEY2,RANGEZ2,RANGEX3,RANGEY3,RANGEZ3,SMV1,SMV2,SMV3,SMA1,SMA2,SMA3,EVA1,EVA2,EVA3,AAE1,AAE2,AAE3,FREEZE
670000,-5000,-578,-3445,-3209,-55,-1717,-1000,295,-786,4808,4774,3108,3972,3981,1959,524,2561,980,-171,1009,257,-9,990,80,-58,1019,0,-250.637436471703,1161.64441381687,280.640451373934,3.22008786286502,1043.05151175812,98.6131449737273,-59.3710052545439,1017.82789215264,5.51503144112327,0,0,0,0,0,0,0,928.137879217047,0,836.78388789772,1300.79363881887,482.430523505173,717.671857463606,1105.46752525468,303.548491385558,183.183485904544,1057.75591693394,141.226464554759,637443.059869913,342675.864760519,153993.412064443,515086.895647443,134113.545761204,82424.2342896334,30033.8603618531,82881.1011482165,19916.2143028096,798.400313044724,585.385227658265,392.419943510065,717.695545233104,366.215163204917,287.096210859066,173.302799636512,287.890779894418,141.124818167499,10.6008861907524,5.20542462048575,11.5842566343319,9.4055824463386,7.6629454633132,7.28291046508817,5.68318250516671,3.8244636349888,7.80157874358199,-0.967346168721147,1.07413774808244,-0.0100260962498465,1.52304048799366,1.02791447478543,0.449695059636147,-0.828196021986963,0.391939035707067,0.453652154518726,-181,1000,257,36,990,80,-58,1019,0,-214.297731840368,1130.85797683989,279.979328165375,-41.5564168819983,1032.20241171404,94.5055029189396,-52.3189778926213,1010.95875203369,4.04182218394105,0.912971223971981,0.912971223971981,0.912971223971981,0.912971223971981,0.912971223971981,0.912971223971981,0.912971223971981,0.912971223971981,0.912971223971981,9808,5352,6553,7181,4036,3676,1524,2266,1766,1424.22090601609,1252.15613191968,1040.77833977203,2012.14669652856,1696.86286501852,1239.65871306745,656931.264844217,538341.924421243,85609.0970461362,2625010.57584633,1829253.03101042,1172348.68360755,1
851390,-4979,-529,-2861,-2945,166,-1292,-611,533,-475,3181,2362,1584,3327,2925,1414,427,2085,417,-151,1019,237,-27,990,90,-48,1019,9,-204.256818181818,1012.85454545455,238.781818181818,-41.3181818181818,998.368181818182,106.418181818182,-70.1363636363636,1014.59545454545,0.302272727272727,-198.61658325778,937.686908345407,0,0,952.54146108675,0,0,989.887588899304,0,810.585381908431,1072.64913351774,462.879333382608,624.489395062442,1020.24359836267,272.280737475129,176.497051224402,1027.13685465074,116.740748124754,616729.471479602,124985.892234417,157598.699440878,389164.276661835,44258.5611720853,62955.0502381446,26291.8537999586,25664.5102298612,13659.3548923173,785.321253678774,353.533438636881,396.987026791655,623.830326821192,210.377187860484,250.908449913797,162.147629646439,160.201467627052,116.873242841624,13.6745346092467,7.09942866797293,16.8036152177478,9.129698583312,24.4772555578434,10.626274304986,3.9186257279079,9.27001470649278,5.10001837360709,-1.77847563901181,-0.33119224252183,-1.75914193349512,-0.0651427442698237,2.61115251170304,-0.302723680171861,-0.394540858309363,1.08029160025295,-0.34017410883002,-161,1009,237,-36,981,70,-48,1019,9,-155.098484848485,1016.15656565657,248.664141414141,-35.6893939393939,988.939393939394,106.252525252525,-66.3737373737374,1009.39646464646,2.66414141414141,0.907592490674835,0.907592490674835,0.907592490674835,0.907592490674835,0.907592490674835,0.907592490674835,0.907592490674835,0.907592490674835,0.907592490674835,8160,2891,4445,6272,2759,2706,1038,1552,892,1298.64274960003,1167.54107560967,1036.48017712123,1792.52045454545,1567.40454545455,1226.775,634345.445849614,402916.006898523,29153.0098461177,2021882.10227273,1505020.80454545,1099789.72954545,2
858265,-3070,-1107,-3930,-2627,111,-1131,-689,619,-446,5040,3000,1762,2354,1814,1404,359,1819,563,-171,1049,277,-54,1009,70,-29,971,29,-269.560659599529,1146.41460541814,283.190812720848,-20.2956419316843,1036.76442873969,114.003533568905,-52.4157832744405,1019.25795053004,19.7467608951708,0,1049.35380685035,0,0,949.808001665293,0,0,983.386717127667,0,775.427515353014,1267.57311035932,521.892913529194,590.601154082659,1073.48128621287,315.21854927094,150.577744849019,1038.36885199409,109.447165238752,529248.260761828,292820.04252228,192401.79845323,348808.656596551,77572.9609501745,86467.7747516502,19949.7408355001,39369.4746566438,11602.4133886704,727.494509093937,541.128489845323,438.636294044656,590.600251097602,278.519229049225,294.054033727902,141.243551482891,198.417425284786,107.71449943564,10.6737024997604,3.55221935277247,21.4734172479264,3.9848616768722,2.92464160646578,4.95828298508889,4.75049830096748,3.30994203232658,5.30575824968773,0.282173376548458,0.104734363546202,-2.39196494176252,0.344473857501583,0.263997219190823,0.736379744562788,-0.954925692015283,0.688346555609358,-0.343300015965147,-222,1009,227,-81,953,10,-19,857,29,-257.558169934641,1140.90718954248,305.107189542484,-35.5856209150327,1032.17385620915,102.726797385621,-44.9228758169935,1010.74117647059,22.2183006535948,0.893971004530912,0.893971004530912,0.893971004530912,0.893971004530912,0.893971004530912,0.893971004530912,0.893971004530912,0.893971004530912,0.893971004530912,8110,4107,5692,4981,1703,2535,1048,1200,1009,1430.80254780731,1215.05946364958,1034.87276733636,2049.67020023557,1709.35100117786,1210.56537102473,570563.218158775,377231.464251179,45355.9460142723,2480401.63486455,1600534.52885748,1112862.21201413,1
871531,-1676,-352,-584,-990,740,-777,-466,676,-339,2333,2196,1099,1336,1842,747,611,1390,271,-191,1009,356,0,981,141,29,1019,58,-120.980198019802,1018.62376237624,374.594059405941,11.3960396039604,1029.17821782178,136.980198019802,-6.69306930693069,1031.26732673267,40.5544554455446,-243.68246390172,909.699494862425,363.438580507209,0,1000.46217257704,0,0,1013.41294743183,0,550.192234632137,1084.27367211401,450.592635062178,446.388111999696,1047.3237416396,295.389204572912,196.519164913292,1039.95941466887,131.007368850265,290956.03960396,139435.577029703,63340.1435643564,201123.801584158,38056.0079207921,69176.1196039604,38960.7348514851,18183.3178217822,15673.4495049505,539.403410819732,373.410735022044,251.674678035667,448.468283810749,195.079491286993,263.013535020463,197.384738142251,134.845533191805,125.193648021577,10.1644567199886,6.78076706682161,5.38791372724381,3.895674327104,6.59057614402289,4.84959192522591,3.39401356363967,2.89915166720691,3.58232539919591,1.83165744293961,0.582090997152652,-0.248592097299872,0.630013872675595,1.82190845888676,-0.714261170687333,-0.0279445613250132,0.098685934683393,-0.74528477184931,-383,1019,356,127,981,90,67,1000,87,-158.934065934066,1005.3956043956,380.175824175824,-6.93406593406593,1009.52747252747,146.252747252747,-8.38461538461539,1031.3956043956,46.3956043956044,0.831130160444229,0.831130160444229,0.831130160444229,0.831130160444229,0.831130160444229,0.831130160444229,0.831130160444229,0.831130160444229,0.831130160444229,4009,2548,1683,2326,1102,1524,1077,714,610,1240.10705955974,1146.89754454187,1057.32715250663,1810.19801980198,1592.9801980198,1285.90099009901,302277.300753207,212351.250717605,39929.4601379712,1681394.61386139,1383404.14851485,1137298.2970297,2
873109,-4343,-382,-4950,-3100,240,-939,-757,238,-572,4222,3343,2069,2663,2500,1232,349,2314,417,-222,1000,326,-45,972,111,-19,980,19,-292.029556650246,1137.65024630542,201.108374384236,-22.3349753694581,1016.71428571429,89.5467980295567,-34.3349753694581,1004.80295566502,-4.31034482758621,0,689.250093433341,0,4391.70998946856,892.205484907917,241.867577726957,0,931.199724980796,0,893.042604580576,1284.60754582792,659.353486154759,681.107986056507,1072.50999972373,298.522733908321,191.283505066027,1039.37394712896,140.814432617887,715769.791201288,357730.683997464,396254.433741404,465703.342681559,117146.838755304,81498.6648783105,35585.7882261133,71019.0698922109,19908.1952884944,846.031790892805,598.105913695446,629.487437318175,682.424605858815,342.267203738985,285.479710099178,188.641957756257,266.494033502086,141.096404236587,12.4056686252399,3.69807997283795,30.6771028082606,5.28597715923678,4.72660706436339,5.80379668138872,3.86230731112258,6.36318059014264,4.10669191360349,-0.765040139520631,0.495675427921698,-3.99433469967064,0.0869339116768177,0.765362752514002,-0.0442981338688187,-0.636963617198215,0.922416065396669,-0.332915855910839,-80,980,346,-227,944,30,19,761,19,-261.016393442623,1123.43715846995,248.617486338798,-33.4207650273224,1005.08743169399,90.775956284153,-27.6448087431694,995.491803278689,-2.62295081967213,0.898550995139318,0.898550995139318,0.898550995139318,0.898550995139318,0.898550995139318,0.898550995139318,0.898550995139318,0.898550995139318,0.898550995139318,8565,3725,7019,5763,2260,2171,1106,2076,989,1460.39680348366,1232.30122159842,1031.34959836521,2111.87192118227,1752.49753694581,1259.97044334975,863839.199214216,477811.846655908,78057.3222932161,2882488.66009852,1703301.61083744,1136716.28571429,1
876281,-737,431,-1138,-818,768,-535,-339,780,-349,919,2049,1178,1081,1546,585,427,1733,203,-212,995,301.5,90,1000,151,38,1019,24,-142.096774193548,1079.95161290323,313.838709677419,60.9677419354839,1049.43548387097,141.112903225806,41.9032258064516,1054.38709677419,3.67741935483871,0,1001.88091585876,287.098117304473,184.44652966519,1018.79690588718,164.316639986268,364.97985962406,1026.89755615655,0,327.301183187793,1126.35746775226,446.148282886509,406.493026564001,1066.30937984639,240.856100795314,153.541315234275,1070.64398769483,117.405830486642,88359.7281861449,104064.112374405,102201.973558964,164167.375991539,36286.1187202538,38723.3804865151,22176.7445795875,35112.7329455315,13996.3532522475,297.25364284756,322.589696633983,319.690433949725,405.175734702288,190.489156437457,196.782571602556,148.918583728115,187.383918588366,118.306184336439,5.57144617417994,5.24330014604665,9.71932505573409,3.47509036568266,2.99967634078368,5.10749841854822,2.97988186540784,5.66749461852945,3.07979351491957,1.28868643712356,1.46686132876056,-1.01083531693865,0.284665531407085,0.832356482441171,-0.8805833675868,-0.121031522937456,1.46774695327932,-0.616075854907708,-272,970,247,90,935,111,-77,971,106,-163.267857142857,1056.875,324.839285714286,50.625,1038.41071428571,150.107142857143,44.3035714285714,1037.80357142857,7.91071428571429,0.79824413356467,0.79824413356467,0.79824413356467,0.79824413356467,0.79824413356467,0.79824413356467,0.79824413356467,0.79824413356467,0.79824413356467,1656,1618,2316,1899,778,1120,766,953,552,1212.84939423601,1141.87355207334,1071.12009867465,1721.11290322581,1554.35483870968,1275.74193548387,127145.994218469,176574.737237717,36164.4665380294,1574855.5,1360263.93548387,1183637.61290323,2
877250,-2101,-333,-1594,-909,564,-727,-446,742,-398,1868,2186,2019,1527,1990,626,339,1561,242,-181,1019,287,-54,944,101,-77,961,-38,-194.181818181818,1016.35064935065,185.25974025974,-86.8441558441558,980.285714285714,91.0909090909091,-89.5974025974026,1015.74025974026,-51.1298701298701,0,746.609571283883,441.866173508486,0,937.492518836262,116.678555168822,0,985.260954870843,0,719.186770171428,1102.84612318699,545.179381893298,555.895101288331,1003.94786950086,232.56145675677,184.437121936046,1032.85901276977,129.127893915347,485832.545454546,185712.783321941,266358.589542037,305444.264866712,47569.022556391,46389.7416267942,26331.3226247437,35530.9053315106,14244.7460697198,697.016890365324,430.944060548398,516.099398897186,552.670123008936,218.103238298726,215.382779318111,162.269290454921,188.496433206336,119.351355542029,5.21188166980189,4.21774293938807,6.9904440120896,3.85337220760699,7.93971834335254,4.86729941679489,2.99770962521555,3.3494766186821,3.69992317297261,0.164303510887257,-0.0155549180823638,-0.688913444150547,0.933257506208284,1.41188697206183,-0.752496775473065,0.233466465317045,0.956951287669625,-0.346885817920539,-212,950,326,81,870,50,-213,809,-29,-197.507246376812,1013.44927536232,213.057971014493,-129.449275362319,969.753623188406,100.478260869565,-91.8260869565217,1002.31884057971,-49.1739130434783,0.9433042826922,0.9433042826922,0.9433042826922,0.9433042826922,0.9433042826922,0.9433042826922,0.9433042826922,0.9433042826922,0.9433042826922,3969,2519,3613,2436,1426,1353,785,819,640,1314.74116193636,1135.79979233777,1039.40479560508,1917.4025974026,1601.12987012987,1259.74025974026,553737.338255127,309804.292267505,39510.4261292444,2030719.74025974,1371015.51948052,1117488.80519481,1
878453,-2040,68,-4346,-1681,342,-787,-543,704,-388,2474,4058,1821,2154,1712,848,475,1504,242,-171,1004.5,326,67.5,962,106,-77,995,19,-165.787234042553,998.851063829787,266.510638297872,-11.4574468085106,986.276595744681,140.521276595745,-59.3404255319149,1014.58510638298,11.4042553191489,0,753.944655761649,299.3842237366,-3374.68913495481,949.574567298649,0,0,986.581546822871,0,609.902311675595,1092.76427739813,769.699554537561,669.844591376048,1003.08357556809,314.428610440955,185.559648034597,1029.12326350606,113.419293641835,348199.674673988,198542.472203157,527016.037520018,453383.734728895,33794.6538549531,79969.8651338367,31243.4742621826,30031.2346145047,12870.8025623427,590.084464016795,445.58105009432,725.958702351599,673.337756797356,183.833222935772,282.789436036491,176.75823675909,173.295223865243,113.449559551118,9.95263122183018,25.7253458590129,22.8759982920962,4.15622055866309,7.0911935412047,3.98725802200518,3.61215201785919,3.21095268445299,3.89709306775159,1.23494799111044,3.47240711962854,-3.74984343148661,0.0787722273335083,0.904954276235285,-0.116474598079267,0.0278682307787985,0.567870013275697,-0.676435407568294,-323,1000,316,109,962,70,-97,885,-58,-187.785714285714,970.071428571429,345.630952380952,-19.2261904761905,978.095238095238,144.142857142857,-57.9523809523809,1007.20238095238,16.8095238095238,0.884446506657739,0.884446506657739,0.884446506657739,0.884446506657739,0.884446506657739,0.884446506657739,0.884446506657739,0.884446506657739,0.884446506657739,4514,3990,6167,3835,1370,1635,1018,800,630,1306.1170350392,1201.79398196589,1038.29305716813,1906.02127659574,1705.10638297872,1250.60638297872,686602.657261034,474329.032172999,39749.4022046887,2158552,1553733.78723404,1106391.0106383,2
879921,-4383,-696,-1782,-2818,472,-1434,-708,485,-563,2383,4343,2613,3318,3222,1414,349,1657,388,-191,1019,287,-27,981,131,-38,1019,9,-175.149122807018,1003.28362573099,306.535087719298,-33.0818713450292,993.198830409357,132.973684210526,-32.8479532163743,1017.56140350877,11.9707602339181,-265.938080786233,1312.74915106089,0,0,965.402492958106,0,0,998.151291539005,0,715.862259693722,1075.98396012958,532.218750370197,648.598223070924,1014.20422813863,301.832400920799,157.316885105132,1026.55253979476,128.522189587535,483194.40878222,151606.743367461,189848.149791635,420815.700022294,42289.9544854316,73636.1078098472,23739.0266673526,18432.8041364408,16422.6736293324,695.121866137313,389.367106170335,435.715675402704,648.703090806799,205.645215080321,271.359738741485,154.074743768577,135.767463467654,128.150979821976,12.6139750331715,23.5641046199059,11.5607711112853,7.87856285236509,48.5417406347229,9.46634018634691,3.86541023823277,6.20795852840823,5.23014649197912,-0.693059797042255,1.74974391729564,0.549444668324456,0.552326605612304,5.10693587235265,-0.368685248246029,-0.412822180924314,0.221390306351653,-0.546988203743985,-191,1029,287,18,1000,80,-116,1019,-9,-176.996753246753,1002.02922077922,301.022727272727,-45.3181818181818,977.857142857143,134.564935064935,-29.3603896103896,1015.70779220779,15.1266233766234,0.88623743197957,0.88623743197957,0.88623743197957,0.88623743197957,0.88623743197957,0.88623743197957,0.88623743197957,0.88623743197957,0.88623743197957,6766,5039,4395,6136,2750,2848,1057,1172,951,1293.80214476368,1180.35302396179,1037.53531518588,1859.33040935673,1627.13157894737,1239.2514619883,534352.004267162,436949.953907401,27218.5357562268,1953457.05555556,1540392.66959064,1095076.67251462,1
885265,-5000,-813,-3475,-3154,18,-1595,-737,628,-660,3525,3774,2277,3972,3027,1393,621,1809,456,-161,1029,272,0,981,121,-77,990,0,-219.378839590444,1008.63139931741,250.163822525597,-3.80716723549488,996.453924914676,132.80204778157,-68.1996587030717,1015.80204778157,-3.79522184300341,0,812.639314070371,0,0,834.807817616404,0,0,981.523077039896,0,1071.59390390229,1145.5120410443,573.110699359327,980.665880032229,1045.37072967313,388.018309092659,213.96113407392,1034.23620231758,148.438999318816,1102067.08016686,295364.571593594,266328.420979551,963334.990102389,100050.272232432,133149.041089817,41198.4780169774,37855.3214316969,22057.3733788396,1049.79382745702,543.474536288126,516.070170596549,981.496301624407,316.307243408101,364.89593186252,202.974082131137,194.564440306282,148.517249431975,9.36368555941375,7.70448157139693,11.6155183763111,5.4696957643892,12.6316332598231,5.88105407273957,3.52846241072973,3.94136794702898,4.15757270610921,-1.55509001740649,0.88160479753269,-1.05332663843356,0.675875151060312,1.97564661452792,-0.256851045559771,0.0663585141527362,0.825507978856669,-0.527902637928559,-313,1039,445,0,962,70,-77,866,9,-146.107954545455,990.1875,259.653409090909,-41.2935606060606,975.82196969697,134.416666666667,-69.1799242424242,1005.71022727273,1.02272727272727,0.893623819227232,0.893623819227232,0.893623819227232,0.893623819227232,0.893623819227232,0.893623819227232,0.893623819227232,0.893623819227232,0.893623819227232,8525,4587,5752,7126,3009,2988,1358,1181,1116,1477.00146927582,1359.81273793416,1049.48061864111,2095.73720136519,1984.19283276451,1296.10409556314,1117337.25820527,1025823.4943464,42861.8638500616,2788967.20477816,2205063.73890785,1137458.02559727,2
894421,-4686,-450,-3742,-2281,-27,-1878,-689,504,-640,3747,3000,2930,3236,3074,1050,543,2819,368,-222,1000,306,-76.5,1004.5,85,-19,990,-9,-281.948888888889,1147.51555555556,235.624444444444,-21.8244444444444,1045.73333333333,74.3933333333333,-24.1666666666667,1022.86,-12.62,0,884.284320755563,0,0,934.520745754714,0,0,956.427321717548,0,822.081765330486,1301.94508332725,506.930494907011,730.17894762555,1112.92047035416,310.36013847715,189.084748782714,1057.0406604184,134.896297618249,597651.367092305,379111.519802029,201908.333031428,533871.370002475,145356.783964365,90991.2502895322,35247.3418708241,71250.7130957684,18077.9198663697,773.079146719341,615.720325961413,449.342111348834,730.665019008351,381.256847760621,301.647559727461,187.742754509526,266.928292048199,134.454155258845,10.1795258206296,3.08347376488223,22.025912712325,4.13842528901564,5.64083984512183,8.73393511905678,3.50851955981906,6.72360673173771,5.15967630609991,-0.688001966503753,0.375031805492406,-1.57323014239173,0.389439463467471,0.662260242426398,-1.30689060590944,-0.325900004962097,0.916518712650162,-0.681309507306159,-212,970,346,9,916,70,58,904,-29,-261.630541871921,1137.85467980296,247.014778325123,-34.6527093596059,1038.12561576355,90.2660098522168,-20.5591133004926,1013.99261083744,-7.88669950738916,0.912767688061179,0.912767688061179,0.912767688061179,0.912767688061179,0.912767688061179,0.912767688061179,0.912767688061179,0.912767688061179,0.912767688061179,8433,3450,6672,5517,3101,2928,1232,2315,1008,1424.14945698114,1284.46740776737,1046.89335709597,2047.40888888889,1825.85777777778,1266.62888888889,672368.794258384,582923.750208443,75186.3415329348,2627857.95555556,1868076.68444444,1171285.01111111,1
901453,-1797,-235,-891,-1181,601,-969,-524,714,-359,808,2421,772,1390,2175,747,553,1457,281,-191,1000,311,81,985.5,146,29,1009,38,-147.783333333333,1045.63333333333,228.35,68.8,1044.71666666667,133.533333333333,40.9333333333333,1037.3,11.7666666666667,-449.632975928302,583.823926986773,339.522255191029,0,978.620444014818,271.289468376201,0,1009.07648733,0,580.155625672974,1178.27426065977,385.318677633635,528.606501410391,1083.17626297231,321.74622504908,197.693365257073,1051.64019512379,116.926045002814,320075.223446328,299980.846327684,97959.4177966101,279347.179661017,83224.9861581921,87141.8463276836,38041.1480225989,30463.5355932203,13762.6225988701,565.751909803518,547.70507239543,312.984692591523,528.533045003826,288.487410744719,295.197978190372,195.041400791214,174.538063450986,117.314204591218,4.41164959187589,3.8000006983589,5.0673083069105,3.21543842682835,5.55470540300144,6.43940213455345,4.18349662621872,2.56129308217677,4.72469617685323,-0.885757704268716,0.472636200533678,-1.2900710416322,0.0177616976171471,1.28719879352949,-1.01296998910142,0.390263010814236,0.37661511290121,-0.993882800971756,-282,970,336,127,944,171,38,885,38,-111.462962962963,1032.38888888889,250.814814814815,68.037037037037,1026.94444444444,147.796296296296,37.2222222222222,1033.53703703704,18.1111111111111,0.808329793535047,0.808329793535047,0.808329793535047,0.808329793535047,0.808329793535047,0.808329793535047,0.808329793535047,0.808329793535047,0.808329793535047,2605,2656,1663,2571,1574,1716,1077,743,640,1269.0653596542,1200.1471104161,1062.40034179058,1816.83333333333,1690.58333333333,1261.43333333333,334627.888544731,336621.709572542,43096.9834164476,1873381.26666667,1556216.28333333,1158701.46666667,2
902390,-5000,-156,-1485,-2718,-250,-818,-883,666,-359,2494,2627,1564,3754,2879,2303,388,1904,242,-101,1029,267,18,972,121,-19,961,38,-258.843137254902,1085.46405228758,270.516339869281,-39.6078431372549,993.21568627451,107.117647058824,-49.2941176470588,1012.13725490196,24.7647058823529,0,603.909673153024,0,0,911.441605483813,0,0,972.352004620468,0,1007.39494822008,1206.93532920736,473.767896345714,799.284418526563,1050.13361739308,377.150088880387,180.223100664349,1034.70983902754,126.411895485597,954080.633126935,280292.658238734,152272.172428621,641479.476780186,117068.367647059,131628.31501548,30248.1563467492,46506.592879257,15467.7732198142,976.770512007265,529.426726033673,390.220671452219,800.924139216809,342.152550256547,362.806167278727,173.919971098058,215.653872859397,124.36950277224,9.66939784519431,3.60458136130797,7.63285862553338,6.62250343724176,10.0447019884074,11.509397060568,8.9072695179105,5.97504232445921,3.66968093258228,-1.62791789110588,0.390212143508889,-0.595565109760548,0.122575661633689,1.05709943977981,1.25297722429497,-1.74219060245011,1.24638772874326,-0.855517998049485,-101,1029,267,-936,944,111,-38,933,-29,-197.48905109489,1071.43795620438,275.087591240876,-33.7372262773723,983.627737226277,97.7153284671533,-35.7080291970803,998.321167883212,31.985401459854,0.868411471516227,0.868411471516227,0.868411471516227,0.868411471516227,0.868411471516227,0.868411471516227,0.868411471516227,0.868411471516227,0.868411471516227,7494,2783,3049,6472,3129,3121,1271,1238,601,1431.07762761021,1276.53209518403,1033.21309045558,2010.53594771242,1841.99346405229,1227.04575163399,1017143.41255516,674260.672262511,53046.0244386695,2695993.49019608,1883878.38562092,1119084.78431373,1
904781,-5010,-1617,-2306,-3409,129,-828,-854,523,-582,4828,3617,4801,2972,3055,1292,466,1695,504,-50,1068,237,63,990,80,-67,1009,-29,-233.230502599653,1034.80415944541,237.339688041594,-31.9722703639515,1007.50779896014,99.0849220103986,-89.0155979202773,1016.31022530329,-12.5389948006932,0,766.624782307744,364.426103833583,0,913.560181102908,0,0,977.860591237904,0,1322.75993176706,1176.85867447542,595.555219156146,834.454067632166,1045.03294583741,274.103650270941,213.564215581114,1034.51107600538,166.081514095007,1698240.59434575,314722.136927113,298873.870522819,696498.467979732,77155.6114842095,65428.3834007318,37751.3244090603,37391.4956070672,27473.4572441267,1303.16560511155,561.001013303107,546.693580100241,834.564837493009,277.768989421443,255.789724970984,194.297000514831,193.368807223573,165.751190777402,8.52644146122689,6.00281450093725,22.5704646931656,3.80770103207622,8.80976749807253,5.79092162214337,4.36894286308143,2.8783175482408,2.86470520142894,-1.21771348474893,0.0609782252386705,2.14597608730457,-0.0598329019247363,0.94238426003504,0.622065956973956,-0.775136479784391,0.122954412936809,-0.0456659204491428,-90,1068,247,-781,962,70,-77,990,-29,-149.909441233141,1031.21965317919,224.678227360308,-37.1233140655106,999.104046242775,92.8188824662813,-80.2909441233141,1015.17726396917,-11.1233140655106,0.905683388834694,0.905683388834694,0.905683388834694,0.905683388834694,0.905683388834694,0.905683388834694,0.905683388834694,0.905683388834694,0.905683388834694,9838,5234,7107,6381,2926,2120,1320,1172,1086,1565.28905491426,1306.75041061736,1054.3087929308,2154.43500866551,1875.87868284229,1306.35355285962,1737191.79839108,707366.421425806,49254.9309736814,3489376.19584055,1863540.25996534,1143405.90987868,2
913796,-4989,-696,-2405,-3100,203,-888,-757,571,-640,3858,3029,2851,2827,2777,929,495,1847,436,-232,1000,297,-45,1000,111,0,990,0,-276.596184419714,1106.23529411765,216.912559618442,-12.7996820349762,1024.54372019078,76.9236883942766,-10.1128775834658,1017.01907790143,2.65659777424483,0,1002.66088878574,0,0,912.589986717749,0,0,975.175943961911,0,776.431866657473,1241.55093786745,484.123149792841,660.599995860582,1073.02066678669,272.269590167043,186.867529998889,1039.17727715464,130.986431171451,527179.116928093,318198.084675909,187622.452533088,436923.154076332,101845.433196966,68322.0960780939,34872.6448816745,45634.1588711229,17177.6971737567,726.071013695006,564.090493339419,433.154074819905,661.001629405202,319.132312994103,261.384957635465,186.742188274837,213.621531852767,131.063714176567,9.18025109538123,3.33259329485267,11.493659381613,4.6490905205882,5.32709270055738,5.13088826513205,3.50683241736257,3.97991692089309,5.21354568742801,-0.816774107530908,0.177519542385891,-0.180958197917481,0.142878193119186,0.702737461674202,-0.948515778887903,-0.38230971659114,0.768676604112663,-0.478598683863334,-303,950,326,181,935,30,38,904,-9,-256.335097001764,1101.45149911817,229.123456790123,-15.962962962963,1014.90652557319,90.6490299823633,-6.11640211640212,1007.34920634921,5.73721340388007,0.897825744431838,0.897825744431838,0.897825744431838,0.897825744431838,0.897825744431838,0.897825744431838,0.897825744431838,0.897825744431838,0.897825744431838,8847,3725,5256,5927,2574,1817,1252,1276,1076,1386.43650548811,1223.88674729086,1040.89108358212,1998.8759936407,1733.00476947536,1258.18600953895,558585.074723264,463123.94839983,51056.7263655915,2378670.3990461,1661896.43561208,1131966.33227345,1
923625,-5010,-1000,-3415,-3436,138,-1464,-757,561,-446,4858,4676,4742,3036,3101,1575,436,1809,640,-30,1117,198,190,990,80,-58,980,-29,-255.450424929178,1011.2209631728,158.932011331445,-41.1090651558074,1009.92634560907,80.3484419263456,-92.6742209631728,1014.77620396601,-19.5991501416431,0,587.019786726285,0,0,907.186248167798,0,0,968.050142902897,0,1294.3978802985,1223.76656293861,701.518601636426,954.155407935687,1057.52680904143,321.965709116709,233.717269451061,1039.47687867654,169.698670620009,1612494.94009202,475710.575219498,467531.189697225,910011.555463806,98551.3193900308,97343.9266429592,46100.5490366263,50813.4108372009,28453.8149780001,1269.84051758164,689.717750401929,683.762524343961,953.945258106463,313.92884446962,311.999882440618,214.710384091283,225.418301912691,168.682586469381,8.94772834818974,5.04582900298793,16.8470831848646,2.91192853799527,8.88273000220242,6.4582108752561,3.12550823651333,3.14038156013613,2.72607124100842,-2.01466729024126,0.312815985991669,1.58343658287708,-0.333981802682195,1.2827464951108,-0.250433939759233,-0.557200785371357,0.670645792977883,0.0692159779715821,-191,1117,178,-1127,851,-50,-48,857,-87,-121.794025157233,997.746855345912,132.300314465409,-25.2374213836478,995.477987421384,84.190251572327,-85.4654088050314,1005.58805031447,-19.1305031446541,0.91876725414579,0.91876725414579,0.91876725414579,0.91876725414579,0.91876725414579,0.91876725414579,0.91876725414579,0.91876725414579,0.91876725414579,9868,5676,8157,6472,2963,3039,1193,1248,1086,1585.56085506671,1387.77443988532,1057.7077081526,2191.84985835694,2051.36968838527,1329.79745042493,1647234.70648971,937115.550388418,59799.6938572855,3665198.82152975,2132437.4121813,1163933.58215297,2
934656,-3464,-372,-2118,-1600,324,-989,-786,600,-669,3191,2598,1603,2290,1907,636,446,1838,514,-222,1009,277,-27,1000,101,0,990,0,-275.705882352941,1119.6165577342,205.444444444444,-2.79738562091503,1026.85185185185,82.39651416122,-13.9825708061002,1018.67973856209,-7.38562091503268,0,655.517303766257,0,0,930.271113918165,0,0,975.371553317166,0,772.533504289972,1244.73860027177,419.815456396253,600.735518675809,1068.97950541932,258.672528738912,182.809090032998,1040.61718530959,125.80586420517,521931.38710506,296478.870118256,134330.256186317,361663.275451666,88485.2356461265,60253.5629572548,33296.191835298,45274.3535405428,15807.0059936638,722.448189910571,544.498732889486,366.510922328813,601.384465588916,297.464679661513,245.466011816819,182.472441303606,212.777709219135,125.725916157584,6.79734239300341,3.2569271311617,7.88321058726319,3.46838291218989,3.26992162804397,5.34883317316364,3.88895667424135,3.50117284822531,6.72876450250502,-0.25177159898511,0.186347235110782,-0.817848992138998,0.252803320765642,0.333327903495144,-1.0341686471529,-0.566451397975622,0.53514172677392,-0.722878026793123,-161,941,326,-181,916,90,-9,895,-9,-267.142857142857,1114.61985472155,213.9200968523,-9.95883777239709,1022.77481840194,96.5302663438257,-8.1501210653753,1012.31719128329,-3.81113801452784,0.895227670247833,0.895227670247833,0.895227670247833,0.895227670247833,0.895227670247833,0.895227670247833,0.895227670247833,0.895227670247833,0.895227670247833,6655,2970,3721,3890,1583,1625,1232,1238,1183,1386.08865374772,1199.92687663363,1040.86646308509,1981.81699346405,1691.90631808279,1246.33551198257,574583.677044292,386550.995942352,52050.8608148458,2322427.21568627,1570511.82352941,1132130.40522876,1
941828,-5000,-1519,-4009,-3327,-166,-1383,-1135,438,-446,4363,4705,4742,3781,3277,1959,708,2000,679,-111,1088,168,45,1018,80,-48,980,-19,-342.964873765093,978.642151481888,154.402854006586,-43.6015367727772,1019.06256860593,75.8496158068057,-83.4006586169045,1014.68386388584,-14.5543358946213,0,0,0,0,781.755198479446,0,0,968.050129609702,0,1225.38863343993,1292.98028039428,680.149533987912,1008.44906678888,1086.97614481977,343.0893304866,271.669546472898,1038.20512863924,150.092401104701,1385473.22513842,714842.22345207,439245.304563274,1016183.88610753,143185.794981967,112080.154282819,66922.1327028623,48339.6076404386,22340.4231432673,1177.06126651862,845.48342588845,662.755840836785,1008.0594655612,378.398989139726,334.783742560506,258.693124575939,219.86270179464,149.467130645059,8.52581593560761,5.03789543175796,10.1709487459297,3.22194464485806,9.39827073718675,5.05317007563265,3.23312093570452,3.41801080369482,3.68398909645552,-1.96220592332035,0.233719546484956,0.683390679951949,0.170687452474392,1.22560772187669,-0.36953813023579,-0.416855542034542,0.535590671956491,0.327158812665572,-40,1127,247,-890,1000,101,9,923,0,-223.291819291819,969.096459096459,126.401709401709,-60.5238095238095,1005.07692307692,85.8510378510378,-78.1978021978022,1008.53357753358,-16.2368742368742,0.932572419813677,0.932572419813677,0.932572419813677,0.932572419813677,0.932572419813677,0.932572419813677,0.932572419813677,0.932572419813677,0.932572419813677,9363,6224,8751,7108,3443,3342,1843,1562,1125,1613.23269763552,1430.97595582244,1061.51908080715,2247.01097694841,2102.38419319429,1341.74753018661,1422634.14300055,1084725.52219603,71737.1890118719,3635978.69703622,2316196.94840834,1174201.96048299,2
956062,-3585,-431,-2247,-2345,138,-1323,-815,552,-601,3676,3882,1910,3209,2675,1090,533,2447,417,-474,823,306,563,759,272,19,961,77,-418.83049917718,925.970515633571,263.364646187603,339.238617663193,785.086670323642,213.660998354361,22.5643170597916,988.888782227098,87.4378771256171,0,0,0,0,685.86353850501,0,0,972.983156626663,0,640.01271929215,993.157295430494,344.049028616789,598.180722154812,840.241127428081,303.882746355627,176.143326125213,998.010501543118,201.272345805273,234229.415237542,128957.702463435,49015.5190516793,242770.629379411,89656.3674700802,46700.1056080015,30521.5085496226,18126.4233716098,32869.6824658271,483.972535623192,359.106812053788,221.394487401289,492.717595970969,299.426731388632,216.10207219738,174.704059911676,134.634406344031,181.299979221806,13.8687350223679,8.8363816847462,20.3475227481532,4.43203726573346,4.02603009520053,5.70955838314945,2.50255128972111,15.4974392772274,2.26618284518937,0.583247255875002,1.59040667683061,-1.98005104341288,-0.859484047911767,0.885662357837838,-1.10731242598507,-0.405215119717489,2.15984615052152,-0.196982990558314,-656,735,346,690,527,404,213,942,310,-416.839835416032,901.735598902774,272.775220969217,367.062176165803,762.731941481256,228.813471502591,30.1296860713197,980.700396220664,94.3404449862847,0.799478623657863,0.799478623657863,0.799478623657863,0.799478623657863,0.799478623657863,0.799478623657863,0.799478623657863,0.799478623657863,0.799478623657863,7261,4313,4157,5554,2537,2413,1348,1895,1018,1158.64042271843,1047.41017197797,1024.4748927355,1729.37218869995,1545.86478332419,1303.29168952276,234251.3602502,271911.4288805,56236.3534918911,1514347.4284147,1156170.0521119,1067561.98971476,1
