A1,A2,A3,A4,A5,A6,A7,A8,A9,A10,A11,A12,A13,A14,A15,A16,A17,A18,A19,A20,A21,A22,A23,A24,A25,A26,A27,A28,A29,A30,A31,A32,A33,A34,A35,A36,A37,A38,A39,A40,A41,A42,A43,A44,A45,A46,A47,A48,A49,A50,A51,A52,A53,A54,A55,A56,A57,A58,A59,A60,A61,A62,A63,A64,A65,A66,A67,A68,A69,A70,A71,A72,A73,A74,A75,A76,A77,A78,A79,A80,A81,A82,A83,A84,A85,A86,A87,A88,A89,A90,A91,A92,A93,A94,A95,A96,A97,A98,A99,A100,A101,A102,A103,A104,A105,A106,A107,A108,A109,A110,A111,A112,A113,A114,A115,A116,A117,A118,A119,A120,A121,A122,A123,A124,A125,A126,A127,A128,A129,A130,A131,A132,A133,A134,A135,A136,A137,A138,A139,A140
750000,-5010,-2588,-4881,-2754,0,-929,-1378,-38,-825,5040,4774,4752,3854,3250,1262,1213,2866,1145,-141,980,336,-100,962,212,-38,1009,48,-246.839348510087,986.886683324079,337.8957523598,-41.1442717009069,986.070331297427,215.116648158431,-25.4259670553396,1014.59767721636,67.9144919489173,0,0,0,0,0,0,0,972.105404816326,0,643.080649906306,1054.21838722714,440.103460181263,391.383380920336,1004.79523467785,275.244648886585,155.297079371678,1030.58155217971,139.31940375029,352639.375143147,137437.44155696,79521.1956934002,151495.109534998,37280.4903565975,29485.8087515626,23471.789114214,32691.4017307568,14798.2027662357,593.834467796496,370.725560970592,281.995027781343,389.223726839717,193.081563999771,171.714323082155,153.205055772367,180.807637368439,121.647863796434,24.8869877436187,21.8593370094064,49.6139592613479,8.99856577331599,14.6116155112517,8.61503149047885,7.67428537926144,10.4928920821534,6.96334686366051,-2.57360238523143,1.66732837789143,-2.65199924890374,1.15328719805185,1.89376823844635,-0.539590267422012,0.0124559975495549,0.783037920510475,0.514126944948017,-80,980,326,-118,962,202,-48,1019,-9,-192.918971722365,981.707866323907,346.759742930591,-59.3837532133676,975.625449871465,218.397583547558,-25.574087403599,1010.00786632391,65.4796401028278,0.876761195229927,0.876761195229927,0.876761195229927,0.876761195229927,0.876761195229927,0.876761195229927,0.876761195229927,0.876761195229927,0.876761195229927,10050,7362,9633,6608,3250,2191,2591,2904,1970,1185.40753874622,1085.4631868519,1035.44506375761,1703.98769202295,1501.76378863594,1224.35420136961,360356.887706829,157807.8447072,33090.9242192819,1718620.18591523,1238554.03123265,1105625.41481584,1
1137671,-3838,303,-574,-1445,287,-626,-475,600,-174,1141,2137,1811,1654,1870,888,252,1590,417,-272,970,341,18,935,262,-38,1004.5,145,-363.313432835821,949.626865671642,335.589552238806,21.7761194029851,979.238805970149,228.126865671642,-54.0522388059701,1013.60447761194,124.440298507463,0,838.120975005165,463.068396278009,-1470.0338442523,935.905499796848,0,0,987.231958638733,214.109685790153,719.212172626223,997.296158052196,414.575569691552,484.13427889378,999.617546267556,322.402953117841,155.520575017363,1027.43993905153,158.373896349039,388166.261923465,93506.2507013803,59698.0633486702,235670.535966783,40629.8072045786,52292.0364156661,21424.8919874313,28451.113062507,9669.06031870722,623.029904517805,305.787917847289,244.33187133215,485.459098139877,201.568368561584,228.674520696264,146.372442718673,168.674577404264,98.3313801322203,14.6381975817462,4.76485272966999,13.8309954031754,4.34542520346005,7.71181891382671,3.99074131415187,2.92209616871515,4.5354404073315,3.79716208491171,-2.96916418333647,0.519643034140578,1.02347033330268,0.159426074102096,1.13177925195605,-0.29954846065267,-0.358995249591871,0.792697686189048,-0.411463666497124,-282,1000,346,-345,916,262,-174,1076,174,-284.575,942.183333333333,334.65,18.775,968.058333333333,230.833333333333,-50.4833333333333,1005.00833333333,126.983333333333,0.833477197840353,0.833477197840353,0.833477197840353,0.833477197840353,0.833477197840353,0.833477197840353,0.833477197840353,0.833477197840353,0.833477197840353,4979,1834,2385,3099,1583,1514,727,990,591,1199.23670541212,1126.77318900622,1038.347837334,1734.70895522388,1615.00746268657,1272.78358208955,388719.127621465,249107.482498429,31233.3232598388,1683738.67910448,1337564.90298507,1104901.76865672,3
1139765,-4919,-529,-2118,-972,546,-313,-553,628,-378,2686,4627,1544,1763,2101,575,417,1571,407,-202,970,381,31.5,976.5,252,-38,990,126,-266.117647058824,1048.45588235294,340.411764705882,139.161764705882,1015.72058823529,215.176470588235,-45.0147058823529,1015.91176470588,104.691176470588,-308.675355571343,0,270.829047221478,1450.63036492328,949.046313349047,237.717507905509,0,972.537681110836,131.765270038231,868.513114127682,1252.03211878553,509.940884693856,632.955148954675,1054.22629142391,286.7628144734,203.825220687321,1038.83842088454,177.710066251349,693697.866549605,475314.609964881,146311.171202809,386956.764486392,80894.383450395,36468.2967515364,40108.2236611062,47811.6637401229,20928.3957418788,832.885266137903,689.430641881315,382.506432890755,622.058489602378,284.419379526774,190.966742527427,200.270376394279,218.658783816528,144.666498339729,18.9359084745224,12.389784189849,27.6593503052975,2.8621572318169,5.58060505994457,3.6141248951724,2.96364472819588,3.15930160278845,5.26805379935147,-2.5293795506677,1.88291634014584,-3.59641261364868,0.461201421970683,1.30876567403946,-0.826068387821837,-0.0431783621057349,0.680320411778246,-1.16780418827332,-363,931,366,-18,990,282,126,933,203,-191.677419354839,1015.1935483871,362.967741935484,118.161290322581,997.596774193548,222.967741935484,-45.7741935483871,1008.43548387097,113.725806451613,0.806057301555378,0.806057301555378,0.806057301555378,0.806057301555378,0.806057301555378,0.806057301555378,0.806057301555378,0.806057301555378,0.806057301555378,7605,5156,3662,2735,1555,888,970,943,785,1329.58403785347,1206.39433788518,1051.47997780824,1919.63235294118,1757.88235294118,1326.67647058824,869267.716516305,414227.906686669,49313.1062944686,2581939.16176471,1594258.20588235,1152310.85294118,2
1140828,-5000,-686,-1861,-1954,333,-717,-825,219,-495,2363,4480,3504,1563,2064,838,572,2133,970,-252,950,396,-18,953,262,-24,1004.5,116,-370.77308707124,951.459102902375,348.827176781003,-9.94195250659631,990.325857519789,239.006596306069,-31.5844327176781,1017.172823219,111.820580474934,0,602.545490919956,0,0,935.078509643203,0,0,967.293049475779,0,872.397374720675,1072.14569585474,526.893500826989,488.734284174647,1018.15231208639,328.304043311808,188.274006658151,1038.3556064448,173.607828453281,624428.281335503,244544.586832483,156142.354504832,239077.76412934,55962.6558958952,50726.3130343705,34495.0331523198,43599.3320477654,17659.1328916044,790.207745681794,494.514496079218,395.148522083573,488.95578954476,236.564274343983,225.225027548828,185.728385424307,208.804530716566,132.887670201582,14.3985599178452,12.1305208270402,16.1005604213151,3.50763108187694,5.70411764472063,4.9758375788386,4.18653859235841,5.58226320057515,6.66780932740538,-2.75003533443,1.38652128180311,-0.785435002478166,0.0906327879227849,0.961825481416597,-0.782078698282365,-0.293644140454826,0.408280367562861,0.104115036387153,-303,941,396,227,907,323,-19,1000,126,-281.209677419355,936.385630498534,368.027859237537,-13.108504398827,979.806451612903,247.702346041056,-29.2609970674487,1013.93841642229,113.101173020528,0.822801391137939,0.822801391137939,0.822801391137939,0.822801391137939,0.822801391137939,0.822801391137939,0.822801391137939,0.822801391137939,0.822801391137939,7363,5166,5365,3517,1731,1555,1397,1914,1465,1276.46241604904,1144.86924429227,1049.29789928958,1888.32058047493,1652.61213720317,1301.65435356201,630109.465393604,255991.662185877,44730.6839300492,2188190.33377309,1383278.87598945,1143769.14511873,1
1152671,-5010,-1764,-2821,-2481,166,-1000,-485,390,-524,2232,4598,1475,2281,2490,1222,864,1895,825,-242,970,376,108.5,962,262,-19,990,97,-319.641791044776,955.723880597015,293.820895522388,19.7835820895522,995.776119402985,247.44776119403,-11.9029850746269,1009.83582089552,95.2313432835821,-449.175424559418,-9238.95124205242,247.545876695471,0,872.644720109883,0,0,944.402472587763,0,1135.19678746403,1250.60123152766,551.202268045504,882.551140119015,1047.90943268227,389.80640047432,210.415278799423,1038.3961226154,192.734350469101,1195421.93087196,655486.998372798,219128.509033778,784358.546796095,107345.182583324,91400.7303332959,44464.7348782404,58937.9578049602,28288.6302884076,1093.35352511068,809.621515507584,468.111641634534,885.64019036858,327.635746803251,302.325537018122,210.866628175822,242.771410600507,168.192242057735,10.4642370833456,7.44331991347504,17.8707730721676,3.53325199818002,9.58885481295282,5.3302610389078,5.60606499207271,4.23765126032667,6.26089569107886,-2.11190845281073,0.273464342041149,-2.70506515470981,-0.291954078536254,1.5494558005949,-0.212685713021204,1.10379969195037,0.27754186680467,0.472406254537028,-434,931,326,309,907,323,-9,971,145,-214.25,951.625,328.333333333333,32.1666666666667,979.525,247.283333333333,-24.3666666666667,1007.95,89.5916666666667,0.844282204133272,0.844282204133272,0.844282204133272,0.844282204133272,0.844282204133272,0.844282204133272,0.844282204133272,0.844282204133272,0.844282204133272,7242,6362,4296,4762,2324,2222,1349,1505,1349,1490.99895194498,1337.50102341786,1048.64353320028,2170.5447761194,1977.26119402985,1307.35820895522,1475637.30529316,816277.896538566,70749.0896345819,3156499.12686567,2028959.7238806,1159687.62686567,3
1154765,-2626,-568,-247,-1890,453,-555,-475,733,-466,1080,2421,1356,1181,1555,1070,563,1714,572,-141,1029,396,63,944,363,-145,971,165,-288.892307692308,1022.2,457.492307692308,104.692307692308,970.861538461538,335.030769230769,-110.538461538462,992.061538461538,137.307692307692,0,729.444222100359,612.076258274829,0,928.675723942401,-516.663294299998,0,965.612141801524,0,657.107952728059,1108.85818611898,551.464218798813,574.306015987992,991.948385754017,462.99275621514,247.59548274741,1007.10656376038,217.125663720698,353774.785096154,187559.1625,96295.0350961539,323849.216346154,42036.1836538462,103712.249038462,49851.7211538462,30547.4961538462,28732.1850961539,594.789698209505,433.081011474758,310.314413291026,569.077513477869,205.027275389998,322.043861979174,223.274989987339,174.778420160631,169.505708152126,7.74383112101145,6.0525602160347,3.41067913745231,4.12777927677719,3.55034671354141,3.28698757338524,3.62479059108383,6.03101738688764,6.3738237841724,-1.91531546520386,-0.357475838268696,0.443923346062011,-0.502574890566075,0.586333985590583,-0.439955596636706,0.961575750399201,1.29066044720938,-1.18230360111555,-70,921,346,563,916,373,-271,790,9,-238.813559322034,1031.28813559322,454.169491525424,120.593220338983,964.35593220339,341.864406779661,-122.457627118644,980.813559322034,148.813559322034,0.839124732837132,0.839124732837132,0.839124732837132,0.839124732837132,0.839124732837132,0.839124732837132,0.839124732837132,0.839124732837132,0.839124732837132,3706,2989,1603,3071,1102,1625,1038,981,1038,1339.37768974914,1210.66539536569,1045.57707949461,1895.78461538462,1816.27692307692,1381.2,355989.629745974,327697.676102075,70023.9032505216,1965470.12307692,1528151.29230769,1122710.70769231,2
1155781,-5000,-1127,-3178,-2772,64,-1060,-854,171,-640,4707,4529,4514,2663,2712,1313,718,2171,902,-212,960,376,-54,953,252,-24,1000,97,-309.693699313787,962.456643792888,354.244853399875,-27.6618839675608,981.966625077979,239.622582657517,-25.4731752963194,1015.33562071117,88.1350592638802,0,0,0,0,927.93314156706,0,0,979.192852307329,0,781.967842960042,1059.54557815586,517.499017390974,468.373372796057,1006.87412879115,323.437918828706,167.585678871867,1033.05808011014,154.353669243666,515724.382281658,196375.293439466,142360.221151351,218676.645080257,49552.5146423974,47207.8300546071,27444.6375017397,36313.9010521421,16062.2766050979,718.139528421642,443.142520459802,377.306534731843,467.628747063583,222.603941210387,217.273629450532,165.664231208006,190.562066141565,126.737037227079,19.5788477386399,13.0060462089041,31.5901359914814,5.53227073679888,8.95622557319419,6.62810320109426,5.06396687528261,6.70021672352506,5.5294892359274,-2.79797422563851,1.28087887549741,-1.20547466374635,0.236309047352571,1.30446695334008,-0.366098933487124,-0.200054119286978,0.939132419777312,-0.189093702141735,-252,970,376,-109,953,242,-48,1000,155,-238.577616077616,951.593208593209,369.40887040887,-36.6406791406791,971.176022176022,242.990644490644,-24.022176022176,1007.21690921691,89.6334026334026,0.838184340872604,0.838184340872604,0.838184340872604,0.838184340872604,0.838184340872604,0.838184340872604,0.838184340872604,0.838184340872604,0.838184340872604,9707,5656,7692,5435,2648,2373,1572,2000,1542,1241.76821721038,1123.77024992142,1039.99057418171,1823.11197754211,1606.11883967561,1261.07423580786,527309.652285335,227729.275115841,37962.5910344482,2001915.77261385,1337781.21490954,1119119.01185278,1
1205875,-4979,-1058,-1366,-2218,-9,-565,-893,466,-543,2565,4696,2623,2863,3509,969,912,2400,475,-222,945.5,391,109,925,282,-48,975.5,77,-388.44776119403,907.649253731343,424.186567164179,5.16417910447761,983.231343283582,236.55223880597,-68.8358208955224,1030.67164179104,52.9029850746269,0,684.203469468728,0,0,3390.98450455114,290.153640392647,0,945.293921813496,0,1237.93744567445,1127.07956717628,615.212746845022,759.968675709533,1055.02137984986,383.406958103773,276.586063904653,1078.80290897731,190.678227826787,1391985.40702503,449838.184322747,200045.355908428,581868.017955336,147426.434799686,91728.4746941982,72301.0405117271,102295.079340141,33811.7875098193,1179.82431193166,670.699772120691,447.264302072531,762.802738560459,383.961501715583,302.867090807499,268.888528040389,319.83601945394,183.879818114494,8.79573796276191,11.187024712082,10.7497695403958,4.37693859052129,17.6251631099164,3.01666657540959,4.0541026151938,5.5192821669734,3.55836325120084,-1.90382382727672,1.36568741175581,0.701689925296213,0.214564071931951,2.69476102703018,-0.311557903586297,0.143660918119718,1.19713717853879,-0.572226546846594,-121,1019,336,-618,870,323,-155,1038,106,-285.691666666667,889.616666666667,417.333333333333,-2.94166666666667,952.325,243.016666666667,-72.1666666666667,1008.2,61.1,0.856937897657505,0.856937897657505,0.856937897657505,0.856937897657505,0.856937897657505,0.856937897657505,0.856937897657505,0.856937897657505,0.856937897657505,7544,5754,3989,5081,3518,1534,1805,1934,1018,1493.04343092665,1272.56180904268,1082.06343220259,2136.92537313433,1897.20149253731,1398.85820895522,1402117.88074838,638329.522869679,112048.277385624,3181284.19402985,1837623.39552239,1276673.75373134,3
1207968,-5010,-362,-1445,-2290,194,-393,-1058,47,-805,4929,4274,2207,3127,2481,1111,970,2323,495,-272,921,405,113.5,916,303,-58,1028,9,-268.110465116279,917.941860465116,395.563953488372,57.9651162790698,954.081395348837,269.529069767442,-44.6802325581395,1016.01744186047,30.5174418604651,0,0,440.450002777441,848.11759561947,832.007654047807,0,0,779.726252404816,0,834.378619232635,1029.23459368465,544.932153873839,695.063147541119,1012.19347929874,404.063423239471,362.804667478502,1069.85913276164,201.607680847591,627955.361995104,217973.879640963,141301.732728138,482558.396436829,114932.543043656,91151.2798517612,130388.979022168,112963.888582891,39946.5903372773,792.436345705511,466.876728527952,375.90122735652,694.664232875731,339.017024710641,301.912702369015,361.094141495217,336.101009494008,199.86643124166,21.0964181652787,20.2501464971776,11.4169525287646,5.64404343203566,6.06611884202796,2.87934446563825,3.23596452965041,5.46137998725245,4.62500786266318,0.299690378495916,2.35056073683808,-0.678627366160624,0.14491283845859,1.12763388983812,0.150120196466348,0.239609681814149,0.46765612490638,-0.350727417246601,-323,921,297,418,861,303,87,1104,-19,-269.87012987013,905.071428571429,406.318181818182,54.7077922077922,933.266233766234,264.422077922078,-51.974025974026,1008.29220779221,33.9415584415584,0.864580166388244,0.864580166388244,0.864580166388244,0.864580166388244,0.864580166388244,0.864580166388244,0.864580166388244,0.864580166388244,0.864580166388244,9939,4636,3652,5417,2287,1504,2028,2276,1300,1268.53323376529,1222.93038836025,1099.83898153324,1896.08139534884,1808.37790697674,1445.4011627907,718187.36821057,515381.953168113,157088.313687179,2052462.58139535,1670915.66860465,1316871.44767442,2
1210656,-5010,-2068,-4950,-3036,148,-1232,-854,104,-737,5070,4764,3396,3954,2601,1787,932,2485,1097,-272,960,376,-18,953,252,-19,990,116,-371.45963975984,941.816544362909,355.040693795864,-10.4576384256171,984.002001334223,240.858572381588,-25.1294196130754,1015.85256837892,93.2441627751835,0,0,0,0,908.185552649472,0,0,963.80870428518,0,963.919993136764,1064.04762435613,599.062347170308,573.733937541951,1017.71645159669,346.16499650196,190.559092790741,1038.79371689354,179.11737685047,791687.633049533,245342.614519158,232977.223309532,329280.935954633,67531.8885140159,61858.6195042358,35705.0993942558,47167.4114937328,23404.1739896023,889.76830301463,495.32071884705,482.677141896664,573.83005842726,259.868983362801,248.713931061844,188.957930223253,217.18059649456,152.984227911253,13.5657121951304,12.605668268297,34.8611690562345,6.60117735750945,7.54374345654918,7.18981289366926,4.88062483126877,6.03912798046455,7.26154102920526,-2.2366010080725,0.889511537383459,-2.50133676013392,0.266575022464359,1.10253741497013,-0.17253165260309,-0.113374234843598,0.748872178988426,-0.730212800778397,-343,980,346,200,870,262,-9,971,135,-283.561897702001,933.423276501112,375.108969607116,-14.4388435878428,973.125277983692,244.43661971831,-22.3254262416605,1008.09710896961,99.1564121571534,0.825551673352638,0.825551673352638,0.825551673352638,0.825551673352638,0.825551673352638,0.825551673352638,0.825551673352638,0.825551673352638,0.825551673352638,10080,6832,8346,6990,2453,3019,1786,2381,1834,1321.70825432857,1173.1622948158,1049.12304680938,1958.94796531021,1699.73048699133,1302.71847898599,817795.625143637,337512.682980263,50806.5359589653,2420214.79586391,1484747.61174116,1147488.18879253,1
1234078,-4939,49,-2079,-1354,351,-303,-524,409,-495,1818,2598,3584,2418,2092,848,504,1971,766,-262,941,396,63,925,242,0,1000,106,-250.455223880597,927.134328358209,361.417910447761,15.1194029850746,955.723880597015,260.783582089552,-3.41791044776119,1019.76865671642,96.8283582089552,-292.088450514425,613.092932179231,668.710519447731,754.946535623992,887.622398984594,-5689.90807908752,0,978.060407637252,0,742.185100820946,1004.56398799188,650.291656724865,588.622335399654,990.781581273615,350.453533445559,186.474078867687,1042.33779653697,200.786568944879,491780.911513859,150695.335203681,294453.748849736,348851.023229716,68753.0885983616,55221.7046908316,35022.2601279318,46889.8934463023,31172.1432499158,701.270925900867,388.194970605855,542.635926611698,590.636117444333,262.208101702372,234.992988599302,187.142352576673,216.540743155422,176.556345821712,18.5323402461691,6.77972394180148,16.8176306954541,4.91079283636696,6.228373053975,2.70792020522878,3.26383484001969,7.24345515561799,5.34234164747203,-2.10702676282497,0.922528234500595,0.313174885592534,0.467382872143533,1.15770703054662,0.160064052734135,-0.161966862348336,1.37492888672339,-0.229989598766067,-292,941,465,-572,898,242,-48,1000,38,-223.283333333333,909.458333333333,371.641666666667,-0.85,940.125,257.391666666667,-1.3,1004.28333333333,99.9583333333333,0.814547199973714,0.814547199973714,0.814547199973714,0.814547199973714,0.814547199973714,0.814547199973714,0.814547199973714,0.814547199973714,0.814547199973714,6757,2549,5663,3772,1741,1151,1028,1562,1261,1250.10992811167,1156.45084798818,1054.98297266349,1888.36567164179,1679.35820895522,1325.29850746269,573902.82810084,367916.859042851,48742.0942325965,1982866.76865672,1450942.07462687,1161555.91044776,3
1236171,-1757,-264,-1831,-1800,277,-878,-747,352,-320,1373,2656,1079,1763,2333,1040,1000,1761,912,-191,970,336,9,962,212,-38,1009,48,-218.938610662359,960.397415185784,330.617124394184,17.4798061389338,970.26817447496,209.570274636511,-45.4168012924071,1016.97415185784,41.7625201938611,0,961.742944000511,332.015993726613,0,934.130705179054,0,0,984.465305240528,0,343.021311809357,987.620007636053,385.723778891819,398.03466292744,987.008991649074,279.607860646042,187.64821605518,1032.04811427457,124.587143723821,69842.3360310764,53115.8935855407,39539.0263082225,158381.916662746,32819.4392929406,34316.2940017047,33202.8065781012,30936.8634084627,13800.1425412111,264.277006247377,230.468855999115,198.844226238084,397.972256147016,181.161362583031,185.246576221275,182.216372969339,175.888781360446,117.474007938825,14.7413711363987,18.9614196587965,55.1510346032996,6.08818298691348,18.9335914998002,9.91940480779298,9.55759012462976,5.13883492820078,8.60814298720337,-0.767508233648684,0.828653064262095,-5.07853859952271,0.0902620751856485,1.9687706500528,-0.977332075348266,0.676077932616857,0.376370943112071,0.761702306024431,-171,960,346,-100,972,202,-58,990,58,-211.260323159785,963.236983842011,338.418312387792,19.0933572710952,964.551166965889,214.965888689408,-46.5906642728905,1013.26929982047,39.3662477558348,0.860325264986977,0.860325264986977,0.860325264986977,0.860325264986977,0.860325264986977,0.860325264986977,0.860325264986977,0.860325264986977,0.860325264986977,3130,2920,2910,3563,2056,1918,1747,1409,1232,1091.27469380243,1075.94642867283,1041.67268630198,1574.75767366721,1489.37641357027,1228.96445880452,81146.5997377884,170932.024679285,43541.4405827891,1241839.73344103,1210798.89822294,1115857.11954766,2
1245843,-4323,-960,-3257,-1427,231,-616,-689,400,-553,2242,4715,1326,1572,2138,797,1048,1780,679,-303,843,544,772,333,434,184,866,504,-310.913229018492,864.872235872236,496.315789473684,641.07371007371,452.342299237036,390.543126858916,143.289021078495,892.97439544808,414.45402819087,0,819.669994516935,0,0,373.846326973976,0,0,885.354616550946,0,393.51284704748,879.41889141467,517.582163529751,711.483642915855,525.324198115379,411.781023139382,182.663291836112,897.820532684493,456.406512404076,58192.8500745781,25376.8838294127,21564.7217850637,95245.7891858884,71361.1855837937,17041.8808674592,12835.7944953297,8679.56038933132,36539.4882187049,241.231942483947,159.301236120165,146.849316597197,308.619165292579,267.135144793405,130.544555104605,113.29516536609,93.1641582870329,191.153049200647,95.7990436378057,94.7481279244884,134.409779961365,8.79578797192243,6.19399615875244,10.0345430577831,9.09749743204005,21.2484253897186,5.03855912432776,-6.13324437809859,4.90074321599399,-7.84824709745226,-2.42952144920004,1.98169448165323,-2.26693631741907,-2.17071040045522,3.42580145617979,-1.81168323888769,-313,833,544,772,324,434,194,857,504,-300.948843224601,855.558413565167,510.811754562437,686.202471619486,420.460842075011,404.166834315275,157.411122287685,880.833309383532,437.010346314126,0.582936098270497,0.582936098270497,0.582936098270497,0.582936098270497,0.582936098270497,0.582936098270497,0.582936098270497,0.582936098270497,0.582936098270497,6565,5675,4583,2999,1907,1413,1737,1380,1232,1069.34219366522,969.700275228231,1020.8653197886,1692.92266908056,1525.30660804345,1493.03090650459,59085.4993445195,158630.084736305,48471.3469400865,1196121.24337256,951738.098280098,1047754.49165912,1
1366671,-3909,470,-1851,-881,555,-878,-359,838,-106,1737,2617,910,1118,1824,777,233,1590,233,-161,980,341,27,962,207,-87,1009,53,-223.611940298507,974.977611940299,309.634328358209,28.5746268656716,974.656716417911,169.55223880597,-73.589552238806,1017.22388059701,62.455223880597,-159.885573235425,928.591972068146,315.395435213111,2256.5830743966,959.621653834301,225.795718487606,0,1010.59747843801,0,524.190050416091,1001.67462393674,420.012179993966,269.602761954939,983.874263899701,270.390154815029,125.797604561585,1021.03594598088,89.9910857940277,226462.930984177,53167.4806980136,81142.3540006733,72409.5094265514,18188.5880372573,44696.4295814162,10487.8828975424,7828.40062843678,4229.30249130288,475.881215204148,230.580746590026,284.854970117555,269.090151113993,134.865073452163,211.415301199833,102.410365186061,88.47824946526,65.033087665456,30.726251302938,25.7467410273572,28.4673903976767,5.60028220855285,18.0695931570498,10.9936419143652,3.44572988894385,15.4946841599719,2.84511949375434,-3.29123028200829,3.18879324696918,-3.90480681343234,0.426914148606087,2.83251703349248,-1.92558331026213,0.498515756700484,2.37104881096111,0.185449852819189,-131,960,346,127,962,262,-116,990,29,-194.733333333333,968.925,335.533333333333,21.0583333333333,962.55,185.2,-76.1833333333333,1011.10833333333,61.8916666666667,0.851259660480671,0.851259660480671,0.851259660480671,0.851259660480671,0.851259660480671,0.851259660480671,0.851259660480671,0.851259660480671,0.851259660480671,5646,2147,2761,1999,1269,1655,592,752,339,1140.14746135863,1041.51897347922,1028.76589860829,1657.22388059701,1394.72388059701,1196.83582089552,261106.901989945,89306.1028747776,10958.102139645,1454537.49253731,1113805.05223881,1066437.8358209,3
1368765,-4989,-500,-2841,-1518,314,-555,-1330,438,-1300,2070,3098,2118,1436,2148,919,834,2133,533,-146,980,351,63,962,207,-67,985,24,-245.118556701031,973.850515463918,334.237113402062,18.7010309278351,996.628865979381,206.365979381443,-81.0876288659794,1009.27319587629,6.98453608247423,-1175.06426512726,386.415024067285,311.242915385413,-6604.37123849792,902.131008367073,0,0,950.254659678603,0,963.484973320515,1124.11415524431,548.677106329678,655.910227702026,1039.69113672947,301.232134688635,275.035658419162,1040.7131402102,209.303545662285,872718.737166818,316881.215880562,190313.114470381,432095.796164735,88142.9081779819,48403.3834998131,69427.2824368357,64785.4016612361,43985.922039421,934.194164596856,562.922033571757,436.248913431748,657.339939578248,296.888713456712,220.007689637915,263.490573715334,254.52976576667,209.728209927565,13.4987104521936,3.6807629419112,29.0194608964599,2.49997857433927,4.30480790065765,4.52776901978962,6.53202983650333,6.30750189375083,11.1633781065844,-2.7179927770899,0.097900005365368,-3.11452240008115,0.0677403033067739,0.613208423015361,-0.143231128920729,-0.580728293188496,1.17995245317651,-1.66474587189635,-242,950,346,-27,962,191,-38,714,-29,-137.752873563218,969.948275862069,359.51724137931,17.8333333333333,985.827586206897,208.965517241379,-74.3333333333333,994.609195402299,17.1551724137931,0.848428001299332,0.848428001299332,0.848428001299332,0.848428001299332,0.848428001299332,0.848428001299332,0.848428001299332,0.848428001299332,0.848428001299332,7059,3598,4959,2954,1834,1474,2164,1695,1833,1354.19249153371,1219.90480359218,1059.77569906556,1929.80412371134,1775.74742268041,1347.94329896907,885785.913840898,457630.462619246,88998.2160132783,2492982.49484536,1601916.68556701,1202536.42783505,2
1371796,-4989,-352,-2663,-1690,148,-777,-747,409,-466,5090,4098,1574,1854,2925,989,446,2047,504,-212,1000,386,-27,972,242,-29,980,116,-365.334987593052,995.697270471464,353.18858560794,-23.9007444168735,1003.57568238213,225.764267990074,-32.4267990074442,1018,100.362282878412,0,679.053858152447,0,0,940.572133478767,0,0,987.236786214463,0,954.317728821709,1108.64339786192,499.884257075039,469.461515082888,1032.97689375285,316.183871655069,161.304314529575,1033.72855938651,169.748478360506,779186.138747948,238268.365838302,125453.392207696,220369.69161636,60026.0608002173,49124.633346913,25029.6930113699,32351.0099502488,18788.5798674123,882.715208177557,488.12740738285,354.19400363035,469.435503148579,245.002164888838,221.640775460909,158.207752690473,179.863865048677,137.071440743184,14.2057586209099,9.76484263669931,29.5923769331509,4.25213612102972,13.4926236143681,6.12608534325026,4.55715223331223,6.64195182140572,4.49991486768249,-1.58461842779144,1.03422208138095,-3.61531285017809,0.17711712671506,1.67758186413889,-0.871657082115988,-0.481962273720902,1.00483287464727,-0.42075496307555,-262,970,405,-509,962,313,-19,980,155,-286.66391184573,982.082644628099,371.584022038567,-30.3415977961433,992.724517906336,234.606060606061,-28.9944903581267,1010.12121212121,102.090909090909,0.821280941744986,0.821280941744986,0.821280941744986,0.821280941744986,0.821280941744986,0.821280941744986,0.821280941744986,0.821280941744986,0.821280941744986,10079,4450,4237,3544,2777,1766,1193,1638,970,1320.41118506922,1140.33746278193,1044.01369760228,1933.96277915633,1634.81885856079,1279.3746898263,825160.291077113,229098.608348693,32413.298929526,2389696.78163772,1387407.61786601,1123428.36228288,1
1378093,-4989,-843,-1653,-1681,611,-464,-339,790,-203,2474,2558,1950,1736,1750,848,271,1361,427,-257,990,376,-58.5,962,247,-48,995,106,-424.791044776119,947.358208955224,324.037313432836,-60.0970149253731,980.514925373134,212.962686567164,-43.6791044776119,1021.38059701493,91.1119402985075,0,755.395335722891,414.162114142132,-354.790756200155,946.951627378971,0,-621.054603551172,1009.61090484954,0,946.174244783981,1044.52112858463,513.059661655358,454.694214124404,998.410539045743,296.659523923181,122.235794889381,1027.58172497011,140.510184471797,720172.692851532,194991.975984738,159419.735439345,204662.509314331,35680.3569184154,42974.4722814499,13131.7233194928,12801.4104477612,11527.7542924475,848.629891561411,441.578957814724,399.274010473189,452.396407273898,188.892448018483,207.302851599899,114.593731589004,113.143318175495,107.367380020412,14.9561974630158,7.21365423209267,12.9346220634132,5.12620320317087,5.12440557859162,4.38031591201861,3.07362277116269,3.29922697389633,3.15608857839563,-2.38368963325775,-0.6092111786273,-1.47429763938154,-0.208260932648804,0.930589901105573,-0.614485137432025,0.0539341800115088,0.70966814761209,-0.378225673136864,-131,1000,396,-81,944,282,-97,980,106,-356.241666666667,961.416666666667,346,-47.575,969.483333333333,220.475,-43.6,1017.425,93.15,0.870067031300551,0.870067031300551,0.870067031300551,0.870067031300551,0.870067031300551,0.870067031300551,0.870067031300551,0.870067031300551,0.870067031300551,7463,3401,3603,3417,1139,1312,610,571,630,1311.13829641203,1112.92272068083,1038.38153798812,1938.44029850746,1586.52985074627,1241.08208955224,765642.927519317,212864.982296022,17306.6031211496,2249500.30597015,1291577.30597015,1090608.90298507,3
1380187,-3868,-98,-1059,-563,657,-363,-233,676,-300,303,2225,2564,845,1657,404,87,1371,233,-176.5,931,292,-40.5,1004,136,-58,1042.5,38,-440.676470588235,964.941176470588,288.323529411765,47.0882352941176,1035.20588235294,119.147058823529,-58.6176470588235,1019.64705882353,14.4117647058824,351.778464879252,983.751320271309,202.742117499185,-210.475246450831,986.803034012347,0,-87.6294719687512,990.091989479912,0,900.725116389078,1090.45050053528,654.816655974156,424.838481418665,1062.54861480477,212.310884706145,108.327254731425,1033.55209891736,111.685482757714,635810.286096257,265788.117647059,356128.770944742,183672.567736185,59096.4714795009,31815.6443850267,8550.24331550802,29414.9625668449,12637.6434937611,797.377129152985,515.54642627707,596.765256147458,428.570376643306,243.097658317601,178.369404285115,92.4675257347574,171.507908175818,112.417274000756,11.1086652405987,3.12973347203443,8.12922056405533,1.80750978496152,3.59886977249932,3.04728794299168,2.35100497597738,2.46318188386813,3.75531903130549,-2.46740421769377,0.466528845013835,1.08813269316297,0.381670905309948,0.992848884977144,-0.548300544312762,-0.300796154875827,-0.0707043149311264,-1.04642802255733,-787,578,188,-454,833,30,-116,790,19,-329.766666666667,946.933333333333,271,34.9,1020.2,127.266666666667,-56.3666666666667,1019.8,21.4666666666667,0.873981048127358,0.873981048127358,0.873981048127358,0.873981048127358,0.873981048127358,0.873981048127358,0.873981048127358,0.873981048127358,0.873981048127358,4171,2323,3623,1408,1000,767,320,695,533,1378.33911188273,1139.64884668631,1030.97702447812,2016.17647058824,1575.5,1194.85294117647,728211.257188168,193892.461107088,32588.8669989465,2429172.88235294,1354573.20588235,1092438.38235294,2
1380718,-5010,-4490,-4881,-2481,-268,-1474,-1834,9,-873,5030,4784,4128,3400,3472,1474,1038,3276,1446,-161,980,346,-72,962,212,-48,1009,48,-269.130230525511,990.019283295095,343.499180596526,-42.4204632360975,995.034305692123,205.847372446193,-36.7773953894898,1014.48678029062,70.098820058997,0,0,0,0,0,0,0,961.888823752499,0,705.934881424607,1073.91073138605,476.516814556203,415.327084183982,1022.5753640576,280.208347707924,175.192388044061,1034.1086775935,157.967178790414,425936.243405088,173155.536639893,109082.546325468,170706.416317645,55570.141297789,36145.5519015898,29341.3988465562,40199.5256651642,20040.87977244,652.637911406538,416.119618186757,330.276469530404,413.166330087103,235.733199396668,190.119835634238,171.293312322916,200.498193670577,141.565814278872,18.9780137090974,21.5656942042018,51.6633360983414,7.3195737061727,16.2603877456397,9.44801489476722,8.75777998115261,12.4081200453478,9.4618582844057,-2.35498305264511,1.77124711426185,-4.20969612207874,0.759754856373847,2.14140874065228,-0.894995866958466,-0.442389903751293,1.21067832119281,0.734550018666279,-131,970,336,-181,962,222,-58,1009,-9,-209.516448167031,979.337096382617,356.918244719592,-55.9715950473416,980.623209516873,212.046309783928,-34.5857004127215,1007.63207089099,67.6635105608157,0.867852027055057,0.867852027055057,0.867852027055057,0.867852027055057,0.867852027055057,0.867852027055057,0.867852027055057,0.867852027055057,0.867852027055057,10040,9274,9009,5881,3740,2948,2872,3267,2319,1218.00282720445,1102.8926730241,1040.86929445869,1771.60772424342,1529.69370698132,1248.95285698678,435859.275610983,183506.979000748,41049.0573169114,1878696.59035289,1296673.68015951,1125026.75947777,1
1666750,-2595,127,-2594,-1218,175,-676,-747,523,-330,1606,4431,1514,1327,2212,939,592,2009,504,-242,936,425,-95,939.5,252,-24,980,126,-284.686567164179,959.485074626866,391.746268656716,-17.1417910447761,973.246268656716,259.082089552239,-27.0820895522388,1010.0447761194,136.074626865672,0,707.748953052191,335.060573067878,2599.88751798057,896.921834936949,526.478619019053,0,969.520612574886,0,611.703603477585,1060.0095500837,557.564292524645,482.367938775173,1006.71283830394,349.9715233618,157.551152555739,1031.50699782753,196.799011039864,295338.878464819,204535.018572551,158596.35618898,234132.242902031,66760.6531814611,55772.7526091348,24270.0458422175,44145.682190551,20365.5282235439,543.450897933584,452.255479317333,398.241580185922,483.872134868326,258.380829748379,236.162555476381,155.78846504866,210.10873896759,142.707842193567,8.09028629971759,27.6562368121876,28.0185523980365,3.15777948250445,8.47930526441998,5.2099173129378,7.03671531131508,6.77583601772224,3.52102709674167,-1.29303878986768,3.34068563966783,-3.6603228318277,0.394416002872709,1.41833085134957,-0.464299939699258,-0.315642832268991,1.09852365069426,-0.442568382976808,-313,931,465,-527,907,252,19,980,67,-249.8,936.266666666667,422.033333333333,-29.3666666666667,956.291666666667,262.791666666667,-26.05,1001.525,141.433333333333,0.814547199973714,0.814547199973714,0.814547199973714,0.814547199973714,0.814547199973714,0.814547199973714,0.814547199973714,0.814547199973714,0.814547199973714,4201,4304,4108,2545,2037,1615,1339,1486,834,1213.00772799946,1130.18255742404,1039.98215918066,1838.78358208955,1652.14179104478,1286.87313432836,363822.361218802,249219.541780586,47208.9804120902,1808679.48507463,1368629.63432836,1127558.90298507,3
1668843,-4989,-1049,-1257,-1863,120,-949,-640,0,-427,1393,2205,2861,2072,1842,1292,805,1980,553,-292,950,396,81,953,272,-116,990,106,-367.913385826772,893.370078740158,388.44094488189,5.95275590551181,962.708661417323,254.59842519685,-96.2677165354331,1009.61417322835,96.6535433070866,-381.258300967749,829.836736642291,0,0,802.471620292326,0,0,0,0,987.965199903556,1078.59901111194,634.752924838122,716.679767932498,1000.76551014671,401.324146876489,244.423570650958,1048.88307673516,196.087418236233,847387.317835271,368164.663542058,254025.105611799,517670.600924884,75316.6842894639,97004.5279340082,50876.0071241095,81476.4769403824,29339.3869516311,920.536429390641,606.765740250764,504.009033264086,719.493294565616,274.438853461867,311.455499123082,225.557103909652,285.440846657206,171.287439561782,14.8079132176939,4.83484515662746,8.17858845929,3.33095829831392,5.6023119986286,5.54351607267417,4.84102783539138,5.77469156013317,3.70864580130406,-2.99877945432998,-0.795136565006422,0.76263585747072,-0.305395323573055,-0.108638427669847,-0.255514455373568,0.808802665445266,-0.42186339312299,-0.379777173097903,-292,950,415,-936,907,272,-300,942,87,-258.64347826087,918.817391304348,376.539130434783,17.095652173913,964.495652173913,257.365217391304,-106.234782608696,1018.11304347826,98.8782608695652,0.854208062501473,0.854208062501473,0.854208062501473,0.854208062501473,0.854208062501473,0.854208062501473,0.854208062501473,0.854208062501473,0.854208062501473,6382,3254,4118,3935,1722,2241,1445,1980,980,1390.73683106868,1249.70309712076,1063.34983361421,2037.69291338583,1820.86614173228,1364.59842519685,936217.184803355,546829.140150095,88639.6098680197,2542362.33858268,1676222.56692913,1198348.86614173,2
1670828,-5000,-931,-4950,-1672,-148,-1101,-912,209,-631,4111,4725,3148,2200,2453,919,776,2219,1097,-262,950,386,-27,953,242,-19,990,97,-369.103896103896,949.734693877551,346.772727272727,-31.9461966604824,994.128942486085,214.138218923933,-32.8367346938776,1016.92300556586,88.2690166975881,0,923.900748091975,0,0,923.829076613616,0,0,970.438786280015,0,884.947065070977,1050.5872657559,566.351144378119,502.414088687866,1030.32456069486,319.192181017965,191.822036996668,1039.32950369658,171.943895367032,647494.2658901,201924.928618802,200688.461762471,251632.782617833,73344.383544099,56080.4943411144,35750.6065601727,46116.1974089712,21793.5004504714,804.670283961139,449.360577508533,447.982657881386,501.630125309309,270.821682189774,236.813205588528,189.078308010656,214.746821650452,147.626218709521,14.8242195503907,10.7898019198671,36.9568300522177,3.88491501221701,6.05930593181106,6.63198780605083,5.24516211595034,5.6841472733522,6.64419314805603,-2.42470765157786,1.10537029680596,-3.01980357305727,0.372349195703434,0.924424453828678,-1.05733026174862,-0.253119087057859,0.875461031964673,-0.370872335929525,-272,950,396,18,944,262,-19,914,97,-289.059793814433,936.380412371134,363.138144329897,-42.6474226804124,982.780412371134,225.661855670103,-29.7927835051546,1007.64742268041,92.3144329896907,0.834648285181383,0.834648285181383,0.834648285181383,0.834648285181383,0.834648285181383,0.834648285181383,0.834648285181383,0.834648285181383,0.834648285181383,9111,5656,8098,3872,2601,2020,1688,2010,1728,1280.835913924,1149.11522131632,1048.58491877707,1906.61688311688,1657.82745825603,1298.1400742115,666188.241668715,273103.346977018,50239.0268728055,2207618.5296846,1415872.26530612,1146566.21428571,1
1687671,-2515,264,-861,-854,444,-313,-475,552,-388,1272,2166,1297,1500,1555,747,407,1619,543,-262,941,386,-63,944,262,-24,1014,116,-309.238805970149,937.007462686567,346.149253731343,-44.544776119403,975.671641791045,232.44776119403,-21.8208955223881,1026.25373134328,82.8432835820896,-272.29072193557,817.051160167778,0,0,930.975082898356,280.313917088098,0,995.83148261772,144.106249198003,569.281964604431,995.302170422511,465.488749723775,457.569511887489,998.311312974034,293.168740570616,159.518679016672,1041.35434203332,177.804668105199,230171.010212097,113490.368364942,97588.7444731231,208944.911513859,45026.3424980361,32155.9183032207,25157.8022668612,31456.8975423634,24937.5917966558,479.761409673702,336.883315652382,312.391972485087,457.104923965887,212.19411513526,179.320713536448,158.6121126108,177.360924508087,157.916407623324,12.862444341,5.88479236859146,8.08568907887774,3.56930805224999,3.3724818515176,4.20925317413875,3.63999838888574,4.79073862215301,4.04984794956337,-2.28747122709764,1.08544882190825,-1.38551108904437,0.698010547714025,0.60422105792189,-0.467456633369114,0.121171247546535,0.580089654810261,-0.519380907152654,-252,960,386,-100,944,272,0,1047,126,-263.916666666667,914.041666666667,367.883333333333,-67.775,967.641666666667,236.425,-21.925,1019.75,86.525,0.847793348174613,0.847793348174613,0.847793348174613,0.847793348174613,0.847793348174613,0.847793348174613,0.847793348174613,0.847793348174613,0.847793348174613,3787,1902,2158,2354,1111,1060,882,1067,931,1153.22776757995,1113.49667068665,1052.55685316514,1730.90298507463,1588.85820895522,1293.70895522388,247881.594780643,212642.995390409,35621.2037514449,1531388.14179104,1291943.24626866,1141479.57462687,3
1689765,-1202,411,-801,-1681,685,-363,-543,466,-485,828,2000,1435,1409,1342,828,475,1533,300,-232,980,277,218,981,242,-116,952,9,-229.114754098361,1024.18032786885,252.147540983607,64.9344262295082,980.016393442623,234.786885245902,-56.4262295081967,1008.73770491803,4.54098360655738,-535.228226724746,927.368742299584,952.243519771647,769.592593054391,962.300495414959,0,0,939.519441552302,-194.698476397944,455.544063118622,1070.13903647005,476.194907746749,627.369331963656,988.492269677975,324.443180001029,289.234603285473,1041.11037036363,159.392031394707,157610.603278689,97856.4169398907,165902.927868852,395865.395628415,16962.9163934426,50974.1371584699,81813.9486338798,67465.0300546448,25808.2857923497,397.002019237546,312.820103158174,407.311831240946,629.178349618306,130.241761326552,225.774527257771,286.031377009376,259.740312725316,160.649574516554,3.36424769894255,3.86244661184964,5.29975044068764,3.29101098562859,3.05030503138871,3.0664923743925,1.97769770794858,2.16528007850756,3.44027074447797,0.281268184448859,0.623634310401149,0.495932801426265,-0.537642673443576,-0.0373625387917305,-0.255689677655321,0.191786844462523,0.170280483364532,-0.718039802465983,-323,852,376,-309,953,131,-310,723,-97,-235.181818181818,1013.16363636364,237.163636363636,87.7090909090909,979.581818181818,240.563636363636,-59.0363636363636,1008.34545454545,13.8727272727273,0.877472711454844,0.877472711454844,0.877472711454844,0.877472711454844,0.877472711454844,0.877472711454844,0.877472711454844,0.877472711454844,0.877472711454844,2030,1589,2236,3090,657,1191,1018,1067,785,1230.91874295126,1188.43910001723,1065.45187053239,1767.83606557377,1751.40983606557,1390.03278688525,213617.028576208,398548.004674209,122909.839344044,1579479.54098361,1475972.62295082,1192973.27868852,2
1690718,-5000,-1509,-3485,-3109,148,-848,-1262,323,-601,4656,4333,3881,3090,2694,1181,1252,2457,951,-252,960,376,-27,962,242,-48,980,97,-370.940961337513,956.634273772205,350.4289446186,-32.4796238244514,993.390282131661,222.983803552769,-41.0130616509927,1016.00992685475,80.2596656217346,0,0,0,0,911.606019390086,0,0,959.657425898462,0,1048.80286011907,1102.49474724898,549.467628258169,614.030243571844,1032.08531462095,347.92913182608,209.558600897294,1045.47428778324,176.103360038722,962893.321656363,300502.536326002,179207.859297683,376174.752590344,78416.8141449283,71370.1926282849,42254.8126886871,60772.0662892785,24583.6235996791,981.271278320304,548.181116352982,423.329492591389,613.330867142967,280.030023649123,267.152002852842,205.55975454521,246.519910533163,156.791656664757,12.5448760663879,6.88626361668424,23.3638247127989,4.55212174930181,6.62617231702912,5.10690800576712,6.5519347920051,6.12371064647122,5.94572660325099,-2.42698479082564,0.608725477404699,-0.935324920788592,0.0386418100506292,1.03250630918214,-0.483971158367271,0.167075711829394,1.08783393176804,-0.330141061339864,-292,941,376,-36,916,222,-48,904,135,-265.130662020906,944.959930313589,363.934378629501,-34.1991869918699,982.078397212544,228.88443670151,-41.418118466899,1003.01567944251,84.2177700348432,0.84121295573219,0.84121295573219,0.84121295573219,0.84121295573219,0.84121295573219,0.84121295573219,0.84121295573219,0.84121295573219,0.84121295573219,9656,5842,7366,6199,2546,2029,2514,2134,1552,1364.99013226244,1199.99723386756,1050.96312818995,1995.42842215256,1755.05851619645,1311.53761755486,984619.83260331,397346.404551051,67454.6155953425,2617396.7816092,1563287.91745037,1167943.68704284,1
1720625,-3252,-303,-930,-1100,222,-393,-553,609,-533,909,2735,1267,1509,2527,727,689,1542,339,-252,980,326,67.5,944,222,-106,1023.5,106,-347.15671641791,910.298507462687,319.082089552239,-9.19402985074627,984.664179104478,209.970149253731,-73.8059701492537,1023.75373134328,84.0820895522388,0,673.271787776124,0,622.281105199519,902.996862858493,0,0,985.840161811941,0,624.939334369178,1042.53895735936,434.983693295319,537.483633905645,1023.77466256081,325.950412857218,233.954294554083,1042.04246554543,162.622881208449,272061.697059814,260185.789922568,88054.557120413,290975.586129503,79141.623218494,62623.5479744136,49657.8718437886,38064.8637077769,19522.0909549994,521.595338418408,510.084100832958,296.739881243511,539.421529167592,281.321210040221,250.246973956557,222.840462761565,195.102187860047,139.721476355639,10.7710494407939,3.82934563021831,7.62715868169561,2.434614534961,9.4961234284751,2.81898637384458,4.11549455906435,2.79702062709337,4.84368303799759,-2.00480259587348,0.281071741424611,-0.699091749584906,-0.0339542651062811,1.4685798258893,-0.191492251244567,0.692119693145149,0.191095376656443,-0.966182806576169,-101,1009,326,490,796,232,19,980,87,-303.083333333333,899.275,326.941666666667,-8.21666666666667,971.741666666667,214.341666666667,-82.5833333333333,1020.78333333333,90.25,0.853545752435688,0.853545752435688,0.853545752435688,0.853545752435688,0.853545752435688,0.853545752435688,0.853545752435688,0.853545752435688,0.853545752435688,4161,3038,2197,2609,2305,1120,1242,933,872,1186.47252196205,1166.35163618887,1062.1254375375,1716.86567164179,1707.57462686567,1347.94029850746,277017.499488865,326785.861979672,61565.6015291791,1666647.46268657,1443246.8880597,1167033.31343284,3
1722718,-2444,-745,-2554,-1945,92,-696,-951,247,-601,1808,2401,1495,1990,2222,1020,961,2152,572,-262,960,336,-18,962,191,-72,1009,29,-288.497797356828,948.603524229075,325.887665198238,4.69823788546256,973.295154185022,192.539647577093,-71.0132158590308,1017.22026431718,23.9361233480176,0,1012.55699865714,362.93263292244,0,916.652946686821,0,0,965.029452913249,0,418.005965010239,982.994673756863,453.438893784461,374.263514671277,987.059630243476,279.320032609085,232.327895658962,1040.2135412759,127.851088697192,91699.9900613629,66576.5267866693,99623.495079305,140360.26856201,27042.8221839717,41038.5580272486,49041.3949684433,47411.5761005923,15807.7817827309,302.820062184398,258.02427557629,315.631898070054,374.64685847076,164.447019383058,202.579757200093,221.452918175497,217.741994343288,125.729001358998,20.726479494091,17.1603090637196,32.9145109072395,7.69526133727896,15.389937571193,6.37314416841643,6.18484460790118,9.05380935628061,6.66970709730134,-0.495607079927408,-1.0866164517293,-3.90671378305231,-0.0190160475357892,0.827377057570366,-0.211508724660881,0.311558650452674,1.00119250089133,-0.276226406527102,-272,960,297,-45,953,181,-67,971,38,-277.904411764706,956.524509803922,342.843137254902,4.69607843137255,969.335784313726,195.352941176471,-74.8112745098039,1010.69852941176,24.8921568627451,0.893269487786721,0.893269487786721,0.893269487786721,0.893269487786721,0.893269487786721,0.893269487786721,0.893269487786721,0.893269487786721,0.893269487786721,4252,3146,4049,3935,2130,1716,1912,1905,1173,1124.81814893587,1072.88332733523,1052.29074367409,1669.01101321586,1457.08810572687,1272.90088105727,114717.494359746,147025.236737514,72670.8801745946,1346614.34581498,1192379.57268722,1152366.36343612,2
1729812,-5000,-441,-3346,-1718,111,-797,-679,419,-524,3606,4117,2534,2036,2388,949,961,1971,1058,-30,1009,267,863,259,242,58,980,271,-128.135161744022,991.479606188467,284.166947960619,553.757524613221,516.847679324895,229.041912798875,19.8473980309423,989.992967651195,193.755696202532,0,0,0,0,341.712677853868,0,0,981.248463959227,0,393.053590538443,1012.7776485492,339.401577488508,727.545828446189,633.06126279157,256.604054503476,106.039981977449,994.681423601803,246.64373738793,138091.927572033,42692.7605208731,34447.4214140906,222706.859470016,133653.83683172,13387.3258559554,10852.0848821018,9306.36737211696,23295.1397727258,371.607222174211,206.62226530767,185.600165447369,471.918276261914,365.586975741368,115.703612112826,104.173340553626,96.469515247652,152.627454190673,62.6111343134588,41.0139021937474,99.2355079888701,3.13691161876378,2.58314028242408,16.4587344183066,11.1509283978774,19.0037176824345,3.28766932191276,-4.83310041353435,1.96284607059959,-5.55152726916597,-1.14965813354876,0.891402175658294,-1.40352278755525,-0.956589328443787,2.10360845262626,-1.02890796877573,-20,1009,267,872,250,242,58,971,300,-95.61046875,993.95375,286.1028125,596.89421875,488.266875,233.0065625,26.27328125,984.4275,204.600625,0.675433077828287,0.675433077828287,0.675433077828287,0.675433077828287,0.675433077828287,0.675433077828287,0.675433077828287,0.675433077828287,0.675433077828287,8606,4558,5880,3754,2277,1746,1640,1552,1582,1089.45390451514,987.006137536318,1025.88455652385,1456.54458509142,1413.5194092827,1289.64669479606,140355.08932152,321630.875841181,26427.613168173,1295403.12123769,995935.135724332,1061468.74542897,1
1840906,-757,549,-603,-672,361,-313,-475,561,-407,898,2196,712,1572,2120,727,504,1961,427,-247,960,366,45,957.5,222,-58,1019,58,-222.477611940299,966.059701492537,344.679104477612,87.3731343283582,960.970149253731,215.880597014925,-63.9328358208955,1018.76865671642,49.4925373134328,-255.317117571994,923.439923030728,0,-1621.27874899174,923.924281425943,0,0,994.657602726338,0,350.195638286126,992.888534424205,394.325789618443,384.72133741539,978.693905771375,278.058728898084,173.216864333564,1031.74081626167,134.790827448232,73690.627314555,52951.4550555493,36965.0015149815,141431.904836719,34636.6156435866,30943.1435304679,26111.536808439,26799.5325440467,15837.2443047918,271.460176295815,230.111831628774,192.262844863436,376.074334190355,186.109149811573,175.906632991675,161.590645794981,163.705627710371,125.846113586363,5.3122478681772,12.7111075300204,8.81611707425638,5.5116447332314,14.879501596531,3.12670898391301,3.44090990467409,12.6239303471755,4.98279972812963,0.987015777639706,2.27655749890865,-1.78707313233178,1.1101275414027,1.62937363964559,-0.118886103334252,0.183208822334081,1.6605779069743,-0.3525791080355,-191,960,356,-327,898,151,-165,1057,97,-236.733333333333,945.966666666667,359.55,64.8333333333333,957.1,216.333333333333,-64.8416666666667,1014.43333333333,51.7,0.844282204133272,0.844282204133272,0.844282204133272,0.844282204133272,0.844282204133272,0.844282204133272,0.844282204133272,0.844282204133272,0.844282204133272,1655,1647,1315,2244,1759,1040,979,1400,834,1103.2027977251,1061.76488333751,1042.28100942538,1634.44029850746,1483.73134328358,1264.13432835821,81231.5711659722,151034.593049534,30085.5401221412,1263957.45522388,1183168.92537313,1112661.76119403,3
1843000,-3737,-88,-1544,-1581,138,-777,-747,161,-1233,1292,3068,2079,2063,2537,898,883,2114,495,-262,960,366,72,953,202,-87,1009,19,-267.342696629213,945.475280898876,349.837078651685,68.7550561797753,968.250561797753,199.870786516854,-92.8966292134832,1013.60337078652,16.2584269662921,0,917.114412930701,0,0,911.853575001512,0,0,961.092445815649,0,410.587125517166,980.809703908408,421.21325699124,407.242149757765,991.46408990595,297.671576432367,227.639933504301,1036.90886828284,160.084226426472,97218.9049241034,68140.7311093137,55096.532481895,161300.146909164,45543.0631324175,48714.7718115293,43238.7384588164,47841.9628682651,25391.1524879615,311.799462674494,261.037796323279,234.726505708015,401.62189545537,213.408207743792,220.714231103319,207.939266274594,218.728056884034,159.346014973584,27.3295185045819,15.8564296732594,15.923578182324,5.93247393855757,13.2827037823044,5.27321169359718,3.8156791074721,5.10789448519475,7.78518703215977,-1.59975256139482,1.4974410778237,-0.743813130932573,0.269028495047419,1.59461936825982,-0.433953822695356,0.0609165278130894,0.487074355571076,-0.867141366582049,-242,970,386,54,935,111,19,1057,48,-269.281795511222,939.875311720698,356.43391521197,65.0760598503741,958.311720698254,204.044887780549,-93.002493765586,1009.13216957606,20.8067331670823,0.870664617042445,0.870664617042445,0.870664617042445,0.870664617042445,0.870664617042445,0.870664617042445,0.870664617042445,0.870664617042445,0.870664617042445,5029,3156,3623,3644,2399,1675,1630,1953,1728,1110.23239414273,1083.88609046178,1052.03341860335,1646.75842696629,1514.56404494382,1309.32471910112,109852.798385101,181972.522619237,59101.8798875969,1307990.07078652,1237455.57752809,1152626.9,2
1856906,-1838,490,-544,-536,527,-333,-436,638,-475,939,2392,1326,1481,1842,848,262,1657,533,-262,950,396,9,953,237,-87,1019,48,-260.395973154362,946.946308724832,363.422818791946,39.3053691275168,968.187919463087,227.563758389262,-74.7080536912752,1017.29865771812,35.4093959731544,0,919.224885478717,356.683817843426,0,950.80642487897,0,0,997.960785690942,0,379.335935125915,962.431613538466,404.702417808278,299.596759196099,977.544207620478,273.385560023806,138.821199761981,1027.08464555143,126.54532042239,76345.8830813729,29666.8523263959,31814.6623731724,88510.320577136,18266.1261835356,23031.6878403724,13736.1266015863,20073.6714460037,14809.5894063679,276.307587809986,172.240681392045,178.366651516399,297.506841227451,135.152233364956,151.761944638214,117.201222696635,141.681584710236,121.694656441308,13.8583119403737,19.7728557199143,12.4674603596252,4.12559943941643,10.8911872927718,5.23573861955162,2.67818521531314,5.55401237932675,5.91476249233931,-1.3261950613576,2.20868781794542,-1.12110619865771,0.623893484082895,1.47258141273623,-0.244860683142089,0.10651202510521,0.605710258803187,-0.612144035286642,-272,950,425,-345,1000,232,-165,933,58,-250.15671641791,938.910447761194,373.264925373134,29.8582089552239,961.738805970149,230.078358208955,-74.5186567164179,1014.48880597015,39.8097014925373,0.866893670556864,0.866893670556864,0.866893670556864,0.866893670556864,0.866893670556864,0.866893670556864,0.866893670556864,0.866893670556864,0.866893670556864,2777,1902,1870,2017,1315,1181,698,1019,1008,1091.56129052028,1047.11266125983,1034.71128720334,1623.48993288591,1448.21140939597,1229.59060402685,78679.7521840845,92469.2794420575,22532.1324200773,1233954.40939597,1120090.56040268,1090187.91275168,1
1861562,-4000,-19,-2207,-1827,453,-353,-825,476,-689,1585,3166,1584,2063,1916,717,631,1476,718,-227,941,386,36,953,242,-58,1000,38,-277.671641791045,917.664179104478,357.731343283582,30.3955223880597,974.253731343284,234.402985074627,-59.7761194029851,1021.78358208955,26.6044776119403,0,0,0,-5845.42492685578,941.670277535801,0,0,982.818641539262,0,548.848971967563,979.257908948815,473.239928419767,466.773787456747,992.859123343272,279.465588088003,214.239683044586,1039.40843178209,160.157129001956,225818.868813826,117716.991639547,96706.0024688587,218585.113062507,36874.0855122882,23330.3626977893,42643.6938615195,36601.3437885759,25130.0453933341,475.204028616999,343.099098861461,310.975887278835,467.530868566458,192.026262558766,152.742799168371,206.503496003141,191.314776712558,158.524589238812,33.767693480497,18.8883349332285,38.876319731133,7.34828934429578,11.2323293823597,5.49458800493037,5.36474279910956,3.29162187676251,9.58073504748869,-3.82299469217984,2.04765485292048,-3.68994517053408,-0.141801719467818,1.94715275325681,-0.617732845207706,0.00296058184479628,0.0563300445977721,-0.656802790121619,-222,950,356,-90,1018,242,-38,885,38,-247.358333333333,914.15,370.333333333333,39.025,960.266666666667,238.025,-59.2166666666667,1023.43333333333,32.2916666666667,0.856937897657505,0.856937897657505,0.856937897657505,0.856937897657505,0.856937897657505,0.856937897657505,0.856937897657505,0.856937897657505,0.856937897657505,5585,3185,3791,3890,1463,1070,1456,1000,1407,1125.22485747862,1099.49901530954,1054.61611445005,1656.63432835821,1538.67910447761,1279.11940298507,267637.83539902,224086.191028825,52748.6472250425,1484137.2761194,1281748.02238806,1151918.8358209,3
1863656,-5000,-2588,-2495,-2890,185,-727,-592,495,-601,3282,3745,1742,2145,1935,1101,436,1438,504,-121,1024,356,209,920.5,287,-106,1014,-14,-248.972222222222,969.881944444444,329.277777777778,-31.6388888888889,977.034722222222,246.041666666667,-126.819444444444,1009.02777777778,-27.8541666666667,0,4289.07890361236,0,0,860.734974250904,0,0,962.301114253592,0,1150.41709827349,1252.22850517255,647.646433463335,968.248820178872,1026.60717157159,392.822779521645,255.815797444611,1031.07730203791,189.979658998887,1270293.81740482,631792.69225913,313197.027195027,943053.742812743,100020.019764957,94428.9912587413,49703.7154234655,45297.9153069153,35563.3841783217,1127.07311981292,794.853881074459,559.640087194464,971.109542128355,316.259418460474,307.29300554803,222.943300916321,212.833069110313,188.582565944792,10.181148915073,6.69971921745631,7.98167559836666,3.11508512959692,3.61950776022085,4.2800883557887,2.48552369821982,2.32200719571797,3.47104365660144,-1.98753124477733,-0.309955084396805,-0.946300317893014,-0.728758923467755,0.561024458237096,-0.570230648286929,-0.124358885129967,0.0796299104546686,-0.469252954644436,-323,941,366,427,907,404,-87,1028,-87,-142.761538461538,972.607692307692,343.484615384615,1.45384615384615,966.123076923077,255.669230769231,-126.284615384615,1007.33076923077,-21.7384615384615,0.891599627827909,0.891599627827909,0.891599627827909,0.891599627827909,0.891599627827909,0.891599627827909,0.891599627827909,0.891599627827909,0.891599627827909,8282,6333,4237,5035,1750,1828,1028,943,1105,1545.18335643706,1381.72461379274,1057.7744921711,2204.1875,2064.5625,1357.64583333333,1451502.63843921,968708.288871595,59980.377376366,3310981.63194444,2145737.79861111,1164654.39583333,2
1865906,-5000,-784,-2683,-2427,314,-1151,-1116,523,-572,2797,3215,2079,2009,2444,1212,475,1904,611,-252,950,366,-36,953,252,-106,980,87,-356.858895705521,944.760736196319,384.159509202454,-17.8997955010225,981.533742331288,250.494887525562,-94.4519427402863,1011.59713701431,60.6871165644172,0,1026.9700994686,0,0,928.581327010702,0,0,978.382061335675,0,928.935640027275,1093.9291502127,569.550509815489,623.43292458126,1009.65105029103,365.077087974032,226.253748457802,1029.33317605189,162.880713374439,737080.473901237,304731.309438801,177171.568766972,389144.004282745,56101.4829779745,70678.1275352844,42356.2072144557,36272.195975393,22894.0187066278,858.533909581466,552.024736256267,420.917532026134,623.814078297969,236.85751619481,265.853582889688,205.80623706403,190.452608213679,151.307695464004,12.9743546565175,4.51850198083911,17.1883041315078,3.41906845285527,6.79200579273595,6.57615979951109,4.31763007329739,4.94086308289248,5.27583503958614,-2.59728820887343,0.594133859545361,-1.4909937900074,0.00211326519451148,1.15352843311234,-0.552535755735751,0.0164383226461622,0.925765670533567,-0.917701221973586,-373,960,326,27,935,252,-145,895,116,-255.791383219955,924.308390022676,390.049886621315,-15.6009070294785,970,256.528344671202,-95.3151927437642,1003.33786848073,68.1383219954648,0.851620950636424,0.851620950636424,0.851620950636424,0.851620950636424,0.851620950636424,0.851620950636424,0.851620950636424,0.851620950636424,0.851620950636424,7797,3999,4762,4436,2130,2363,1591,1381,1183,1321.36087326135,1200.52290411568,1047.78419503071,1932.0163599182,1775.52760736196,1327.13701431493,745742.396772177,404427.653117551,47369.972551121,2383990.19222904,1541345.13496933,1137247.67280164,1
1873546,-4434,-68,-2287,-1218,583,-555,-504,600,-368,909,2470,1217,1427,2175,646,359,2085,388,-272,941,346,45,953,207,-48,971,87,-432.261194029851,970.619402985075,311.65671641791,47.3805970149254,1005.4552238806,194.880597014925,-73.8134328358209,1022.12686567164,48.4029850746269,0,655.801256397852,286.23821737676,-2958.48256198748,959.686020237,223.904719140646,0,988.504844158473,166.170954774269,915.162456012878,1071.12508502098,506.877432268673,523.792648674998,1033.43720429636,283.250587858857,177.668545162892,1042.31850132719,144.103766510068,655564.856076759,206749.831500393,160996.287285378,274159.786387611,57481.212265739,42570.136011671,26314.0626753451,41997.9461901021,18561.5657053081,809.669596858348,454.697516488042,401.243426469989,523.602698988089,239.752397831052,206.325315973758,162.216098693518,204.93400447486,136.240837142569,14.1669321626017,3.79055866759414,25.1482109579407,2.7675258525291,7.85708643814415,3.9058558936591,3.27150956465548,8.89887541726113,3.99537198177987,-3.08751232000029,0.277428602331604,-4.07791040300739,0.0722497605196362,1.70943120408626,-0.656717130676042,-0.142216333335889,1.78007557079079,-0.980937851450903,-343,931,297,136,953,202,-38,885,126,-319.216666666667,964.216666666667,359.825,46.3833333333333,985.25,202.95,-72.875,1005.08333333333,57.2666666666667,0.861392078020555,0.861392078020555,0.861392078020555,0.861392078020555,0.861392078020555,0.861392078020555,0.861392078020555,0.861392078020555,0.861392078020555,5343,2538,3504,2645,1592,1201,863,1485,756,1298.09005512851,1157.77932900112,1047.38615870992,1906.49253731343,1663.74626865672,1276.08955223881,657723.38438059,297107.302478756,45148.3880921044,2241756,1422582.08955224,1138759.86567164,3
1875640,-3020,68,-950,-909,657,-161,-291,695,-242,727,1784,950,627,1583,616,446,1352,252,-303,960,346,54,953,207,-87,1009,-4.5,-350.040816326531,910.479591836735,330.897959183673,2.20408163265306,974.836734693878,210.683673469388,-70.3265306122449,1014.5,4.80612244897959,-192.995460948042,716.117103718392,334.822971883807,-1107.52714262551,952.55276218999,183.384723111479,0,996.529177704154,0,550.627582576352,953.703035326949,386.347284822601,316.90879393521,986.949722681982,254.439580254331,149.014175465947,1023.27629580237,102.931272890096,182524.658110667,81407.0768988008,40180.7729854828,101461.648642962,24008.0761624237,20561.7030296655,17437.33557753,18068.5,10680.7352198611,427.229046426699,285.319254342922,200.451423006879,318.530451672932,154.945397357985,143.393525061857,132.050503889724,134.419120663691,103.347642546219,22.522108533684,4.35337341722204,20.8709173777883,2.83890083891678,5.30758363229841,3.24101811386386,6.24561804611761,2.79103552714942,2.84053055967749,-3.43824740705104,-0.142419630181635,-2.75644820571091,-0.482841465542504,1.04594393628377,0.00574497790674431,1.3350092207207,0.0947206664227648,0.0671485747571992,-444,970,247,-290,953,111,-126,1009,-19,-317.159090909091,910.181818181818,343.443181818182,13.2159090909091,967.181818181818,211.670454545455,-81.2840909090909,1013.59090909091,4.15909090909091,0.8978033988981,0.8978033988981,0.8978033988981,0.8978033988981,0.8978033988981,0.8978033988981,0.8978033988981,0.8978033988981,0.8978033988981,3747,1716,1900,1536,926,777,737,657,494,1107.6005694893,1055.45848382157,1030.22919575373,1664.17346938776,1452.58163265306,1213.65306122449,192102.425566529,111006.990017966,22306.5991395703,1362004.43877551,1139240.43877551,1079894.44897959,2
1877171,-4989,-1333,-4059,-1463,259,-878,-980,419,-611,1828,4764,3346,2563,2444,1000,893,2038,757,-242,950,396,-54,962,242,-29,971,116,-398.883720930233,973.838577291382,337.296853625171,-24.8714090287278,1010.96306429549,215.637482900137,-38.0916552667579,1019.47195622435,93.0177838577291,0,583.390674348385,0,0,929.979795093858,0,0,965.435242192171,0,912.92540259195,1100.61368902811,556.51840086933,526.290738258304,1052.70592248449,313.681574146395,204.13488003672,1047.30961690062,170.122841269922,675248.300159286,263349.17664674,196211.978880497,276741.934126642,86261.4465790906,51967.69716845,40275.171039859,57613.1783220583,20317.2668065889,821.734933028459,513.175580719445,442.958213469959,526.062671291779,293.702990415642,227.964245372931,200.686748540752,240.027453267451,142.538650220173,11.0195252007284,12.0110080025372,35.4751222843457,5.00807772980994,4.58141288181215,5.68231502385968,5.99868087332366,5.26393913615404,6.54942739589155,-2.35771795131576,1.2908723075552,-3.06141614613846,0.706477732193975,0.966782962047277,-1.12896310826811,-0.446471877222933,1.00466516884193,-0.962522012602095,-232,901,455,-454,990,232,-58,933,87,-307.138508371385,956.173515981735,360.461187214612,-42.9893455098935,995.596651445966,229.989345509893,-31.3439878234399,1007.98934550989,100.138508371385,0.823856451902938,0.823856451902938,0.823856451902938,0.823856451902938,0.823856451902938,0.823856451902938,0.823856451902938,0.823856451902938,0.823856451902938,6817,6097,7405,4026,2185,1878,1873,1619,1368,1308.52968069995,1167.8468437353,1052.51172947654,1943.24760601915,1695.06976744186,1305.6073871409,702398.890336408,297519.303262923,65485.1885596135,2354496.01367989,1483567.83036936,1167470.26402189,1
1888593,-3707,-9,-2029,-790,481,-525,-349,628,-145,2313,2333,2198,972,2027,767,330,1552,466,-272,950,386,-45,972,252,-14,985,155,-375.164179104478,931.373134328358,318.335820895522,-22.4477611940299,993.492537313433,196.910447761194,-16.5149253731343,1011.52985074627,133.320895522388,-467.457162354845,1342.95317365392,452.9706261037,-1186.59094067738,938.158823724578,405.664204367111,0,982.720715136893,653.325407231122,909.023619219274,1001.64587688792,518.757549846157,398.373559033871,1021.94278690223,291.383908425898,149.678486275521,1025.91799809048,178.991223832218,690730.48412075,136859.889799125,169033.142015486,159387.04612277,57770.7631017843,46477.706205813,22297.3042868365,29535.5141398272,14370.6406127259,831.101969749049,369.945793055043,411.136403174769,399.233072431092,240.355493179965,215.586887833683,149.322819042625,171.858994934298,119.87760680263,10.142352327224,4.49995722449367,21.7402720543451,2.53155115095271,5.76174231133337,5.20181711206833,2.28314180898395,3.34534375848862,2.81292719200518,-1.82114255805695,-0.171074022161761,-2.64132251386171,0.384696648063517,0.991322075696182,-1.18195307111941,-0.0482298368683245,0.399668676653454,-0.333338269460328,-353,950,435,-45,972,333,-97,971,203,-285.175,934.441666666667,353.316666666667,-35.1416666666667,981.6,210.625,-15.1333333333333,1008,134.483333333333,0.823526235775444,0.823526235775444,0.823526235775444,0.823526235775444,0.823526235775444,0.823526235775444,0.823526235775444,0.823526235775444,0.823526235775444,6020,2342,4227,1762,1546,1292,679,924,611,1256.19608068567,1108.34842254858,1037.95613938687,1867.84328358209,1577.32835820896,1295.63432835821,740549.158263353,171440.244212243,36727.2679626191,2098727.79850746,1287973.13432836,1106949.24626866,3
1890687,-5000,-137,-653,-1381,564,-838,-427,600,-281,727,1901,4534,1300,1916,686,320,1476,417,-282,960,376,95,967,222,-48,1014,87,-387.166666666667,881.309523809524,376.166666666667,-25.8095238095238,986.904761904762,192.071428571429,-47.6071428571429,1011.21428571429,91.3214285714286,-185.148902990562,513.184888399213,0,0,954.838531437094,0,608.725969150631,969.054040951664,0,879.805213831854,958.906855300794,622.819262172689,516.805918254481,1004.42762663263,266.045243198542,169.101089799648,1030.95443527784,165.909865087442,631679.176706827,144516.312679289,249371.176706827,269632.131956397,35314.2558806655,34296.934595525,26645.9522375215,40798.4113597246,19417.6424268503,794.782471313269,380.153012192839,499.370780790013,519.261140425891,187.920876649364,185.194315775417,163.23587913667,201.986166258298,139.347201001133,27.7360405291442,4.29781152070488,58.8681483591965,2.70641973681429,9.59163753780043,13.903708200548,2.49598831378409,2.42598456209023,2.4754836124212,-4.60110493399773,-0.726789291551293,6.85137125051537,-0.247624908325476,1.52266030326248,-2.00200272697908,0.209036002648997,0.0109543907119584,0.0155132749026459,-282,892,376,100,944,222,-213,638,48,-302.986842105263,891.934210526316,338.789473684211,-23.7631578947368,976.565789473684,200.605263157895,-49.8026315789474,1010.28947368421,91.7368421052632,0.835480137959486,0.835480137959486,0.835480137959486,0.835480137959486,0.835480137959486,0.835480137959486,0.835480137959486,0.835480137959486,0.835480137959486,5727,2038,5187,2681,1352,1524,747,876,698,1200.57354884678,1135.49612604304,1038.75445458369,1757.90476190476,1627.88095238095,1282.2619047619,692597.565087703,277251.835294134,44430.7604020459,2081463.4047619,1346743.28571429,1118988.30952381,2
1892000,-4252,-303,-2366,-1827,324,-1020,-766,552,-533,2010,2990,1603,1963,2425,1414,699,1838,466,-242,941,405,-9,935,257,-97,1000,126,-302.704954954955,953.434684684685,366.511261261261,32.1373873873874,970.031531531532,240.040540540541,-94.2477477477478,1009.1036036036,110.207207207207,0,770.868456121871,0,0,916.191867869313,0,0,972.758812793081,0,683.67591665131,1031.44059254324,518.78107526591,472.144873456794,997.985728111136,357.353245881918,221.278899471575,1028.04092751634,180.072520426112,376630.736679677,155181.505882293,135107.595809692,222388.845641918,55138.5272202225,70240.0796168631,40172.191304171,38665.1495129441,20326.2639659976,613.702482217302,393.930838958177,367.569851606048,471.581218499971,234.815943283718,265.028450580052,200.430015976078,196.634558287561,142.570207147207,15.926306706198,6.75800788757963,14.8711189501024,4.10976529732635,7.99471989320748,6.1122774569579,3.2940560741621,4.34622319291016,4.98243463281175,-2.41552982623702,0.84813006864933,-2.34580411124542,0.244516471636729,1.31291688732389,-0.466749705599463,0.210926267817348,0.740996237330648,-0.769965784718691,-111,921,405,-54,907,272,-48,1000,184,-249.8375,939.9225,395.4275,26.58,957.5025,247.3325,-97.095,1001.1025,115.56,0.853094224028887,0.853094224028887,0.853094224028887,0.853094224028887,0.853094224028887,0.853094224028887,0.853094224028887,0.853094224028887,0.853094224028887,6262,3293,3969,3790,2101,2434,1465,1286,999,1228.94993498286,1125.41975400822,1048.39617284133,1828.40315315315,1634.83108108108,1336.40540540541,397445.069430036,230745.046605461,44842.1346813107,1800416.25900901,1346597.63738739,1138258.61261261,1
1898937,-4363,-186,-2247,-1154,268,-474,-436,609,-378,2636,3254,1069,2009,2009,666,310,1904,417,-308,931,405,22.5,935,257,-43,990,67,-382.701492537313,925.037313432836,317.865671641791,-15.8059701492537,963.828358208955,236.097014925373,-45.3731343283582,1019.35074626866,66.8358208955224,0,608.019101868424,0,2372.90840933755,898.679594384061,0,-444.593076006777,985.569944403646,0,965.549483957269,1024.8827708718,502.750999167758,489.627698953082,992.390160845664,314.299992164535,167.846456131254,1037.9363459331,152.478136431268,791733.835035349,196154.502356638,152860.733699921,241286.097407698,56293.2259566828,43366.3138256088,26310.0552126585,38523.4023678599,18923.7773538323,889.794265566681,442.893330675274,390.974083156315,491.208812428786,237.261935330307,208.245801459738,162.203745988366,196.273794399201,137.56372106712,12.9232501076276,9.55595118949895,18.0021695334231,4.44433494769824,5.62760131168283,3.94099149427737,2.66152028561014,5.77849415225881,3.73037109297402,-2.34906671380108,1.65920361479795,-3.10827324285208,0.472365752985488,0.62145416236802,-0.522352035576461,-0.160280740058847,1.1325106267559,-0.370816192399319,-404,941,455,-709,870,272,-135,990,58,-287.7,891.583333333333,360.558333333333,-29.6833333333333,958.358333333333,242.533333333333,-41.9333333333333,1007.78333333333,69.775,0.850109188812828,0.850109188812828,0.850109188812828,0.850109188812828,0.850109188812828,0.850109188812828,0.850109188812828,0.850109188812828,0.850109188812828,6999,3440,3316,3163,1741,1140,746,1295,795,1291.37953803727,1119.32261778465,1043.88181253849,1929.96268656716,1615.25373134328,1277.82835820896,794794.622870575,269887.959060012,42076.0104375865,2235429.06716418,1323358,1128733.87313433,3
1901031,-5010,-696,-1683,-2045,-129,-1030,-1291,28,-766,2747,4235,1742,3463,3120,1040,1427,2314,747,-242,960,346,100,953,202,-97,1000,19,-264.003432494279,946.056064073227,343.670480549199,66.3089244851259,972.836384439359,196.964530892449,-94.895881006865,1019.10755148741,12.9313501144165,0,0,0,0,833.434007856359,0,0,905.570353080688,0,505.32550059943,1008.68109787397,437.001929628298,456.562073297219,999.236834074927,293.470025056065,254.144931983877,1053.76209977825,161.633084498739,185868.713619361,122555.704757,72944.7481081308,204285.789908807,52123.2572771763,47383.8441013261,55648.0888031748,71916.6459222911,25987.7684776711,431.124939686121,350.079569179636,270.082854154296,451.979855644925,228.305184516638,217.678304158513,235.898471387957,268.172791166985,161.207222163497,40.6348259420688,26.802188839974,16.3149072846835,8.98778727133895,17.3132643873642,6.10572410069428,9.2135314321984,5.73187766607025,5.23619211433621,-3.19245038326771,2.44369298545096,-1.19256334605304,0.172324481603582,1.85677189235127,-0.534008588915752,0.624605011589669,0.785778740388662,-0.279676838823746,-242,980,346,118,935,262,-116,942,38,-250.974554707379,939.801526717557,352.039440203562,73.1437659033079,960.578880407125,201.091603053435,-99.6424936386768,1007.88040712468,14.998727735369,0.88623743197957,0.88623743197957,0.88623743197957,0.88623743197957,0.88623743197957,0.88623743197957,0.88623743197957,0.88623743197957,0.88623743197957,7757,4931,3425,5508,3249,2070,2718,2286,1513,1138.46446909751,1102.47172173383,1063.47814613791,1666.66819221968,1546.5995423341,1319.93707093822,188520.700587518,212534.792503942,97316.556191343,1463762.10526316,1293047.83295195,1201129.46338673,2
1914687,-3555,29,-1138,-1136,388,-616,-504,676,-349,1373,2392,1376,1909,1537,777,184,1457,359,-131,975,465,-49.5,948.5,328,-72,970.5,97,-346.8,921.05,463.116666666667,6.6,958.4,301.1,-87.6666666666667,997.433333333333,90.8166666666667,0,516.63528048205,822.051488135404,-990.190945244004,909.662986897871,325.792033528996,0,952.940457708223,123.450715778612,969.795150190664,1022.81462152239,633.399334280252,606.365841166315,979.452346977636,411.658474952235,190.223727927582,1019.28918042591,151.27463986626,834134.637288135,201169.472033898,189882.375988701,373867.091525424,41487.8033898305,80137.1084745762,28982.6666666667,44824.2497175141,14884.4234463277,913.309715971606,448.519199180925,435.75494947126,611.446720103578,203.685550272548,283.084984544529,170.242963633352,211.717381708527,122.001735423426,4.91330688204399,3.72448973747456,5.07935522076626,3.0555802711173,4.36414048201576,3.96770232339964,2.8512922176172,2.11804842284812,5.58354549313213,-1.17174313603834,0.575110131887797,-0.823831575475941,0.544725887669928,0.225850515762867,-0.831004907611443,-0.640450203401511,0.187770474137099,-0.858859066180381,-30,1068,455,-272,925,323,58,676,97,-289.944444444444,900.87037037037,483.018518518519,-12.3703703703704,956.759259259259,314.185185185185,-79.962962962963,991.351851851852,96.2222222222222,0.817095754713122,0.817095754713122,0.817095754713122,0.817095754713122,0.817095754713122,0.817095754713122,0.817095754713122,0.817095754713122,0.817095754713122,4928,2363,2514,3045,1149,1393,688,781,708,1438.7240622397,1201.97393115918,1029.96341471657,2098.5,1826.7,1267.71666666667,867973.900658526,380550.441929251,60457.1154625381,2387847.1,1496469.13333333,1098019.51666667,1
1915625,-5000,-1019,-1514,-2409,240,-888,-679,590,-601,1929,3147,3356,1509,2175,1272,611,1980,699,-161,1019,376,176.5,967,272,-140,942.5,58,-314.388059701493,945.641791044776,363.119402985075,50.634328358209,983.208955223881,230.39552238806,-115.402985074627,1014.19402985075,39.3507462686567,-1697.16969658282,364.8485232303,753.859825558971,0,887.54993367684,0,0,953.45837937444,0,1083.0699595656,1138.33775776185,604.369240700152,748.695088684903,1023.51613013998,402.694868003577,260.80297933469,1047.76244886603,189.411007733833,1082277.382112,404593.810571204,235161.41420716,562175.842722478,81493.5800695769,109901.218325665,55111.625855684,69737.0447761195,34586.1542475592,1040.32561350377,636.076890455238,484.934443205635,749.78386400514,285.470804233247,331.513526610401,234.758654485163,264.077724876824,185.973531040197,9.72799168614506,5.28214068498237,14.9963259809303,3.51478087135758,5.54772675732117,4.53971820538004,3.08018619819488,3.20633940991006,4.31718636869526,-2.17787494406604,-0.177791116929029,0.989615772149093,-0.551312662259925,0.737804799304993,-0.580278467563528,0.456104774802414,0.802092966029238,-0.298554733246718,-212,1029,376,-236,972,363,-165,780,0,-209.241666666667,954,361.175,74.8833333333333,974.458333333333,242.383333333333,-122.466666666667,999.975,44.6416666666667,0.873240592263439,0.873240592263439,0.873240592263439,0.873240592263439,0.873240592263439,0.873240592263439,0.873240592263439,0.873240592263439,0.873240592263439,6929,4166,4870,3918,1935,2160,1290,1390,1300,1448.51513557822,1283.26693301127,1064.71578376558,2088.01492537313,1928.11940298507,1379.70895522388,1141763.51184939,564292.189088148,96021.3758547029,2834115.56716418,1770292.76119403,1201700.87313433,3
1917718,-5000,-1676,-2178,-3418,-83,-818,-941,238,-1000,2777,4588,3752,3709,2787,1191,582,2038,631,-323,950,297,-9,953,232,-77,1009,48,-343.630010277492,927.373072970195,313.882836587873,-23.5107913669065,970.813977389517,227.477903391572,-95.9815005138746,1011.94861253854,10.6464542651593,-406.685363583723,0,0,0,1015.2949289423,0,0,953.867087718002,0,885.089270905335,1096.24125445786,479.021780707934,664.296397708299,1012.11913166912,333.694181524259,223.348731144836,1036.58944490417,177.63795935643,665985.900003803,342075.63947995,131074.142637213,441190.379770257,81989.6227673943,59666.9328960112,40714.0510977463,50529.6146405627,31474.2452471882,816.079591708923,584.872327504003,362.041631082964,664.221634524394,286.338301258135,244.26815776112,201.777231366045,224.787932595508,177.40982285992,18.032227396722,10.2744136786242,20.8204695014579,6.4520483430839,10.4026742020451,5.35650221771656,4.82503254489415,5.28119567570035,8.51486963618121,-2.56464525214528,0.532371921919125,1.14331333229178,-0.559559156753044,1.27854799134931,-0.459831861791406,-0.38488843167579,0.402736287064469,-1.45960282986119,-313,921,267,-100,944,181,-48,1019,77,-285.884571428571,924.517714285714,308.411428571429,-1.408,958.700571428571,233.601142857143,-92.7188571428571,1007.76914285714,20.6342857142857,0.892159827691474,0.892159827691474,0.892159827691474,0.892159827691474,0.892159827691474,0.892159827691474,0.892159827691474,0.892159827691474,0.892159827691474,7777,6264,5930,7127,2870,2009,1523,1800,1631,1288.93455957699,1192.00998242919,1050.63865999838,1876.68242548818,1699.54984583762,1294.21891058582,697068.859940363,464895.223155673,60195.2331945271,2214589.77183967,1577026.64748201,1155957.57759507,2
1932921,-5000,-1519,-3247,-2363,-194,-898,-941,209,-932,3191,4705,3435,3236,3731,1050,737,3638,2252,-20,970,366,818,370,323,135,980,174,-166.282858028518,958.373062616243,369.392978921265,636.554091754495,463.131354618723,298.410027898326,103.07501549907,989.710089894606,150.945598264104,0,0,0,0,0,0,0,978.288508488462,0,410.120439003631,983.518424731074,414.086974434304,751.972585314023,569.10502844422,328.714692106349,161.36912474304,995.729802226567,214.897345336926,140559.678335906,48833.3489945441,35019.5633731608,160274.077830267,109398.359633721,19006.2769543815,15416.7303251176,11952.7032818959,23398.1086421752,374.912894331345,220.982689354945,187.135147348543,400.342450697234,330.754228444205,137.863254547328,124.164126562859,109.328419369786,152.964403186412,51.3801001973189,52.9015528582086,92.0261037182416,7.04816248687299,5.4898202266866,9.50670556393214,10.1082091348731,55.051396534969,11.1231899699956,-4.67479521096127,2.82970014016416,-2.9613691333858,-1.92954098354023,1.53590268884552,-1.51870166639403,-2.00593614219122,3.41890120692107,-0.278559140807795,-10,980,356,854,222,373,145,990,291,-135.84157051834,956.611675563974,373.55760289306,687.216462889616,431.261236438781,307.708455312554,114.287239538488,984.387980024109,160.133804029619,0.600509713019278,0.600509713019278,0.600509713019278,0.600509713019278,0.600509713019278,0.600509713019278,0.600509713019278,0.600509713019278,0.600509713019278,8191,6224,6682,5599,3925,1948,1678,3429,3184,1093.53293359164,985.371143730943,1025.1882470372,1544.52704587725,1480.38127712337,1324.38894916305,143735.2045056,231478.178022046,25865.654609956,1306975.28867018,997396.651270924,1063698.70249535,1
2134546,-2171,-215,-1702,-563,-212,-484,-417,657,-300,1979,4558,2594,3872,1490,828,640,2104,708,-343,921,326,331.5,851,242,48,980,-48,-340.179104477612,942.925373134328,343.15671641791,375.417910447761,788.268656716418,241.186567164179,50.2835820895522,1004.9552238806,-18.4626865671642,-244.207446764924,928.029216607316,340.818423141377,0,710.043565509024,212.454640858424,0,969.55678128177,0,464.533661200197,1007.2315463982,462.386516936617,575.984608003301,831.958227639654,304.126655175208,153.118186720186,1028.23565014971,158.148805800485,100822.103018741,126350.039501739,96766.9000673325,192254.395466278,71319.2505891595,34580.122825721,21074.0092021098,47689.4415890473,24855.6640107732,317.524964402393,355.457507308172,311.07378556756,438.468237693767,267.056643035068,185.957314525998,145.168898880269,218.379123519276,157.656791832046,31.2549959872486,82.2010791994557,36.5218560833071,31.4816629476728,4.60763763661191,5.17316935374285,4.94433028286505,12.2345691356094,6.34878080668585,1.68993275287187,7.6311359118181,1.0936862182266,3.57368874703035,-0.997342612428063,-0.460076732859045,0.070720228515008,2.41011308602856,1.4227270939345,-464,911,326,263,833,242,67,980,-48,-344.2,927.091666666667,336.358333333333,365.966666666667,802.191666666667,246.508333333333,51.3,984.475,-29.5083333333333,0.814547199973714,0.814547199973714,0.814547199973714,0.814547199973714,0.814547199973714,0.814547199973714,0.814547199973714,0.814547199973714,0.814547199973714,4150,4773,4296,4435,1702,1312,1057,1447,1008,1119.19967047608,1012.84113601222,1027.48586849283,1701.60447761194,1488.33582089552,1242.85074626866,237992.6928894,206610.59107744,53661.2340128911,1444108.20149254,1116405.78358209,1105724.7761194,3
2136640,-3131,-2156,-4950,-1927,-9,-727,-825,438,-572,2171,4764,2128,3963,2194,909,543,1914,776,-257,945.5,391,-9,990,181,-9,1071,87,-208.756097560976,914.365853658537,292.463414634146,104.085365853659,980.09756097561,182.109756097561,-20.0243902439024,1031.24390243902,74.8292682926829,-206.251812924289,940.533317632759,0,1016.71429651706,-6059.9906416702,0,0,956.497101775074,0,649.720652918828,1200.28897943218,763.706510477907,883.696290671372,1045.66721610141,304.517751495064,273.860655327824,1064.00193700539,258.793542347903,383231.371875941,612093.271906052,503857.387533875,779592.597560976,134468.558265583,60302.4939777176,75519.6537187594,69483.4953327311,62132.3902439024,619.056840585694,782.363899925126,709.829125588599,882.945410294983,366.699547675727,245.565661234867,274.80839455657,263.597221784925,249.263696201237,11.3836551163119,17.0601786316184,38.6319013920993,7.45273098368251,4.03343443308457,5.12724516519676,2.80123733163008,4.19212441286335,3.46890348241399,-0.431514935090538,1.82898069458239,-4.97752249192238,1.38010181652277,0.203302238209449,-0.194079758239376,-0.152348900375499,0.313423130405013,-0.161266467918224,-333,1039,435,-354,1203,181,38,1028,135,-208.797297297297,894.243243243243,345.486486486487,50,976.108108108108,184.054054054054,-18.2432432432432,1026.31081081081,77.5405405405405,0.865159221866427,0.865159221866427,0.865159221866427,0.865159221866427,0.865159221866427,0.865159221866427,0.865159221866427,0.865159221866427,0.865159221866427,5302,6920,7078,5890,2203,1636,1368,1476,1348,1286.43795538108,1288.84449865054,1098.73999332781,1906.87804878049,1835.07317073171,1447.73170731707,998877.024911709,815632.374438225,108116.545528967,2446078.19512195,1967070.12195122,1274073.87804878,2
2137921,-4989,-1029,-1227,-3154,500,-747,-601,409,-699,1848,2725,1188,2400,1990,1686,407,2047,514,-232,941,405,45,916,292,19,990,67,-292.948148148148,941.755555555556,346.992592592593,59.9777777777778,974.022222222222,273.762962962963,5.21481481481482,1017.68888888889,41.9555555555556,0,888.302623398103,409.130899700416,318.181120718296,911.587676547416,0,0,969.300683348579,0,946.966853813914,1098.44936834376,469.100873618489,714.985071069216,1006.72752207522,411.668564997872,183.917735233265,1042.23998089585,180.235237233846,816979.303261471,322073.215920398,100395.440243228,511394.424875622,65264.4547263682,95230.2568269763,34050.7669430625,50950.9174129353,30953.7592039801,903.869074181361,567.514947750628,316.852395041016,715.118469119363,255.469087614075,308.593999985379,184.528498999646,225.723098979558,175.936804574768,14.3053146350799,4.97349104456624,9.89821832911743,6.30003736749725,4.28829908014309,7.23885203954932,3.77108311880463,6.07686017101875,6.72022428403952,-2.6061152280665,-0.0656421751967221,-1.73002943168548,-0.0440254815487554,0.838047213926546,-0.0122622559489609,-0.52634010870709,0.956806988351517,-1.26130161363927,-434,941,405,-690,916,424,77,1076,77,-203.04132231405,944.264462809917,365.611570247934,48.6528925619835,962.801652892562,280.314049586777,10.6115702479339,1006.57024793388,52.8264462809917,0.810298285809564,0.810298285809564,0.810298285809564,0.810298285809564,0.810298285809564,0.810298285809564,0.810298285809564,0.810298285809564,0.810298285809564,6837,3754,2415,5554,1490,2433,1008,1638,1213,1333.3250760652,1221.31730844678,1050.71598922311,1948.24444444444,1823.73333333333,1290.63703703704,844533.064289947,536792.77983377,62982.4993255078,2323392.86666667,1694174.96296296,1152574.65185185,1
2140031,-5010,-1029,-1693,-2054,388,-484,-310,542,-592,2343,2686,4653,2981,2037,777,504,2009,427,-227,960,366,136,967,196.5,0,990,77,-374.014925373134,910.417910447761,345.029850746269,59.1567164179104,986.925373134328,215.335820895522,32.0746268656716,1016.05223880597,36.3582089552239,0,537.889302220691,263.429661073472,554.435477425819,913.179588279098,917.106916980217,0,971.294291193653,0,1160.57003492687,1129.20306067545,683.746592667982,856.295374655683,1025.55366917495,329.658178914725,175.117870752006,1040.67333613258,195.661716906212,1216111.09751992,449593.959376051,351083.8336887,735229.035405678,78323.1372461003,62773.4578049601,29860.3252160251,51019.5837167546,37239.4947817304,1102.77427314928,670.517680136812,592.523276917202,857.4549757309,279.862711424906,250.546318681716,172.801403975851,225.875150728792,192.975373511053,9.59772432078726,3.50887956199752,25.4050992611848,4.2550544480768,4.82499721574498,2.73727608480693,3.18620751646771,5.46209516570603,3.44910206021058,-2.10893315768309,-0.142169900856834,2.39414445198809,0.506475054818293,0.965081044869646,-0.0261209451564376,0.685159988281564,1.10304653732145,-0.799433563572355,-444,960,366,645,953,-161,-106,819,184,-253.175,916.708333333333,343.2,35.3083333333333,969.1,214.533333333333,24.4083333333333,1002.81666666667,46.3416666666667,0.828542839853629,0.828542839853629,0.828542839853629,0.828542839853629,0.828542839853629,0.828542839853629,0.828542839853629,0.828542839853629,0.828542839853629,7353,3715,6346,5035,1649,1261,814,1467,1019,1457.19240497485,1291.63032947582,1046.71899696986,2121.37313432836,1918.05970149254,1311.82835820896,1271498.27650087,769656.577572706,59457.5553004994,3089531.76119403,1893676.6119403,1151950.76865672,3
2142125,-4737,98,-1198,-954,546,-545,-320,638,-320,1131,2852,2237,1609,2009,636,320,1580,291,-257,960,381,54,944,217,19,1000,82,-351.5078125,945.75,358.296875,40.515625,975.21875,224.796875,33.53125,1011.8046875,55.2734375,-885.97368581165,662.641915013007,421.182635159557,3246.68897976689,933.820671888758,0,0,989.891305446784,0,947.104225554136,1043.61424266824,505.835601999306,539.788977865425,998.322475768727,296.046950457187,146.899200133969,1022.97044877284,139.106271201194,779538.818836122,196220.598425197,128496.887549213,292011.968257874,45955.1801181102,37402.3678641732,20616.093503937,22898.7095841535,16423.7120447835,882.914955607912,442.967942886612,358.464625241059,540.381317458213,214.371593542872,193.39691792832,143.583054375985,151.323195790181,128.155031289386,13.7450803511346,5.68317696200627,13.5907305184205,2.79438006415088,6.82238605361304,5.08421195218612,2.26188297598804,4.59878748022754,2.96207208964768,-3.08702524226681,0.916143213642983,-0.124041970914913,0.367392693308241,1.28145834284417,-0.88209971095891,-0.115551937316732,0.610052281787041,-0.723000182413465,-191,980,386,54,916,191,-58,1009,135,-225.827586206897,925.560344827586,364.724137931034,23.8534482758621,963.275862068965,234.310344827586,35.4137931034483,1007.8275862069,60.8362068965517,0.79289729591511,0.79289729591511,0.79289729591511,0.79289729591511,0.79289729591511,0.79289729591511,0.79289729591511,0.79289729591511,0.79289729591511,5868,2754,3435,2563,1463,1181,640,942,611,1288.18075100644,1143.1705939056,1031.45441370792,1886.5078125,1671.3125,1253.96875,784521.105660428,306272.147796019,27859.7773108933,2242006.7578125,1375663.703125,1087398.46875,2
2144125,-3393,-274,-4871,-1272,157,-636,-436,495,-330,2484,4705,1524,1609,2148,1060,563,1752,398,-222,990,247,18,981,121,0,1009,-58,-248.153798641137,979.105620753552,261.627547869055,16.5892526250772,982.770846201359,136.056825200741,13.5719579987647,1013.2378011118,-30.4743668931439,0,0,256.797227948514,0,965.837099358581,0,0,1003.94989998527,0,391.769291659753,1002.52021770411,334.175329296337,225.429267265454,990.348624362353,183.725071210298,88.8578651423321,1017.93661392501,100.865060084712,91959.6703981077,46427.6470573864,43250.8914779759,50574.3892787366,14961.1025858719,15252.863270755,7716.28823664596,9550.00707451914,9250.78719791475,303.248529094714,215.470756849709,207.968486742525,224.887503607329,122.315586030039,123.502482852593,87.8424056856708,97.7241376248424,96.1810126683783,51.0302052817512,70.1581385305164,248.339137834402,10.6076139968579,23.9558358430305,10.85885142667,8.45552009381445,13.6728262266386,3.85481279848751,-3.79892986190481,3.18275243114819,-10.459322157831,0.438242338724483,1.9508502291112,0.515979476654057,0.752520489647718,1.20732278137652,1.02931741623859,-232,990,247,-9,981,131,0,1019,-77,-228.850377487989,983.502402196294,262.351407000686,14.3568977350721,978.480439258751,132.702127659574,10.5676046671242,1009.63829787234,-35.6403568977351,0.889494815367554,0.889494815367554,0.889494815367554,0.889494815367554,0.889494815367554,0.889494815367554,0.889494815367554,0.889494815367554,0.889494815367554,5877,4979,6395,2881,1991,1696,999,1257,728,1082.71647510875,1022.29604261258,1021.9925077449,1532.80667078443,1273.35639283508,1154.53922174182,93163.0464307988,53982.3230947364,10246.277145906,1270203.1155034,1065363.65410747,1054264.43051266,1
2169421,-4989,-39,-1653,-1409,546,-525,-427,533,-456,1767,3539,1445,1163,2083,767,427,1695,543,-212,995,346,0,962,202,19,1000,38,-433.679104477612,990.231343283582,299.44776119403,-22.6641791044776,1013.15671641791,195.485074626866,19.8880597014925,1026.83582089552,14.4253731343284,0,758.010904098552,654.285598493727,0,960.68072731876,339.238898644633,158.368757428886,989.763704595789,0,1028.22713313423,1083.34085607798,486.781157731468,465.348809953752,1043.2757144772,294.109318187602,168.65320330511,1046.35847571542,152.263102026742,875708.610537537,194520.946077881,148394.354393446,217660.179609471,62403.3812703401,48648.9283469869,28259.258051846,40778.5743463135,23148.7124340702,935.793038303629,441.045288012333,385.219877983271,466.540651615131,249.806687801468,220.565020678681,168.10490192688,201.937055406663,152.147009284015,10.0182879460043,10.5768857131764,12.7312405366476,3.14018807470074,5.31312188996857,4.5675055770805,3.22574543165713,4.50663990389159,4.98729512425365,-2.37628574427146,1.17435141019628,-2.36360809202153,-0.270528346250471,1.24154756865871,-0.754075127640927,0.0966583323085592,0.884485116622502,-0.233673359956805,-333,1000,287,-590,916,171,29,990,38,-322.25,977.95,335.458333333333,-14.9916666666667,998.158333333333,205.175,18.8166666666667,1016.29166666667,17.8916666666667,0.831020257568528,0.831020257568528,0.831020257568528,0.831020257568528,0.831020257568528,0.831020257568528,0.831020257568528,0.831020257568528,0.831020257568528,6756,3578,3098,2572,1537,1292,854,1162,999,1347.13659513132,1146.64234201729,1049.95841980073,1958.37313432836,1640.64925373134,1270.86567164179,899916.939982897,218394.838714777,44821.5767509562,2467834.34328358,1391474.02238806,1146494.01492537,3
2171515,-5020,-2823,-1158,-3354,-351,-727,-864,276,-495,4010,4254,4623,2700,2101,1040,864,2285,601,-70,1093,346,181.5,1000,181,24,980,-9,-282.7625,959.175,358.4375,-60.125,1014.2875,196.825,12.2375,1029.8875,-27.6625,0,760.253502157683,295.553736218832,-22029.3451847797,920.447801360279,0,0,911.979528636229,0,1576.95251593065,1443.0887966442,705.770332686208,1244.36806251205,1080.86129429266,388.996336743677,330.166719249533,1081.30158258462,245.945954429017,2437290.7403481,1177203.63987342,374313.236550633,1564391.75632911,141247.599841772,114003.108227848,110238.284651899,109918.83528481,60480.2011075949,1561.18248143774,1084.99015657904,611.811438721632,1250.7564736307,375.82921632275,337.643463179503,332.021512333009,331.540096043918,245.9272272596,6.81856928992358,4.65650256561567,31.175128982488,3.14306274634676,5.00253341727192,3.37457917557334,3.35974101653635,4.88175810646195,2.71257435127677,-1.27240594380363,-0.479375436682346,4.07452560122364,-0.643763534516216,-0.243503295004746,-0.0506011233600302,-0.0692589275085889,0.713898954473399,0.21543433580361,-70,1647,495,-3354,898,171,-223,961,145,-196.888888888889,986.763888888889,319.736111111111,-7.08333333333333,1017.58333333333,197.666666666667,14.8055555555556,1018.43055555556,-34.7777777777778,0.877868813155833,0.877868813155833,0.877868813155833,0.877868813155833,0.877868813155833,0.877868813155833,0.877868813155833,0.877868813155833,0.877868813155833,9030,7077,5781,6054,2452,1767,1728,2009,1096,1871.04170405535,1565.35224465902,1108.05989440207,2565.7,2322.5625,1481.9625,2678665.39430998,1613485.30662664,148020.284868803,5067396.275,2868031.1625,1338712.5875,2
2172765,-4939,-382,-1138,-1536,0,-393,-456,628,-718,1878,2941,2564,1909,1722,1111,640,2076,669,-212,882,495,763,333,393,135,923,398,-227.371434351608,903.019016791422,464.402589520534,522.808820554319,538.816508193405,355.984624721829,78.2563220716164,947.394294962573,272.111875379324,0,0,453.444900175253,0,0,0,0,941.723313567375,0,359.689462182222,914.519577956928,483.675982449389,658.662213114759,623.085969209136,382.326533200451,136.993704733308,950.769052089245,352.395267045819,77694.4581235442,20906.9433857588,18276.3882733415,160539.326251604,97932.70792654,19452.4603058441,12645.7815135446,6407.13648707334,50147.6967083973,278.737256432548,144.592335155633,135.190192962883,400.673590659035,312.942020071674,139.472077154691,112.45346376855,80.0445906171887,223.936814098078,119.240530498879,31.6077878859091,39.2103350803192,3.94263270901509,1.99028075172644,5.05775510601605,3.99045875044474,33.1823754981022,2.51571539397042,-8.91369738502633,0.247299757243103,-1.20918221708083,-1.28768302168224,0.820631720352023,-0.994994789167474,-1.16775733941135,3.41287332511156,-0.9256046789646,-222,862,554,763,314,454,155,923,417,-208.814340301191,902.294897729827,472.797932119577,560.480782198247,520.019105416948,364.493594066082,87.3726680152843,940.858170375365,286.849629130142,0.672761833248537,0.672761833248537,0.672761833248537,0.672761833248537,0.672761833248537,0.672761833248537,0.672761833248537,0.672761833248537,0.672761833248537,6817,3323,3702,3445,1722,1504,1096,1448,1387,1069.62833519409,979.193136001701,1021.01329560307,1614.53853934857,1485.08395711107,1378.77402387214,79242.2730148682,248691.42826578,59722.6398357824,1199665.02366984,968245.613999595,1046911.48978353,1
