A1,A2,A3,A4,A5,A6,A7,A8,A9,A10,A11,A12,A13,A14,A15,A16,A17,A18,A19,A20,A21,A22,A23,A24,A25,A26,A27,A28,A29,A30,A31,A32,A33,A34,A35,A36,A37,A38,A39,A40,A41,A42,A43,A44,A45,A46,A47,A48,A49,A50,A51,A52,A53,A54
670000,-48,1000,0,29,1047,67,-9,1019,29,-11.4678111587983,1018.69098712446,27.0729613733906,0,1018.6143895955,0,15.4514329793673,1018.72927873289,29.7480117992545,107.698312860737,78.3523753144887,152.654136451088,10.3777797654767,8.8516877099505,12.3553282615675,4.3797074613071,3.05697718563435,3.12798201954801,0.0400748422478181,-0.00161715526892611,-0.0480152030281619,-9,1019,29,-11.4784688995215,1018.70813397129,27.1052631578947,0.91829583405449,0.91829583405449,0.91829583405449,77,47,67,712.450685325248,739.785,164.166241295657,726214.191,0,398.065443687787,0,143.990109686196,0,339.364684148326,1
673640,-97,990,-29,38,1057,77,-19,1019,9,-24.5150214592275,1017.17167381974,12.6437768240343,0,1017.06793162139,0,34.506328336683,1017.22359027798,21.4780055179722,592.242230279712,106.073849341424,302.738937398254,24.3360274136867,10.2992159576069,17.3993947422965,3.28969539603938,3.90347789430681,4.14060835692071,-0.498946869490727,0.118028367825491,0.638033162313901,-19,1019,19,-23.9473684210526,1017.07177033493,11.9138755980861,0.983030597130887,0.983030597130887,0.983030597130887,135,67,106,711.569377748516,741.225,656.745711560168,724440.681,0,3410.88374839804,0,269.025394988168,0,1174.58763811582,1
677281,-106,990,-38,0,1047,38,-48,1019,0,-44.0386266094421,1017.62231759657,1.36480686695279,0,1017.5222143673,0,51.3830602837177,1017.67234623519,14.5052898446186,703.839018795322,102.261913571112,209.439618173746,26.5299645456854,10.1124632790983,14.4720288202362,2.26906882338346,3.52151873665673,2.93559140228229,-0.234177731530696,-0.018856148675545,0.100175701706205,-58,1019,0,-43.444976076555,1017.52631578947,1.23923444976077,0.995848941803291,0.995848941803291,0.995848941803291,106,57,76,712.294661863026,749.769,709.467969809198,725916.831,0,3586.87156787052,0,308.874863551994,0,842.366415935936,1
680921,-97,990,-29,-38,1047,58,-58,1019,-9,-60.1545064377682,1016.62660944206,-4.62660944206009,-58.4373646959814,1016.54012817299,0,61.0084072163252,1016.66980135073,13.4802350942936,103.907059345864,88.2004957821518,161.002219920083,10.1934812182033,9.39151190076187,12.6886650172539,3.53732069978615,3.17425617770427,4.92368707897182,-0.393022389471975,-0.100006407806375,0.713792303891522,-58,1019,-9,-59.8851674641148,1016.74162679426,-5.10526315789474,0.975290617500515,0.975290617500515,0.975290617500515,59,57,87,711.962554792248,759.966,166.092235087405,725227.338,0,366.771128783644,0,206.130591416506,0,528.146487496752,1
684562,-116,971,-38,-9,1047,38,-67,1019,0,-66.0343347639485,1016.86266094421,-3.27038626609442,-56.6115623086533,1016.72651177309,0,69.3925822556201,1016.93066555236,14.9494139865338,456.757436732276,138.903470475063,213.706748557052,21.3718842578813,11.785731647847,14.6187122742413,2.48335061017583,3.67178731484323,2.90664986043354,0.183358376152374,-0.0548460106446634,0.0277513418237546,-67,1019,0,-66.133971291866,1016.77990430622,-3.36363636363636,0.987193082365666,0.987193082365666,0.987193082365666,107,76,76,712.5153531824,764.979,463.365087558122,726391.569,0,2710.74057647151,0,416.278688724275,0,709.029816885257,1
688203,-106,980,-29,-29,1057,29,-58,1019,0,-63.5708154506438,1017.18884120172,-3.37768240343348,-59.2232795314195,1017.0715087918,0,65.6039619865003,1017.2472806761,12.5631452282361,263.763282521829,119.403840461744,147.055017019387,16.2407906987877,10.9272064344801,12.1266243043721,2.54554462986397,4.74536336052118,2.72347316525777,-0.231538092941322,-0.318631519002074,-0.114481183897789,-58,1019,-9,-63.3397129186603,1017.27751196172,-3.28708133971292,0.984886876426762,0.984886876426762,0.984886876426762,77,77,58,712.544917591746,762.276,276.598003459348,726438.366,0,1287.77092931076,0,251.163773239677,0,467.071023910674,1
691843,-126,980,-58,-19,1057,38,-67,1019,0,-63.31330472103,1015.69098712446,-3.21030042918455,-55.5008458473117,1015.5832158153,0,66.4678437210584,1015.74497914631,13.3461669281416,411.164348083467,110.15409945242,168.537479650733,20.2771878741473,10.4954323137458,12.9821985676823,3.55300804690744,4.02193930236752,3.92225009665765,-0.278949561057085,0.224463799716031,-0.12848027729912,-58,1019,0,-62.822966507177,1015.51674641148,-3.29665071770335,0.984886876426762,0.984886876426762,0.984886876426762,107,77,96,711.544857953857,761.346,452.152964728364,724397.436,0,2340.74433546142,0,268.172511764242,0,555.844270781583,1
695484,-174,971,-48,77,1085,106,-58,1019,0,-58.2103004291845,1017.81115879828,4.1244635193133,0,1017.61767086388,0,66.4598688163777,1017.90798255255,23.213970190753,1032.9081693059,197.955564599674,524.126683439397,32.1388887378812,14.0696682476764,22.8938132131674,8.99631693142076,6.32900140752882,9.1398133007844,0.0743697376722264,0.135315543831006,2.0923124589187,-58,1019,0,-58.0765550239234,1017.95215311005,1.50239234449761,0.998391653892332,0.998391653892332,0.998391653892332,251,114,154,713.144057594388,764.052,1033.9806020786,727723.632,0.17018929826441,6323.79547290504,0,648.038577172164,0,2413.43529509197,1
699125,-970,390,-572,388,2123,650,-9,1000,0,-37.274678111588,1023.05150214592,9.28755364806867,0,924.792302686558,0,198.796777635562,1069.97903994552,148.316504164996,38295.1138819003,98644.1352671304,22005.9729909723,195.691374061046,314.076639161735,148.344103323901,6.95238144287153,2.80042074013946,5.86616345074909,-1.38932203732567,0.389718009542776,0.340434719389803,0,761,-48,-23.1578947368421,1013.46889952153,7.50717703349282,0.943109865417036,0.943109865417036,0.943109865417036,1358,1733,1222,732.639000932888,883.89,101779.783262664,843254.79,1.52511830439252,226120.241391454,0.279374247919516,572133.864783475,0.736395888679714,81917.0944489461,1
702765,-766,409,-621,407,1895,631,-19,1019,0,-43.3605150214592,1018.63948497854,9.60085836909871,0,875.672537189569,0,197.61701591346,1083.75498276176,165.33227046361,37332.5763652508,137488.541882492,27360.0081027083,193.216397764918,370.794473910403,165.408609518091,4.87163425459975,1.9808929897925,5.18872928611302,-0.869557057389003,0.168597121455695,0.315633409106141,0,542,29,-34.0717703349282,1009.62200956938,7.04306220095694,0.94997754553271,0.94997754553271,0.94997754553271,1173,1486,1252,731.373155917841,890.277,140226.215625141,867397.563,1.21044515248259,219916.011453753,0.290811973616025,842653.762443007,0.940581546527918,106940.83181133,1
706406,-834,438,-446,446,1990,485,-19,980,48,-62.549356223176,1019.34334763948,44.5064377682403,0,938.629472053248,0,233.933540321933,1058.24339631151,151.351422916615,51031.4986310493,81166.5798801242,21016.6303463075,225.901524189301,284.897490126053,144.971136252385,3.65176658203208,2.93041556402,3.34875959182841,-0.825370724805687,0.424023386744564,-0.241782868969016,106,876,38,-52.1291866028708,1013.87559808612,46.0430622009569,0.893684729061712,0.893684729061712,0.893684729061712,1280,1552,931,735.994515969874,916.551,89258.9493216848,837060.357,0.739835413369279,307141.160533932,0.347354768397574,467000.141332231,0.433053154910141,78614.5306657743,1
710046,-922,314,-543,427,2171,883,-38,1019,-9,-57.8412017167382,1015.37768240343,-3.25751072961373,0,831.396025687258,0,223.885154112013,1094.74185916015,187.667075776419,46980.5910537221,168189.744672192,35360.0799541217,216.750065867861,410.109430118586,188.042760972396,5.33189856900069,2.33820137781465,5.47630930071939,-0.954553923408448,0.225258632921613,0.574144077491617,-77,819,-9,-46.1818181818182,1005.03827751196,-6.59808612440191,0.970446265661395,0.970446265661395,0.970446265661395,1349,1857,1426,734.023269791569,910.863,171338.544982673,897378.459,2.00623362251547,280549.064152046,0.278199737021552,1031378.55751842,1.19719334672158,124866.149518888,1
713687,-990,295,-592,407,1971,718,-19,961,48,-56.4592274678112,1007.71673819742,48.3948497854077,0,865.729838944858,0,241.860004553409,1074.97855053958,188.270511253689,55547.0166494006,140689.678037591,33246.412387154,235.684145944102,375.086227469885,182.335987635886,5.00963366661232,2.47277862246311,4.95171989061853,-1.06593194645366,0.428642895982402,-0.0822321178736401,116,704,29,-40.3636363636364,994.244019138756,51.1961722488038,0.896951432292824,0.896951432292824,0.896951432292824,1397,1676,1310,731.584311893166,922.497,146503.613764945,873415.131,0.690777300567888,323754.557727622,0.306996412361874,834151.013648064,0.694884079478768,116401.579450625,1
717328,-796,323,-514,378,1952,699,-48,1009,19,-63.2231759656652,1030.44206008584,16.3047210300429,0,904.263754367608,0,213.64686478537,1084.86811168109,159.713114583484,41827.3292881457,115624.221844014,25351.2386414089,204.517308040532,340.035618493142,159.220723027528,4.09027183320209,2.74145180598085,5.37266819279301,-0.831343583696661,0.23351150607149,0.348931698363838,-48,876,-9,-52.9090909090909,1024.88516746411,14.9617224880383,0.940718409088889,0.940718409088889,0.940718409088889,1174,1629,1213,741.004763514372,910.173,118086.791276764,872416.365,0.976971029648279,250497.026475222,0.391822705908116,697253.987503421,0.611891954307145,97055.4892845266,1
720968,-815,361,-533,398,2095,805,-58,952,0,-53.6437768240343,1001.32188841202,0.321888412017167,0,839.336787991066,0,202.911352978048,1077.48939630125,186.807823953197,38460.4285925707,159020.365768832,35047.4778377978,196.113305496008,398.773577069535,187.209716194961,5.07663121524795,2.12036140460062,5.67390632110715,-0.685417434867138,0.320864421118536,0.372421686375922,-106,742,19,-45.488038277512,988.583732057416,-0.942583732057416,0.970446265661395,0.970446265661395,0.970446265661395,1213,1734,1338,721.915684060635,889.95,161763.184432665,864700.452,1.13559836870831,225891.540514839,0.31469598111223,954878.181289732,1.05181812173229,126294.297920678,1
724609,-514,438,-475,388,1790,378,-19,1000,67,-52.2660944206009,1008.69527896996,53.1502145922747,0,941.871970769044,0,198.761573474675,1039.87610684955,132.909372459408,36932.92888856,64151.4800207193,14903.921303833,192.17941848325,253.281424547319,122.081617387029,2.38774035967553,3.29996618893416,5.23433326470713,-0.3302939140567,0.349791146226428,-0.907575060115287,-9,1142,77,-49.4401913875598,1004.33492822967,58.7368421052632,0.865540130215395,0.865540130215395,0.865540130215395,902,1352,853,723.946283284615,888.888,66267.600428553,795820.854,0.322911375955129,215908.526434609,0.579318208145988,388964.76676588,0.444190730913519,72562.8839808284,1
728250,-766,333,-495,524,1990,718,-48,1009,-9,-57.4849785407725,1030.89699570815,-1.12017167381974,0,874.257981416475,0,207.309600323444,1102.19994797763,173.01401615305,39843.7508509694,152751.696240935,30061.6148068669,199.608994914982,390.834614947212,173.38285615039,4.3734664215614,2.09559447482749,6.52580943029409,-0.488345968190822,0.225254705487875,0.917933613284878,-77,714,-9,-52.0095693779904,1020.51196172249,-7.19617224880383,0.97605513390927,0.97605513390927,0.97605513390927,1290,1657,1213,741.334411936247,906.468,155364.206739856,900141.336,0.782146884948767,224316.660912008,0.260935819140457,927731.825082427,1.03727564664029,105471.344393807,1
731890,-728,352,-563,378,2038,757,-38,1000,19,-37.0171673819742,1017.11158798283,16.0214592274678,0,879.406815579762,0,196.405652305403,1081.49268766663,172.717251388038,37365.2755660796,135692.823701347,29702.0383306201,193.300997323034,368.365068514031,172.342793091617,3.86854546385461,2.39625391843692,6.7169004217651,-0.60807461228947,0.341695132843983,0.194195222783423,67,1000,-58,-28.8277511961722,1005.26794258373,17.4928229665072,0.929317937249798,0.929317937249798,0.929317937249798,1106,1686,1320,731.742414223199,900.837,140632.950043287,865384.971,0.622235849417093,218732.34101098,0.248747922673809,814032.262191892,0.678655482996786,102198.475198786,1
735531,-883,371,-485,349,2019,524,-29,1019,19,-65.5579399141631,1032.16738197425,35.8369098712446,0,925.05349815828,0,224.252262537569,1081.67691502493,160.432890787245,46189.4718440136,105106.545138375,24559.8353559272,214.917360499364,324.201395953773,156.715778899022,4.38849417050031,3.10721460895949,3.77578772050828,-1.08032713654104,0.437646278622234,0.341605383790494,-87,876,-38,-52.1004784688995,1023.14354066986,32.5215311004785,0.927986198203788,0.927986198203788,0.927986198203788,1232,1648,1009,744.794711654955,915.372,107195.466672843,870990.864,0.705921285046767,274194.736410538,0.303589782073754,582066.49443159,0.541533130426764,109290.133227769,1
739171,-708,371,-553,504,2000,737,-58,1019,-9,-58.7296137339056,1006.60944206009,-9.82403433476395,0,840.939083534989,0,210.181568757809,1082.77436531359,174.762806759932,40902.6722657984,159823.695944946,30576.7576957229,202.244090805636,399.779559188493,174.862110520613,4.11707797954615,1.96921356724157,6.0722535004768,-0.33102110286399,0.213356507714035,0.755837301848087,48,1276,9,-53.7655502392345,996.105263157895,-15.2200956937799,0.972110142954994,0.972110142954994,0.972110142954994,1212,1629,1290,725.132415114398,897.237,163022.037304947,871735.941,1.01033345062297,242977.447389045,0.226757981730635,988358.371150488,0.826820505691265,104509.081951059,1
742812,-718,466,-446,436,1847,524,-19,990,58,-65.480686695279,1011.16738197425,48.5708154506438,0,934.328314496959,0,228.395062821047,1047.00604012998,155.161676720596,48082.9489788367,74080.1141038922,21809.6253514873,219.278245566761,272.176622993034,147.68082255827,2.70572317757278,2.68145269465299,3.95621306876316,-0.650462081321639,0.257560505531388,-0.171614159057918,-19,1057,58,-58.5071770334928,1007.91866028708,50.1052631578947,0.872915694300405,0.872915694300405,0.872915694300405,1154,1381,970,730.807842498658,910.974,82712.8819122183,819550.308,0.458420096461202,296093.998832069,0.285140167385511,441997.185225394,0.436662836208696,86927.9915811425,1
746453,-825,400,-533,417,2038,805,-48,1009,-19,-59.9141630901288,1012.26180257511,4.59656652360515,0,849.247430483959,0,219.755033339652,1086.69467542478,174.784563897456,44895.2512209561,156904.771681219,30660.1037812639,211.884995270916,396.112069598011,175.100267793239,5.08334267800802,2.05136223924272,5.8131137601547,-0.92709727477289,0.223528658412659,0.54314991686349,-116,742,-29,-47.5645933014354,1000.35885167464,2.47368421052632,0.970446265661395,0.970446265661395,0.970446265661395,1242,1638,1338,729.982237374736,900.822,161609.526066345,880563.318,1.11161182735658,260942.982329927,0.287493568528039,949969.678886892,0.75944628146897,113109.799884339,1
750093,-728,314,-543,388,2180,766,-38,1028,0,-48.4678111587983,1020.78111587983,7.01716738197425,0,864.05906699071,0,199.981061335077,1091.20520447955,175.086526738906,37805.5517611366,149375.809641853,30737.9738419417,194.436498017056,386.491668269644,175.322485271975,3.52016970714844,2.6155378482412,5.20184610621455,-0.399590018780354,0.325417707909635,0.659995448932845,-155,676,0,-43.0239234449761,1009.28229665072,1.84688995215311,0.956388717648926,0.956388717648926,0.956388717648926,1116,1866,1309,734.786669945681,906.432,152282.370225509,881702.184,0.614697142142407,222023.008582184,0.341179521740154,920684.264477102,0.800273775926142,122003.216879932,1
753734,-718,428,-417,339,1866,679,-9,1009,58,-47.9184549356223,1031.669527897,47.2961373390558,0,945.372345252544,0,210.290571504096,1072.16514125799,158.477005819111,42106.6614251887,85563.2998002072,22976.6489936362,205.199077544683,292.512050692287,151.580503342733,3.81190434198283,2.80294511660106,4.73354040676006,-0.991315812988472,0.352631653115775,0.0590809330381488,9,838,67,-35.2631578947368,1025.2966507177,48.3301435406699,0.859857266024131,0.859857266024131,0.859857266024131,1057,1438,1096,742.486435189191,913.254,89292.7499539703,851993.748,0.533937277259728,232855.12032131,0.409354496463481,480472.700121911,0.670002171678589,89002.1688447495,1
757375,-718,400,-640,495,2057,844,-58,1028,0,-55.8927038626609,1017.63519313305,2.81115879828326,0,863.624426719119,0,199.001897892475,1089.02238121221,192.065964616192,36634.9927482611,151036.586169898,37040.4038404618,191.402697860456,388.634257586613,192.458836742982,4.0480671526892,2.19790122773603,7.47167346131703,-0.463005089501781,0.271924646156048,0.843366621134655,-135,447,19,-49.7703349282297,1004.25837320574,-3.18181818181818,0.962347604615738,0.962347604615738,0.962347604615738,1213,1657,1484,733.424027319436,901.449,154236.935195789,882460.125,0.721699299795009,210604.517204818,0.282745006841337,917659.400671828,0.997004092530009,119180.036612585,1
761015,-699,457,-514,339,1809,446,-19,1019,48,-57.7725321888412,1024.81545064378,37.4077253218884,0,940.843057718703,0,215.521376014801,1064.11672050099,152.964945912819,43297.6247595087,82451.5563119728,22093.7597676484,208.080813049903,287.143790307178,148.639697818747,3.15331053337741,2.67271966363491,4.23426029592177,-0.734267502705449,0.268450243727815,-0.627658044292372,77,1171,19,-48.2296650717703,1018.71770334928,42.5885167464115,0.871093275317016,0.871093275317016,0.871093275317016,1038,1352,960,738.606211545916,913.425,85832.6251369322,840332.301,0.405454176445558,262997.503440755,0.2804030412573,495690.037596267,0.396653185303431,99237.2311308776,1
764656,-864,361,-553,485,2142,524,-48,990,-9,-59.0171673819742,1026.09012875536,-0.854077253218884,0,868.258261949336,0,230.03609532031,1097.84263473586,166.242118790894,49646.6548764244,153054.384083173,27754.8320630457,222.815293183445,391.22165594861,166.597815300939,4.8480490832032,2.27477524474834,4.37314820026934,-0.905082921885553,0.278459548399112,0.169950368970699,-58,800,-19,-47.6315789473684,1016.65071770335,-2.72248803827751,0.966970648167851,0.966970648167851,0.966970648167851,1349,1781,1077,739.721438476453,912.117,156178.091301756,898782.237,1.14633507215386,295754.295916184,0.246217887256233,932578.178355195,0.989476200871063,114359.632546506,1
768296,-893,342,-786,485,2076,883,-58,1057,-19,-58.4592274678112,1016.29613733906,-7.60515021459227,0,850.14066454684,0,223.119023645332,1090.96786379266,193.316103519154,46564.4649252627,158031.286924671,37474.1106630161,215.78800922494,397.531491739549,193.582309788411,4.32370096833094,2.00236535359838,7.43936956677338,-0.630545128592304,0.178253874077507,0.687424529154788,116,685,-29,-49.5598086124402,1006.88038277512,-11.8995215311005,0.970446265661395,0.970446265661395,0.970446265661395,1378,1734,1669,735.168371927461,915.414,163959.05164532,892877.502,0.651829553609135,270125.498243051,0.208762956627098,965755.005740302,0.784824555255215,116555.761168926,1
771937,-708,457,-524,300,1828,514,-19,980,48,-65.8540772532189,1004.43776824034,43.7811158798283,0,939.171501325607,0,226.264591211377,1036.16998622009,144.650162557451,47060.8837871837,65032.1178777564,19088.8096418529,216.935206426213,255.013956241137,138.16225838431,2.63287522587075,2.62784129617244,4.98653143032899,-0.69679757976087,0.330177267139522,-0.534994195814575,38,847,87,-56.2153110047847,998.894736842105,47.5071770334928,0.876517834460892,0.876517834460892,0.876517834460892,1008,1371,1038,725.082025617538,900.369,76418.2583768707,800891.535,0.312436424423483,287880.714375426,0.367460718147053,388306.258545565,0.58893793991621,86801.0057351946,1
775578,-737,371,-504,398,2142,601,-48,980,0,-52.4077253218884,1019.66094420601,2.87982832618026,0,858.56287968072,0,206.412011411486,1094.40451011482,180.710673839386,40031.1563193725,158693.880235312,32788.7785999704,200.077875636894,398.364004693335,181.076720204366,4.08506276486801,2.34189644912479,4.53684144885684,-0.642118773416553,0.333826190685265,0.257114689809665,-97,1428,-29,-44.3062200956938,1006.06220095694,1.17224880382775,0.961385697090458,0.961385697090458,0.961385697090458,1135,1771,1105,734.628781504152,907.521,162666.131468083,889815.465,0.952397344190271,235364.96202353,0.313235781541159,943181.232731443,0.841290089000637,123173.762619951,1
779218,-582,438,-485,485,1933,660,-48,1057,9,-53.8111587982833,1030.08154506438,25.1072961373391,0,912.849914856787,0,216.034490967423,1082.11767227615,196.410383194498,43963.94694391,110384.420045878,38110.2255068818,209.675813922135,332.241508613656,195.218404631535,2.91601117777033,1.99169768889647,4.49101283349839,-0.238936365679234,0.0221252426317948,0.654336098660921,-48,1057,-29,-49.3923444976077,1025.93301435407,17.3923444976077,0.938275542279411,0.938275542279411,0.938275542279411,1067,1495,1145,745.844415790133,933.969,117971.923778376,878102.391,0.870664525291526,264407.817132112,0.220153988026995,675911.505250416,0.342183258744165,177640.114160224,1
782859,-951,361,-524,378,2095,533,-58,1000,19,-97.5536480686695,1013.38626609442,14.8412017167382,0,886.608020787534,0,242.975581174756,1071.90888449176,149.328712502594,49733.8688767205,122562.95360367,22173.9703640669,223.01091649675,350.089922168106,148.909268899108,5.50544520441286,3.24958950473263,4.50783560008611,-1.240755487878,0.478275338728167,-0.225007668859751,-106,923,19,-82.7416267942584,1001.17703349282,17.1004784688995,0.95535170719716,0.95535170719716,0.95535170719716,1329,1734,1057,732.144758647336,899.319,126264.247434769,859997.073,0.551717002031957,299799.676268667,0.365437867256878,730392.883274648,0.798215776199343,99851.4329686466,1
786500,-815,323,-621,485,2180,621,-58,1028,-19,-63.068669527897,1013.77682403433,-10.1974248927039,0,843.76774667472,0,219.491873205897,1091.83006585451,174.567546600679,44389.5383676187,165057.846529525,30500.7453381678,210.688249239531,406.273118147786,174.64462584966,4.49070599395996,2.39525252629248,5.08828456309974,-0.586557557716616,0.341180830823838,0.133494687615319,-106,1314,-19,-55.3397129186603,1000.64593301435,-10.3875598086124,0.973724889340934,0.973724889340934,0.973724889340934,1300,1857,1242,731.062792377468,907.659,168214.948909839,888249.639,1.1211926216118,260082.293841929,0.243145307989408,1004584.77668855,1.07208216526447,114262.472114402,1
790140,-708,523,-524,349,1885,611,-58,1028,48,-82.3347639484979,1035.34334763949,37.6952789699571,0,972.651898038163,0,225.209849684355,1065.95014941133,160.407782393376,44129.8615879828,64591.088500814,24414.5058827882,210.071086987198,254.147769025844,156.25141881848,2.84259279924376,3.19618164647383,4.26941256787977,-0.528779348806187,0.402883877072544,-0.102127680076051,-58,1133,48,-74.1435406698565,1027.52631578947,37.7894736842105,0.91829583405449,0.91829583405449,0.91829583405449,1057,1362,1135,747.56972798015,932.154,76704.8602689882,847677.198,0.228928535938096,269532.561630872,0.217765866154794,382678.926864284,0.412881305095674,110775.425198123,1
793781,-669,352,-660,407,2133,834,-67,1000,-19,-68.6781115879828,1026.86266094421,-18.0901287553648,0,872.843766504255,0,202.757323391391,1098.59644556798,179.203806577443,36550.7192171082,153124.412091165,31923.7633935178,191.18242392309,391.311144859388,178.672223340725,3.76706785281603,2.35980820803035,7.54657279032042,-0.421814055411356,0.32974396118525,0.510546797540886,-116,600,-9,-63.7416267942584,1014.22488038278,-20.1578947368421,0.985481497018526,0.985481497018526,0.985481497018526,1076,1781,1494,739.097243871031,908.88,157607.059996156,894816.942,0.967887687463448,208660.488019958,0.265154056718424,912797.384802174,0.821363061327102,102911.403636872,1
797421,-631,438,-660,427,1942,980,-48,1019,0,-59.6609442060086,1001.02145922747,-5.96137339055794,0,881.400250376678,0,188.192908515307,1057.49209759728,175.217400217718,31994.4578215184,116746.633158206,30797.7786739677,178.869946669412,341.682064437404,175.492959043854,3.51482322186147,2.20048897691627,8.62997796084048,-0.499301363146399,0.258704458613608,0.607209818999736,29,647,-48,-53.5406698564593,990.253588516746,-7.38755980861244,0.960411317034829,0.960411317034829,0.960411317034829,1058,1504,1640,719.299698233765,880.218,122109.449876146,827900.664,0.54238205773987,186346.458038338,0.268692229790125,711327.53550778,0.715148522591618,107487.275648291,1
801062,-854,380,-640,368,2038,592,-38,990,29,-82.7038626609442,1024.55793991416,26.8712446351931,0,927.844751754981,0,220.941508582231,1068.20516105026,160.706367268651,42156.1489936362,91737.0149474619,25212.6816264614,205.319626420945,302.881189490965,158.785017008726,3.49995976733069,3.35691689302985,5.32051117875743,-0.808519292136885,0.385822544081646,-0.249572770470317,-38,1228,38,-72.6363636363636,1018.46411483254,29.2583732057416,0.921130527804666,0.921130527804666,0.921130527804666,1222,1658,1232,738.522221799156,912.381,95997.6334018184,849777.063,0.764259816374921,247131.790879556,0.333105761513578,536636.248862552,0.481237433026329,96512.2213140345,1
804703,-883,333,-689,485,2085,844,-77,1038,-29,-68.5579399141631,1022.49785407725,-17.8454935622318,0,848.093615820706,0,210.269334742485,1101.05176795106,198.212570680988,39683.3166715998,167532.156245375,39137.7346455527,199.206718439916,409.306921814639,197.832592475438,4.58426799440955,2.30269134751846,7.79724595478562,-0.37823337222257,0.269010434014451,0.69038505444855,-116,580,-48,-64.0717703349282,1009.1004784689,-22.7751196172249,0.986064065001985,0.986064065001985,0.986064065001985,1368,1752,1533,738.997984898319,915.066,171386.621702408,905775.672,1.60497925004344,221498.901040627,0.273104521957074,1013557.88649205,1.0088941092947,117450.388149337,1
808343,-1000,447,-592,330,2561,543,-38,1009,48,-71.31330472103,1011.32188841202,30.0515021459227,0,914.374285954888,0,218.906235439201,1058.72787864968,149.850282936461,43018.9833136007,98555.745079177,21644.9111291993,207.410181316156,313.93589326354,147.122095992408,4.11227702481297,4.55418031084435,5.02434148461102,-0.767138487823546,0.662030129799837,-0.452365766478089,97,1285,48,-63.8851674641148,1001.92822966507,33.7894736842105,0.91829583405449,0.91829583405449,0.91829583405449,1330,2114,1135,727.806104479971,900.702,103248.754795599,832704.558,0.472876843623271,254802.304227491,0.313608830314023,559882.441291853,0.531854720323816,84748.7379704991,1
811984,-990,466,-504,349,2238,572,-29,980,0,-52.1287553648069,1021.97424892704,-1.88412017167382,0,916.288113964361,0,217.327110507119,1075.28083565945,156.738882391125,44705.5350747373,112279.395885748,24669.4046174338,211.436834716038,335.08117805354,157.064969415315,4.88319055598768,2.98719921147583,4.69284648282596,-1.04881015376738,0.560958870558952,0.179185350988253,29,809,38,-39.1674641148325,1008.06220095694,-2.84688995215311,0.945450091090668,0.945450091090668,0.945450091090668,1339,1772,1076,735.605987802904,902.373,118158.985687162,858390.891,1.27027224851637,262053.786593444,0.308591781027649,649096.713064048,0.861399487921602,93093.4039251419,1
815625,-378,676,-349,281,1466,252,-38,1009,29,-70.7811158798283,1015.15879828326,23.9570815450644,0,995.12653427683,0,161.942049720915,1024.93414422586,106.214900791813,21306.706193577,20028.5738123428,10753.8171155838,145.968168425781,141.522343862525,103.700612898786,2.34599189204649,3.29230464504615,3.2633630701649,-0.221589168340924,0.167081158597601,-0.46453502261135,-48,942,67,-70.1387559808612,1013.77990430622,26.4832535885167,0.941920552208841,0.941920552208841,0.941920552208841,659,790,601,722.078801191311,856.08,24128.0220211125,760509.786,0.462581868420116,127899.782085766,0.732579272447534,108751.868798957,0.392697093106896,53769.7226629906,1
819265,-456,638,-572,291,1914,378,-48,1000,19,-48.2832618025751,1022.52360515021,27.9227467811159,0,1000.19615888746,0,132.960770619026,1035.38117216502,120.753179966836,15413.44527897,26573.6987938434,13861.1405579399,124.150897213713,163.014412840839,117.733345140363,3.4547389833101,8.90076898637164,5.50054303130864,0.0187276787153275,1.64785900888038,-0.178438340781163,-58,1057,9,-49.133971291866,1011.90909090909,27.0382775119617,0.945450091090668,0.945450091090668,0.945450091090668,747,1276,950,725.252825057785,852.018,28734.7978404616,771887.574,0.738110939556294,88073.4360735809,0.556066226770258,119413.87481976,0.401120102027238,65061.4859334684,1
822906,-262,914,-223,155,1133,48,-67,1009,-48,-66.5107296137339,1013.01287553648,-45.31330472103,0,1011.62932989687,0,104.726928789753,1013.70853164234,57.000715303094,6572.25958265503,1415.97828178186,1200.94021015244,81.0694738027516,37.6294868657793,34.6545842588313,3.7542009064879,3.6614407803837,5.41288420193526,0.366191119517363,0.256877803305821,-0.501228067581522,-67,1009,-38,-67.8708133971292,1012.65550239234,-44.8086124401914,0.97605513390927,0.97605513390927,0.97605513390927,417,219,271,712.991773087634,804.327,6783.07517564072,728233.437,0.116165386195541,42655.8420542656,1.11744935499818,6308.18951830038,0.286623635925558,5402.92288335991,1
826546,-203,914,-116,67,1104,29,-67,1019,-48,-77.9055793991416,1013.08583690987,-43.4763948497854,0,1012.34626026634,0,93.9748391127439,1013.44710908782,51.4149992309904,2773.89621873613,735.285703714668,756.552242119284,52.6677910941415,27.1161520816407,27.5054947623067,3.27069114745573,5.52448080501042,2.83991610911036,-0.381493979774415,-0.749150716409485,-0.0481951527453092,-58,1019,-48,-77.0047846889952,1014.41148325359,-43.4354066985646,0.944286371037645,0.944286371037645,0.944286371037645,270,190,145,712.097828993689,795.663,2899.49112059935,725946.321,0.0929651589028657,15789.718770935,0,3826.34261342348,0,3803.45098228764,1
830187,-300,933,-184,145,1133,29,-67,1009,-38,-70.5064377682403,1013.38626609442,-45.6266094420601,0,1012.33718241976,0,113.189195559542,1013.91936808532,53.1742217063612,7874.43207044552,1085.41912091165,748.92463371319,88.7379967682701,32.9456995814575,27.3664874200762,3.19131514131938,4.78504284038637,5.68525953911844,-0.104986297177757,0.618305743479371,-0.79894878551897,-106,1019,-38,-69.7799043062201,1012.12440191388,-44.7894736842105,0.96607085007238,0.96607085007238,0.96607085007238,445,200,213,713.707249089626,805.638,7984.74634230679,729526.572,0.0862496868822617,51148.4669032326,0.778972194395925,5616.22600562686,0,3579.66464693411,1
833828,-155,942,-77,-38,1066,9,-87,1009,-38,-85.3605150214592,1012.60944206009,-42.5278969957082,-77.9672921828404,1012.23262423081,0,88.6531312611316,1012.79640074213,45.3621100704422,575.429813526713,380.299393221844,250.172709782447,23.9881181739359,19.5012664517422,15.8168489207695,2.65671075827571,4.13348717492576,2.88917242975437,-0.13207745079267,-0.337200973361451,0.223574360238949,-97,1009,-38,-84.933014354067,1012.93779904306,-42.7942583732057,0.919719810367747,0.919719810367747,0.919719810367747,117,124,86,711.231145464583,797.262,603.608276847575,723935.88,0,3065.24276781351,0,1855.71882828827,0,946.663778215601,1
837468,-155,914,-97,-19,1123,29,-87,1009,-48,-83.6609442060086,1012.1974248927,-47.5922746781116,-75.4573163185063,1011.48888458966,0,86.5055258846722,1012.55180972727,51.2477362632049,486.138856001184,720.633269202309,362.863215924227,22.0485567781926,26.844613411303,19.0489688939907,3.21248691933715,5.30305917015282,5.25375816139346,0.296313096897218,0.130754761941208,0.68656779648325,-97,1009,-48,-84.2200956937799,1012.24401913876,-48.2105263157895,0.925283404738505,0.925283404738505,0.925283404738505,136,209,126,711.011611394551,799.782,751.116102005431,723724.122,0,2580.65612395304,0,3226.4935295938,0,1272.40527451174,1
841109,-291,933,-145,155,1142,29,-77,1009,-38,-81.4978540772532,1012.10300429185,-44.412017167382,0,1011.25713728583,0,107.980426616072,1012.53311290102,51.5927432765334,5039.50107296137,874.566930590498,692.355372206601,70.9894433909815,29.5730778004336,26.3126466210946,4.67230571899113,5.20671155832932,4.42709190242491,0.233830061507499,0.695070345558815,-0.428069286545821,-58,1009,-38,-82.8564593301435,1011.05263157895,-44.0334928229665,0.948864753538756,0.948864753538756,0.948864753538756,446,209,174,712.391868046226,804.015,5059.98517230615,726641.877,0.223291299533334,27557.5990962833,0.763222107716014,4153.6466198902,0,3427.60013051997,1
844750,-563,447,-368,378,1761,300,-29,1009,-9,-38.1416309012876,1026.09012875536,-4.39914163090129,0,958.989194008085,0,172.14198401594,1057.68533212982,112.006073563095,28299.535888708,66121.0909797248,12579.9994820187,168.224658979318,257.140216574002,112.160596833374,3.35668570656095,2.95350026313307,3.56583634885784,-0.343543454066195,0.290876835919226,-0.0120095747236166,-58,990,0,-34.0622009569378,1020.48803827751,-4.01435406698565,0.966970648167851,0.966970648167851,0.966970648167851,941,1314,668,730.409872203213,868.827,70134.3441337972,811452.663,0.645298375814883,174849.248851097,0.370507971088548,391795.500574871,0.555731639183955,56049.4699399203,1
848390,-533,476,-475,407,1914,446,-9,1000,-19,-30.8927038626609,1012.63090128755,-35.0214592274678,0,940.279380248549,0,188.900227997054,1048.45406529739,150.960558189069,34878.6306792956,74152.8373168566,21655.5297099304,186.758214489472,272.310185848522,147.158179215192,2.79109398592588,3.55305765374499,3.30753409250481,-0.340905900832611,0.579327231397996,-0.172148121267319,-19,885,-19,-27.9282296650718,1002.24401913876,-32.6363636363636,0.959424446955987,0.959424446955987,0.959424446955987,940,1438,921,727.129902767474,891.813,79123.1374498675,809252.091,0.407264202698028,210004.37903605,0.667502905593104,419447.433378272,0.652495879326716,87923.152903312,1
852031,-446,619,-213,427,1609,339,-48,1019,9,-61.6266094420601,1018.23605150215,14.8326180257511,0,1004.9153285972,0,152.165696336694,1024.94452691929,76.8524029910162,19439.9935992304,13765.7069705491,5710.79513837502,139.427377509693,117.327349627225,75.5698030854588,4.19219191938057,7.80440562358204,6.65194571988052,-0.263377217128949,0.779597277660129,1.14966973179968,-48,1019,9,-58.7655502392345,1014.5980861244,10.8755980861244,0.972923650378463,0.972923650378463,0.972923650378463,873,990,552,721.50845259347,823.446,21162.0469086994,754620.81,0.771208469608146,117339.16619979,13.8342438833549,64334.542576038,0.84825386028862,28883.8061706797,2
855671,-611,533,-475,407,2085,417,-67,1000,-9,-66.0600858369099,1016.91845493562,-3.84549356223176,0,974.972153493681,0,206.594708041029,1038.25009598005,141.344403296868,38482.5998224064,44029.0838389818,20049.5018869321,196.16982393428,209.831084062828,141.596263675748,3.16402968910605,5.63396148194346,3.77191867215963,-0.323228053160636,0.812330253114723,-0.2295201738654,-77,1028,-19,-60.5837320574163,1010.53110047847,-1.64114832535885,0.966970648167851,0.966970648167851,0.966970648167851,1018,1552,892,732.163145586752,899.928,46712.1902376027,797295.39,1.31915779081876,188657.13285326,1.61445609567268,199709.328153686,1.00094406912975,90083.6145846018,2
859312,-533,619,-339,194,1752,446,-38,1000,29,-53.9570815450644,1020.87124463519,14.9270386266094,0,974.098448471695,0,138.008832210987,1044.81651879166,106.656200309113,16204.6188397218,49676.6643850821,11200.8006881752,127.297363836498,222.882624681876,105.833835271029,4.29213354763473,2.2870260591187,4.68521224429992,-0.97746543912925,0.38255373781253,-0.105198335874745,-77,780,-9,-46.2631578947368,1013.83253588517,16.3205741626794,0.944286371037645,0.944286371037645,0.944286371037645,727,1133,785,722.900184027207,840.363,55970.7556636489,784322.415,1.02944025544275,96566.1880971002,0.238447682580642,283914.38761068,0.789280614307193,38881.5888501632,1
862953,-446,695,-233,165,1571,563,-29,961,38,-48.7424892703863,1012.42918454936,29.618025751073,0,984.326308886359,0,122.661525285673,1027.27267986562,103.805798377663,12724.6316782596,30406.8063859701,9941.08191505106,112.803509157559,174.375475299625,99.7049743746572,3.63844333848649,2.67682014394841,6.13950129754785,-0.76578949280255,0.580199568802249,0.20127304253948,19,847,87,-42.6842105263158,1005.98086124402,31.1578947368421,0.898564180306687,0.898564180306687,0.898564180306687,611,876,796,716.169461617653,829.608,33781.6661731288,755696.346,0.354504298576679,74392.1651429779,0.308102166668608,170384.240518666,0.68426322355428,40695.3717899537,1
866593,-689,714,-349,203,1819,378,-19,980,38,-50.7596566523605,1024.21888412017,34.725321888412,0,993.348013042685,0,144.932084139005,1041.48864859403,102.816328590807,18508.2006067782,35828.0510211632,9405.71733017611,136.044847777408,189.282991896164,96.9830775453951,5.1136235275411,4.40852102343793,4.47631244367995,-1.26679981562531,1.0423151758268,-0.376722492396607,58,857,48,-40.7942583732057,1012.2966507177,37.2775119617225,0.890362852095554,0.890362852095554,0.890362852095554,892,1105,727,725.631372136053,843.093,42451.3652030381,780276.303,0.401169426420757,101410.330199832,0.395999173036845,191625.709705519,0.829334850395665,38517.6731854284,1
870234,-611,676,-446,611,1790,271,0,1000,29,-37.9871244635193,1011.57081545064,19.5236051502146,0,987.541215485037,0,195.605574492478,1024.69737184335,126.93060183582,36977.2196610922,26844.4012135563,15798.009138671,192.294616828169,163.842611104548,125.690131429126,3.71719308834699,6.32375266381927,4.16713568161481,-0.460818492768718,1.12956770324492,-0.797299099491758,67,1000,19,-32.8851674641148,1003.62679425837,25.0956937799043,0.880063311017548,0.880063311017548,0.880063311017548,1222,1114,717,724.708055439203,876.336,40345.8560658646,771959.958,0.734772939049939,209660.06131307,1.05367052019266,127474.563877147,0.405220992086758,72667.4390876872,1
873875,-757,238,-572,427,2314,417,0,990,0,-19.1716738197425,1021.25751072961,-8.07296137339056,0,950.199412178084,0,185.33335005815,1054.49123464754,135.972810334326,34127.3669527897,69282.2092644665,18502.8437916235,184.735938444012,263.215138744842,136.025158671561,4.17815176105016,6.07164340667622,4.26957454962848,-0.665170632751418,0.871918888166426,-0.37320026487061,-77,838,-48,-12.6507177033493,1011.9043062201,-6.17224880382775,0.925283404738505,0.925283404738505,0.925283404738505,1184,2076,989,730.958915538593,884.079,73252.6131136336,814187.385,0.626634612944101,197362.493635398,0.968867899717725,379514.407442327,0.556777024168477,62777.560447672,1
877515,-543,704,-398,475,1561,378,-77,1000,0,-69.9785407725322,1023.75965665236,-1.75536480686695,0,1001.16123059798,0,175.119811837079,1035.85253809927,123.274546171972,25881.0297099304,25014.0023309161,15259.0217922155,160.875820774691,158.158156068273,123.52741312039,3.38190817823508,3.9895041494735,3.5124844520229,0.124111968400424,0.827326674454418,-0.364733439400045,-116,952,-38,-70.2535885167464,1015.1961722488,1.80382775119617,0.976807436283293,0.976807436283293,0.976807436283293,1018,857,776,731.046336344649,881.322,28450.3259529118,782078.976,1.7511279066903,139831.369131156,2.66769127674763,112935.046768877,0.402180388693133,50143.5993892472,1
881156,-611,485,-563,349,1657,320,-29,1019,0,-17.0987124463519,1016.17167381974,-4.66523605150215,0,994.269040761027,0,145.43612080928,1026.02679231138,120.999219661939,20949.2100414385,20212.8583321,14682.0598638449,144.738419369007,142.171932293614,121.169550068674,3.2760093466209,6.49582563597529,6.14301174402167,-0.166622248837073,0.124008717453292,-1.28714104436106,-67,1019,97,-15.8133971291866,1015.47846889952,4.49760765550239,0.941920552208841,0.941920552208841,0.941920552208841,960,1172,883,722.532025320204,855.735,25087.3503657603,760877.895,0.857975478477159,122364.181180014,12.9228258856641,97828.2342451435,1.2570688673215,52563.0400615278,1
884796,-708,628,-436,320,1809,388,-87,980,0,-94.5321888412017,1012.31330472103,14.1072961373391,0,971.056454360381,0,217.156892314815,1034.98809472533,170.912885974916,38385.5258990676,46622.224692911,29137.2513689507,195.922244523351,215.921802263947,170.696371868153,3.33389316863236,3.89536653054187,2.3914803889763,-0.546255947192252,0.919816056763823,-0.0295268302235868,-116,1019,-126,-87.2296650717703,999.645933014354,15.2200956937799,0.971284352865252,0.971284352865252,0.971284352865252,1028,1181,824,735.173272962067,922.68,47198.9728973282,802150.512,2.12844282777756,201469.89359525,5.48344685597046,217709.719270218,1.01326407932686,107592.700022068,2
888437,-737,657,-660,621,1590,456,-87,990,-9,-84.0772532188841,1015.12875536481,-11.7124463519313,0,989.506467183914,0,237.547935076749,1028.26814900885,142.091625520009,49572.7957303537,26964.7247299097,20139.2833357999,222.649490748022,164.209392940568,141.912942805792,3.49257370287113,3.07803303233029,5.69025206392165,0.414433531460313,0.488626544574786,-0.79017988565971,29,866,-9,-91.0765550239234,1010.85645933014,-5.5933014354067,0.972110142954994,0.972110142954994,0.972110142954994,1358,933,1116,735.444343611128,913.08,50220.5789085543,792634.152,1.42982693922152,265079.250917932,1.8697161881388,93977.809543488,0.894086225151731,63758.0194869677,2
892078,-621,619,-640,504,1800,300,-38,990,9,-35.3605150214592,1025.07296137339,-7.60944206008584,0,990.132369671487,0,174.367661981987,1043.65828193047,132.60365610998,29279.3780893888,38613.7575847269,17601.3683587391,171.112179839393,196.503836056009,132.670148710021,3.48449326379873,3.85822108050268,6.41263871379418,0.139268927143223,0.751518660237362,-1.24046682441014,38,933,48,-37.2775119617225,1014.96172248804,0.856459330143541,0.939503413426053,0.939503413426053,0.939503413426053,1125,1181,940,731.847650004002,880.164,45143.4840686166,794910.084,0.837972682214576,153446.003654389,1.05229212988774,163396.016293385,0.821010595603113,68260.6349503198,2
895718,-504,514,-543,436,1666,368,9,1000,-9,-0.433476394849785,1022.69098712446,-12.4549356223176,0,956.86000385418,0,188.492176042361,1054.21267939186,130.292309200927,35682.2552538109,65749.7058235903,16893.464555276,188.897472862426,256.417054471013,129.974861243534,2.88513183415011,2.36038307143468,4.23772652178077,-0.290162001010584,0.222307687278141,-0.503525429547688,58,790,-9,3.61722488038277,1018.2009569378,-8.55023923444976,0.933234833029941,0.933234833029941,0.933234833029941,940,1152,911,731.520258653383,886.908,70234.0625413057,813544.962,0.532590475559954,216144.456428685,0.356714533517036,384411.383970517,1.04614961837249,60474.2737155813,1
899359,-689,504,-485,553,2819,349,-9,971,19,-12.8111587982833,1013.17596566524,-0.180257510729614,0,949.329332344481,0,193.901671908983,1049.10858543543,128.817867232985,37595.0848749445,74422.6973508954,16665.536332692,193.894519971413,272.805237029818,129.095067034694,4.45290316696938,10.4131775390452,5.55174921897722,-0.15998810446502,1.58376710407145,-0.888282203750548,38,933,38,-11.3923444976077,998.933014354067,5.47846889952153,0.916858570534222,0.916858570534222,0.916858570534222,1242,2315,834,725.28017582685,868.737,77461.5743486834,807219.687,0.879344870502393,222025.310399051,1.17397382188564,368275.098583047,0.982021225420298,53162.347635184,1
903000,-883,580,-359,184,1904,262,-38,1000,19,-74.3690987124464,1024.84978540773,9.24463519313305,0,993.165049009353,0,176.051348342519,1041.66136696792,130.220381044923,25573.0700754773,34891.0678555572,16944.607999112,159.915821842235,186.791509056373,130.171456161142,7.209284135239,5.8874865419535,2.75083067855073,-1.56321719851153,0.944077614918427,-0.513633935432298,38,876,77,-61.5454545454545,1018.69377990431,14.2535885167464,0.941920552208841,0.941920552208841,0.941920552208841,1067,1324,621,732.19775622368,876.702,36418.4386236659,791973.87,1.62923598274785,144125.961065561,1.99550711883377,149313.901276255,1.41194257682868,72089.6217366886,2
906640,-854,590,-582,359,1466,504,-58,1009,-38,-100.304721030043,1012.01287553648,-10.1587982832618,0,974.208996538857,0,236.449860394729,1029.93736423577,183.372659327505,46045.1179517538,36758.6765576439,33666.8238123428,214.581261884056,191.725524011916,183.48521415183,4.31957124087403,2.69008175701753,2.793754574171,-1.02705968978876,0.0961314649571848,0.0643677661838266,-19,952,-87,-86.2248803827751,1010.25358851675,-9.19617224880383,0.98663459023677,0.98663459023677,0.98663459023677,1213,876,1086,739.773759044363,929.481,58368.217812356,804063.225,1.42142639390444,258658.113136855,6.98896098801293,180369.682482626,1.54871883968458,149057.213090077,2
910281,-728,523,-514,466,1695,359,-77,1000,-9,-81.8969957081545,1018.09871244635,-11.0257510729614,0,973.478351969504,0,210.398436652754,1039.23813089391,164.800139068236,37722.2824478318,43678.3652138523,27154.0596788515,194.222250135848,208.993696588802,164.784889109564,3.83324734812924,2.86922107932272,2.56488616709935,-0.355112314330781,0.16445113739244,-0.194493792556896,-58,933,-19,-77.9569377990431,1016.22009569378,-8.3444976076555,0.979694762241415,0.979694762241415,0.979694762241415,1194,1172,873,737.690692936961,917.34,52774.8398028083,804858.294,1.7398858110022,193210.323129859,2.7059790141825,232107.421197995,1.43928711985931,120059.844520338,2
913921,-543,571,-640,339,1790,300,9,1019,0,-1.78540772532189,1022.77682403433,-4.16309012875536,0,980.3994016301,0,186.387362573321,1044.31077749873,130.477926372189,34886.7899585615,44704.4327364215,17080.464666272,186.780057711099,211.434227920698,130.692251745358,2.48883231576734,3.93981300474648,5.33711577472854,-0.33075755846889,0.609934632297347,-0.652347607814076,58,1095,29,2.84688995215311,1015.4976076555,-0.320574162679426,0.915407991109138,0.915407991109138,0.915407991109138,882,1219,940,731.560154486673,889.071,53741.7373720996,798502.467,0.399275820490251,211786.122411587,0.458437209808148,247617.905275766,0.742411887081605,67139.2582657944,1
917562,-553,638,-592,495,1847,368,29,980,0,12.9484978540773,1015.73819742489,1,0,973.423731638389,0,176.946816771778,1038.45645400611,131.527522862655,31276.7473360959,46868.8751294954,17373.0517241379,176.852332006383,216.492205701488,131.806872825881,3.34637778135469,3.92092911342377,5.59058801011532,-0.138579853438513,0.797590004927489,-0.368203478876476,38,914,0,14.2488038277512,1005.52153110048,3.44019138755981,0.919719810367747,0.919719810367747,0.919719810367747,1048,1209,960,726.120892795099,869.469,52866.6292129755,787774.029,0.593227318452068,191808.506622109,0.340465338881188,238004.542862463,0.515607840792829,67633.5458384402,1
921203,-757,590,-456,388,1819,436,-48,961,0,-66.1502145922747,1017.30472103004,-4.43776824034335,0,966.313443388566,0,207.051972493151,1045.24604984713,140.838933360824,38660.5937176261,57878.8162276158,19901.3247743081,196.622973524525,240.580165906535,141.072055256554,4.20607024263865,3.52119541750436,3.73702303754846,-0.775055300068934,0.859454300693694,-0.295939783628755,-58,904,9,-56.2918660287081,1004.08133971292,-1.24401913875598,0.962347604615738,0.962347604615738,0.962347604615738,1145,1229,892,731.871242324976,892.317,58335.3485836067,807516.555,1.28504697949603,208264.684144808,1.08372654262301,319267.777455448,1.19613002676523,67283.9827881637,1
924843,-757,561,-407,310,1704,339,-48,990,-38,-80.4763948497854,1010.56223175966,-6.31330472103004,0,970.500580552536,0,218.69728426737,1031.81725808268,156.4622978349,41530.2936214296,43597.9454639633,24545.9402101525,203.789827080327,208.801210398703,156.671440314285,3.55976720349511,3.10748304450007,2.44494586247829,-0.788209852164113,0.676786668218112,0.0158630302269666,-48,857,-87,-69.1435406698565,1001.62200956938,-3.95693779904306,0.976807436283293,0.976807436283293,0.976807436283293,1067,1143,746,732.954715487868,912.777,54928.2413744396,794732.109,3.1336572715709,232360.222331573,3.12491311627715,205178.328317363,0.804798523304431,94640.5338759654,2
928484,-699,561,-446,436,1619,640,-58,980,-38,-98.7210300429185,1009.80686695279,-33.5622317596567,0,961.714319331579,0,258.406755914287,1033.99181682121,191.374495230929,57274.0209782448,49642.2254698831,35650.7816708598,239.319913459463,222.805353324114,188.81414584416,2.76297308894156,2.58983100526006,2.70607642602686,-0.453109219735538,0.398196991075744,0.224350973597217,9,752,-145,-92.6794258373206,1004.14832535885,-35.4593301435407,0.977547537637872,0.977547537637872,0.977547537637872,1135,1058,1086,743.563271687031,953.145,72479.3876592966,819603.591,4.72389030787064,306844.057809314,5.56011281941533,238051.596573555,3.67833420185755,153370.688206632,2
932125,-650,609,-378,436,1809,514,-48,980,-9,-63.6824034334764,1020.09871244635,-9.24892703862661,0,974.533673817871,0,207.817743689692,1044.14471848161,147.44948942377,39301.4418010952,49850.7617655765,21749.1532854817,198.24591244486,223.272841531559,147.475941378524,2.96789864002921,3.26422255187592,3.46463774481718,-0.394161667407993,0.667119458566116,0.159517517234602,87,952,-9,-58.5454545454545,1011.24880382775,-10.2822966507177,0.959424446955987,0.959424446955987,0.959424446955987,1086,1200,892,734.704976448505,904.668,50621.5861958945,807462.264,2.27478016749351,194674.067286009,0.949535887758654,228178.41886572,1.07689738549535,75958.0716936351,2
935765,-786,600,-669,378,1838,349,0,980,0,-19.0214592274678,1019.57939914163,-9.82403433476395,0,968.950748705531,0,192.64140896067,1045.3452106563,139.981313897046,36907.2969513097,53433.7878496374,19582.3007991712,192.112719389711,231.157495767793,139.936774291718,3.88874311463079,3.48704768444681,6.85116638565596,-0.609572596540606,0.571657035314426,-1.15579125699064,58,895,-9,-12.2918660287081,1012.02392344498,-2.688995215311,0.931942229302007,0.931942229302007,0.931942229302007,1164,1238,1018,730.168195813939,882.075,61665.9058265003,803467.011,0.654034670168877,218376.925555942,0.52218373583062,289955.138313414,0.745025899413098,71281.7100524147,1
939406,-650,552,-320,446,1733,281,-19,990,0,-34.862660944206,1028.03004291845,-1.63090128755365,0,989.412213100334,0,181.218657198254,1048.123487712,121.200433433126,31761.1103670268,41896.8913349119,14750.1907651325,178.216470526792,204.68730135236,121.450363379993,4.0493226227116,3.85530668409692,2.8573549392875,-0.656445427921848,0.713751721598733,-0.193642630158033,-29,980,-9,-27.7081339712919,1020.12440191388,0.272727272727273,0.938275542279411,0.938275542279411,0.938275542279411,1096,1181,601,735.072248143865,878.856,43575.5836971914,801118.722,0.922363222178619,187727.012946939,1.1626975334701,226118.445507398,1.34813089936745,58574.6794592762,1
943046,-747,514,-446,388,1723,679,-29,990,-29,-82.068669527897,1015.43776824034,-9.44635193133047,0,959.877905259123,0,237.217525715192,1043.38991719937,165.774382588948,49750.4090572739,57796.7127053426,27509.980945686,223.047997205252,240.409468834617,165.861330471228,3.17556058859931,2.68970904715787,3.9411938010283,-0.779911120001331,0.443362740882324,0.324041234495951,9,885,-97,-71.6507177033493,1009.56937799043,-9.74641148325359,0.959424446955987,0.959424446955987,0.959424446955987,1135,1209,1125,740.41665312269,924.06,69594.9457870626,819518.658,4.89444938888736,256382.497960736,2.58131123444075,241056.436878674,1.97526948403692,84489.0409824454,2
946687,-1135,438,-388,708,1742,572,-38,980,-48,-99.2103004291845,1006.82832618026,-26.0815450643777,0,957.838888389358,0,308.562122903942,1030.68071801566,176.90851397713,85735.8650658577,48808.9445389966,30748.3424596715,292.806873324138,220.927464428931,175.352052909772,3.5018881477078,2.8466425616925,3.30694716018076,-0.582127976326751,0.346732887013406,0.608448555454115,-106,800,-126,-90.3540669856459,1002.5980861244,-32.7368421052632,0.973724889340934,0.973724889340934,0.973724889340934,1843,1304,960,746.073971841152,963.006,87085.4517623167,830978.154,4.69876920664427,444412.852502842,6.79972445294795,190553.648569803,2.61922469780513,125775.455601251,2
950328,-844,552,-310,553,2000,349,-87,1000,-19,-83.8927038626609,1014,-18.0128755364807,0,968.0710909241,0,305.782939368081,1037.17589901307,125.021251412394,86837.9151620542,47742.75,15371.8231093681,294.682736450669,218.501144161764,123.983156555107,2.31705240987501,3.87461977091872,2.71628689664923,-0.00869906194789625,0.534592663312565,0.173001466743433,-378,1085,0,-82.5741626794258,1008.01435406699,-19.3397129186603,0.965158662990133,0.965158662990133,0.965158662990133,1397,1448,659,743.891684688392,958.764,91797.6938082435,828222.288,6.34590243911932,485218.83383771,6.0602031066046,182966.519911099,2.59028249758286,56522.4785484185,2
953968,-582,628,-427,436,1809,388,-29,980,-9,-40.8583690987124,1018.96566523605,-17.2618025751073,0,982.812566639538,0,213.29616316025,1037.99819105584,118.560174685512,44014.7514059494,39317.964333284,13817.8492674264,209.796928971683,198.287579876512,117.54934822204,2.8885244443267,4.31820612031947,4.71290402281163,-0.398352262378032,0.784125623404516,-0.116837763672749,-145,952,-38,-35.9234449760766,1010.25837320574,-15.6172248803828,0.954302115225832,0.954302115225832,0.954302115225832,1018,1181,815,731.500589357455,887.913,44043.6515385808,794757.417,1.28108999457444,256993.090474321,0.71325499686614,195628.650570355,1.18094408010925,46926.2175674015,2
957609,-718,580,-504,427,2000,359,19,1000,0,0.201716738197425,1019.96566523605,-0.96137339055794,0,967.669554717578,0,185.000951163313,1048.30057036945,125.431512697896,34372.8341349711,58856.7315746633,15799.9510877608,185.399121181766,242.604063392729,125.697856337174,3.90588833143424,5.05242845104069,5.32335446447803,-0.637733172123933,0.991212140287299,-0.701594229093911,87,866,-38,6.7177033492823,1006.44497607656,3.57416267942584,0.910976064835834,0.910976064835834,0.910976064835834,1145,1420,863,728.489678616823,879.621,64441.3500775027,803075.859,0.77512478141771,202024.579179239,0.341119748912547,316157.969450653,0.815887040928409,55749.4148983035,1
961250,-446,657,-582,310,2000,359,9,990,-19,-13.4291845493562,1027.02575107296,-25.2145922746781,0,990.624513984194,0,168.485057474764,1047.15889690381,136.468283035576,28328.4529376942,41939.8614029895,18065.3503033891,168.310584746457,204.792239606362,134.407404198538,2.60154233050212,6.02334309732693,4.88404261622224,-0.437870378748612,1.15129516230032,-0.490623798438951,-48,866,29,-8.2822966507177,1015.09090909091,-21.7894736842105,0.951077657590504,0.951077657590504,0.951077657590504,756,1343,941,732.759498166049,880.311,48377.5355116237,799343.241,0.65296626747417,170867.762933808,0.385031064754992,204889.631257654,0.960329566644441,68980.4543221547,1
964890,-407,733,-310,233,1542,106,-67,1000,-29,-62.7811158798283,1007.11158798283,-38.0643776824034,0,998.058506167922,0,131.112080611984,1011.88042559788,77.9018034908337,13306.0165384046,9669.74611513981,4639.7070445464,115.351707999512,98.3348672401596,68.1153950626905,3.13431675367428,7.94637013125319,4.34651703306733,0.0181324207480947,1.07783153645802,-0.781018399206726,-155,1000,-29,-63.0287081339713,1003.15789473684,-34.6124401913876,0.999963090861867,0.999963090861867,0.999963090861867,640,809,416,711.672426164246,819.042,14756.1739869936,731965.584,0.528329486647465,79159.2312071134,1.05990863351424,54163.6625167511,0.481897481488053,20307.7898773823,1
968531,-456,580,-388,320,1676,233,-29,1000,9,-12.8025751072961,1014.4635193133,1.43347639484979,0,979.825105834693,0,127.475875021301,1031.44513396384,91.4540152747338,16155.5298209264,34892.5859479059,8397.8242193281,127.104405198744,186.795572613234,91.6396432736842,3.32223215369536,3.87149230612829,4.67544074570251,-0.129625561462419,0.418370742376826,-0.405431212068306,-38,1019,-19,-10.9186602870813,1010.56937799043,2.89952153110048,0.953239922614272,0.953239922614272,0.953239922614272,776,1096,621,717.095458588914,826.155,35584.2846770971,760856.607,0.863515829664605,94698.9761069673,0.285094676917605,195557.61897704,0.756919897924358,35290.0563048286,1
972171,-650,552,-563,533,2009,359,-9,971,0,-16.7124463519313,1015.04291845494,-10.0343347639485,0,959.387754395536,0,165.704426861641,1045.50342515803,131.910003134859,27295.8005771792,63035.8257362735,17374.1281263875,165.21440789828,251.069364392141,131.810956018032,3.98166447401348,4.39834915624309,5.47824960725249,-0.286930316470679,0.962302265759776,-0.76207514369086,19,933,-9,-15.2822966507177,999.909090909091,-4.72248803827751,0.941920552208841,0.941920552208841,0.941920552208841,1183,1457,922,723.54339179514,862.977,65378.8316417575,795416.997,1.00917164395447,155113.731046728,0.550869127199565,337009.468351537,0.991498683827528,57168.2596861542,1
975812,-640,609,-427,339,1933,339,-9,980,9,-33.2360515021459,1022.42489270386,-9.07296137339056,0,987.191812501618,0,161.945176968466,1043.05058741031,107.754330345256,25229.8880050318,42785.4954121652,11578.3696536925,158.839189134898,206.846550399481,107.602832925962,4.48410739351117,7.33767381247859,4.73346940655438,-0.783298195538407,1.55678189455357,-0.722975332288399,-38,961,67,-26.1387559808612,1006.28229665072,-4.86602870813397,0.933234833029941,0.933234833029941,0.933234833029941,979,1324,766,725.937906749793,855.045,49086.2912991336,786928.443,0.848794332584335,137171.34578299,0.706884439174922,210887.834540168,1.09010349236174,42823.5918784513,1
979453,-475,695,-407,388,1342,271,-174,961,-29,-138.218884120172,968.274678111588,-96.1931330472103,0,955.063839773415,0,222.351565958327,975.31909161674,198.282464233017,30466.5165384046,13750.4931922451,30192.3978836762,174.546602769589,117.262496955527,173.75959796131,3.04594146119776,3.70459829639828,1.76491826248647,0.712121743140488,0.815512147773593,-0.443713984444423,-300,980,38,-148.00956937799,961.866028708134,-93.4354066985646,0.998190711182821,0.998190711182821,0.998190711182821,863,647,678,709.043799182958,911.55,52231.2615458314,726962.436,0.273028655247476,158480.283054582,0.725867729893383,61893.2269645339,0.0728083377476293,123373.146243605,1
983093,-262,657,-252,271,1190,398,194,961,252,160.56652360515,979.768240343348,214.635193133047,287.635585057891,974.186617690655,0,189.805819002049,982.500956109135,249.83111892403,10288.7983572591,5385.43743525232,16417.78444576,101.433714105612,73.3855396876818,128.13190252923,8.17094638585493,6.22246342135788,7.09219254930177,-2.34561332862931,0.192203179558428,-2.10358087684377,194,952,252,174.555023923445,978.191387559809,230.693779904306,0.344582961240127,0.344582961240127,0.344582961240127,533,533,650,719.54590263716,979.752,26062.5964780553,743561.226,0.179506957844149,53267.7939778486,0.408018024856724,18968.2526599412,0.139639792825756,87373.5839057563,1
986734,203,914,281,252,961,349,223,942,310,222.901287553648,942.81974248927,311.832618025751,222.470438792106,942.714656642807,311.211322230994,223.116551847133,942.872123461987,312.143791834974,96.4255586798874,99.2001257954714,195.002034926743,9.81965165776706,9.95992599347362,13.9643129056442,2.5304746227072,2.94332182489542,2.63401955785956,0.060775455831523,-0.269912887994961,0.121094577474954,223,942,310,222.8995215311,943.043062200957,311.612440191388,-0,-0,-0,49,47,68,711.522634669072,1032.81,231.373047124127,724319.586,0,278.417235638115,0,291.792097603426,0,680.295229118406,1
990375,194,923,281,252,971,349,223,942,310,223.184549356223,943.635193133047,309.347639484979,222.838729425934,943.54538477812,308.837310395054,223.357389860175,943.680073724705,309.603484470971,77.5132085244932,85.0689285185734,159.038108628089,8.80415859264775,9.22328187352926,12.6110312277819,3.7286167882252,3.54525407149998,2.75766830901094,0.10795441686222,-0.0266693668046964,0.145642263797291,223,942,310,223,943.679425837321,309.234449760766,-0,-0,-0,58,48,68,711.543454640963,1031.841,179.235470368355,724356.171,0,221.964207568514,0,141.543351098218,0,378.986572130822,1
994015,203,914,281,242,961,349,223,942,310,220.248927038627,944.648068669528,306.484978540773,219.959591025703,944.570957638895,306.112123856757,220.393055045857,944.686470685907,306.674346019418,63.78259582655,72.8669897883677,116.612919934882,7.98640068031589,8.53621636255594,10.7987462205055,2.61680376008572,3.65611766565321,3.47887687966335,-0.0352946398526088,-0.416647129939622,0.532300636817966,223,942,310,220.464114832536,944.751196172249,306.028708133971,-0,-0,-0,39,47,68,711.125682245812,1028.496,126.784110910798,723503.292,0,139.140859859336,0,148.293183857396,0,223.404642410908,1
997656,194,923,281,252,961,349,223,942,310,219.128755364807,943.690987124464,311.480686695279,218.794630195951,943.623897201714,310.990273545108,219.295311113564,943.724526984765,311.726088908897,73.3367988752403,63.5765132455232,153.5955305609,8.56369072743991,7.97348814795151,12.3933663933937,3.92639971065967,2.92630324866533,2.66083089261082,0.0433556873741517,0.00036184592917459,0.0954426297134147,223,942,310,219.124401913876,943.593301435407,311.473684210526,-0,-0,-0,58,38,68,711.409944054668,1030.536,155.87748354093,724079.82,0,156.821531360964,0,96.8494305291364,0,305.423528857774,1
1001296,145,914,271,271,971,349,194,952,310,201.339055793991,948.274678111588,313.004291845494,200.197880476931,948.157075860131,312.334648291348,201.94307190851,948.33309372412,313.335468595287,244.638856001184,111.269054314045,208.323257362736,15.6409352661912,10.548414777304,14.43340768366,6.41897767104721,3.61088823905027,3.12470052888994,1.09473565345079,-0.562214433478395,-0.12650698750041,194,952,310,200.416267942584,948.645933014354,313.11004784689,-0,-0,-0,126,57,78,712.232039504373,1022.37,298.989872024472,725768.748,0,944.780964523328,0,298.246928525461,0,602.05061275078,1
1004937,174,895,271,223,1038,359,203,952,310,200.128755364807,948.536480686695,309.012875536481,199.613229291713,948.40526331316,308.445506561981,200.383366480933,948.603412115092,309.298652846016,102.414385082137,127.52560307829,177.461040402545,10.1199992629514,11.2927234570891,13.3214503865962,2.68623025561617,20.6402334715071,3.78558543244093,-0.144206076632562,1.88415892708129,0.296661833551302,203,952,310,200.267942583732,948.100478468899,308.741626794258,-0,-0,-0,49,143,88,711.319365467909,1018.917,195.826354937039,723931.641,0,319.764494136439,0,217.042878229114,0,462.627034969142,1
1008578,184,923,281,233,971,349,203,942,310,205.557939914163,945.81974248927,314.214592274678,205.237027162198,945.747656775647,313.733622681032,205.717304673331,945.855758495886,314.455602876237,65.8252922894776,68.4242637265056,152.169268906319,8.11327876320527,8.27189601763136,12.3356908564668,3.46902882458881,2.67289325894666,3.02286457862169,-0.0656296332232478,-0.0686423843039518,0.143830617253773,203,952,310,205.555023923445,945.732057416268,314.162679425837,-0,-0,-0,49,48,68,711.398818860511,1024.449,159.453735038869,724055.691,0,132.976771775229,0,119.108557960519,0,330.567283106313,1
1012218,184,914,291,233,980,359,203,942,320,207.725321888412,945.300429184549,318.047210300429,207.389287812127,945.214055750414,317.567922885007,207.894038708358,945.343653026558,318.28863058632,70.4242267278378,82.0731463667309,154.286554684032,8.39191436609298,9.05942307030259,12.4212138973625,3.29305670557242,4.24312438042897,3.00210982328926,0.205416263536321,0.123060117182615,0.273426782483152,203,942,320,207.684210526316,945.200956937799,317.717703349282,-0,-0,-0,49,66,68,712.20317666106,1028.28,162.070737481973,725703.342,0,120.6159628417,0,138.175782739484,0,249.503054002739,1
1015859,174,923,242,300,1066,359,203,942,320,205.991416309013,947.497854077253,315.991416309013,205.250123625935,947.252845980473,315.072665395207,206.402935235475,947.626728363554,316.424295470415,170.439581175078,245.285555719994,274.939581175078,13.0552510958264,15.6615949289973,16.5813021555931,16.5622023865872,21.2673558577608,5.7417897866266,2.306594023238,3.30310767299921,-0.860529128537729,203,942,320,205.258373205742,945.866028708134,316.708133971292,-0,-0,-0,126,143,117,713.014240518914,1027.167,392.451671460186,727465.323,0,596.401023597023,0,915.161711770341,0,884.472947292933,1
1019500,-407,561,-456,427,1466,417,-29,990,9,-29.6609442060086,1005.36909871245,-4.48497854077253,0,970.874977393784,0,158.207434321773,1021.50576183359,117.321081019151,24253.9147180701,32847.9752478911,13803.3629199349,155.736683918947,181.240103861952,117.487713910583,3.43142311698118,3.10986788967126,4.78715016077138,0.177553802390875,0.101271257850789,0.150444279986401,-58,933,9,-31.5023923444976,1005.04784688995,-5.09569377990431,0.943109865417036,0.943109865417036,0.943109865417036,834,905,873,715.663917279452,849.603,35799.0567466702,756505.227,0.715533834519187,136247.259758208,0.39601309998307,196320.761915755,0.572133316806968,61790.5876514414,1
1023140,-669,552,-320,320,1847,300,-38,952,19,-39.3905579399142,1013.36480686695,12.1802575107296,0,959.338846689297,0,155.54638572332,1043.83442605275,104.414985851583,22740.6614621874,62952.258583691,10800.4846085541,150.800071161082,250.902886758385,103.925380001971,4.94440044162416,4.00433993057403,3.73097547492092,-0.558728879600503,1.02909205311645,-0.386330312206394,-29,876,-19,-35.0909090909091,996.674641148325,14.933014354067,0.943109865417036,0.943109865417036,0.943109865417036,989,1295,620,719.399039858503,845.76,64969.3647820914,786156.546,0.768722737043731,121594.444440065,0.514062399736807,337293.138421351,1.37754004757459,44027.8650014482,1
1026781,-466,733,-271,194,1647,242,-38,1000,0,-45.4163090128755,1015.11587982833,8.97854077253219,0,1003.47067528494,0,108.163840117725,1021.96045294423,83.5165425262354,9678.31300873169,14003.0166863993,6924.115916827,98.3784173929002,118.334342802076,83.2112727749492,4.32573009247563,10.689303851549,4.17317788281078,-0.558668350053801,2.07898739793869,-0.43460120830343,-38,1009,-19,-43.11004784689,1004.0956937799,11.9760765550239,0.96959586665142,0.96959586665142,0.96959586665142,660,914,513,715.608947158181,811.332,16967.2396708214,743091.24,0.480327650218268,51803.1503171109,1.5681910124135,61556.1277853474,0.413339744418587,33286.7267603136,1
1030421,-310,895,-165,155,1200,67,-58,1009,-48,-57.2403433476395,1012.98283261803,-46.9098712446352,0,1011.37130426921,0,110.951038964087,1013.81856441134,59.7468910247593,9072.6143998816,1701.1634971141,1375.05649696611,95.2502724399338,41.2451633178256,37.0817542325887,3.5721217965688,6.92689885497751,4.57275436569874,-0.339315475862542,1.11065699557061,0.663467853963757,-67,1009,-58,-55.1626794258373,1010.65550239234,-48.177033492823,0.986064065001985,0.986064065001985,0.986064065001985,465,305,232,713.575337360897,806.178,9508.51779003719,729551.826,0.161179907179636,56513.6704795838,0.560526155235321,9340.833609714,0.244674160307038,7148.4882437765,1
1034062,-514,895,-184,106,1161,38,-194,990,-106,-183.19313304721,992.716738197425,-99.9785407725322,-287.100188916787,992.076892332793,0,199.56157955462,993.045934218459,106.220497039961,6292.10478022789,656.522865176853,1292.63315820631,79.3227885303327,25.6227021443261,35.9532078986883,8.53962870823352,13.411379245337,6.30967020389187,1.22088806416864,1.38945444351516,1.67645955972737,-203,990,-116,-188.99043062201,991.88995215311,-103.583732057416,0.94660104729467,0.94660104729467,0.94660104729467,620,266,222,711.657538442613,897.708,6380.1454247878,725036.244,0.571328027139539,38066.1135911909,0,2604.7040372813,0.340452530542957,6194.12000860114,1
1037703,-213,971,-155,-174,1019,-87,-194,990,-126,-195.570815450644,991.532188841202,-123.214592274678,-195.29333674951,991.445555338091,-122.248193978017,195.709230759031,991.575550808597,123.683782734795,54.3925928666569,86.3621059641852,116.341682699423,7.37513341348188,9.29312143276871,10.7861801718413,3.21433528303566,2.51038569439083,3.39841424606974,-0.0309706306740977,0.127892544063768,0.0944508389239591,-194,990,-126,-195.425837320574,991.358851674641,-123.167464114833,0.91829583405449,0.91829583405449,0.91829583405449,39,48,68,711.721324944079,915.912,121.391212251833,724738.476,0,147.745481776184,0,153.0971033691,0,225.259668080231,1
1041343,-339,761,-349,165,1323,116,-194,990,-116,-144.484978540773,997.519313304721,-100.06008583691,0,992.487345521247,0,179.137597868111,1000.21292582915,116.464734296541,11262.7077475211,5404.31104780228,3567.32396033743,106.125905167028,73.5140193963184,59.7270789536658,4.03016117707156,9.36180092561499,6.91311190504497,1.42992396328348,1.43426740986358,0.802937988905433,-203,990,-126,-154.287081339713,993.650717703349,-103.885167464115,0.972110142954994,0.972110142954994,0.972110142954994,504,562,465,713.107280352184,889.215,12026.755190308,731210.067,0.138268814795002,56074.0804430992,4.5706784460714,27346.0890817144,0.570804930342313,16319.9995703681,1
1044984,-815,600,-601,407,2447,359,19,961,0,-0.386266094420601,1022.17167381974,-6.931330472103,0,976.849590263324,0,188.952022886207,1048.4473580781,116.398549465174,35856.6087760841,54641.4445389966,13558.7711262395,189.358413533923,233.755095215049,116.442136386445,4.58791637239407,8.93320656591895,5.92598398850618,-0.69826385364686,1.57256291074637,-0.778495195678076,19,942,19,6.58851674641148,1006.76076555024,-3.04784688995215,0.903320415022348,0.903320415022348,0.903320415022348,1222,1847,960,729.837417289108,873.141,63100.4887302442,802796.853,0.734772926573987,212337.220721671,0.756782121069694,259771.995167482,0.770551639560306,42948.3059375587,1
1048625,-747,676,-388,349,2285,242,-19,961,29,-31.9742489270386,1014.95708154506,15.1845493562232,0,975.723094730492,0,149.325292293218,1039.73724189761,93.1069346909974,21367.3958857481,51135.1188397217,8474.70286369691,146.175907336839,226.130756067638,92.0581493605911,7.5034562863072,9.3642602027085,4.49303280698808,-1.35837355724315,1.95713420688776,-0.710103011326782,-29,952,29,-22.9186602870813,994.617224880383,18.4641148325359,0.906423226202893,0.906423226202893,0.906423226202893,1096,1609,630,718.426235695321,830.955,58050.1233616028,777302.313,1.0216825374534,113539.435289118,0.833127682682336,244866.750683894,0.637527542551887,28911.8286264441,1
1052265,-582,647,-446,203,1361,87,-174,952,-126,-173.167381974249,955.37339055794,-159.218884120172,0,940.596890819148,0,235.024480507389,962.85380989404,217.161773918667,25358.3985866509,14410.9935992304,21902.5855039219,159.243205778617,120.045797924086,147.995221219882,2.05463336222206,3.44011576994812,2.04306546092233,0.0926961038119873,0.408418258800614,-0.453282849867422,-330,933,-9,-173.114832535885,951.942583732057,-156.095693779904,0.985481497018526,0.985481497018526,0.985481497018526,785,714,533,705.603280666212,921.93,37193.4839708221,719608.758,0.397531043763427,115292.631945349,0.701407542861568,66115.6756209724,0.0653582703063839,116388.146853521,1
1055906,-281,790,-262,330,1552,349,29,1019,106,11.1974248927039,1020.16738197425,68.7510729613734,0,1016.44969949173,0,81.871117180152,1022.20588495891,128.885633170529,6605.84878644369,4181.32962113364,11936.0239751369,81.2763728671727,64.6632014451314,109.252111993942,5.52115435667338,25.7656570500725,3.5938697917033,-0.785631303361062,2.55282856747322,-1.02896522504516,48,1009,116,14.7224880382775,1018.05741626794,75.3157894736842,0.689928848366425,0.689928848366425,0.689928848366425,611,762,611,721.074970442782,836.493,16219.4757969761,746685.261,0.160264216126962,36182.877855158,1.01736182520218,21401.5718296142,0.0982908103272384,72429.6191376156,1
1059546,-106,980,29,-29,1047,145,-67,1009,106,-66.9871244635193,1013.37768240343,103.051502145923,-65.1307183879377,1013.27684898763,93.1492283808416,67.7824087475675,1013.42800951627,105.887198057397,107.642074885304,102.44294805387,595.040439544175,10.3750698737553,10.1214103786908,24.3934507510556,4.94577636954002,3.70933798319459,4.17319541994209,0.170172674218783,-0.148991640904121,-1.26409776763493,-67,1019,116,-67.066985645933,1013.45454545455,104.88038277512,0.91829583405449,0.91829583405449,0.91829583405449,77,67,116,713.780836479232,827.208,600.581442836665,728947.176,0,309.812205528331,0,224.579934032517,0,2665.8548092199,1
1063187,-116,980,97,-48,1038,155,-67,1009,126,-67.0300429184549,1010.66094420601,125.326180257511,-66.0321682668052,1010.58370889579,124.217387668829,67.5800590239636,1010.6995070555,125.863967033559,74.3568521533223,78.2854077253219,135.669009915643,8.62304193155306,8.84790414309072,11.6477040619876,8.05516948219674,3.62109319077156,3.12029792971203,-1.34552209507393,-0.137384393305368,-0.101769216774193,-67,1009,126,-66.5071770334928,1010.61244019139,125.416267942584,0.91829583405449,0.91829583405449,0.91829583405449,68,58,58,713.475284485553,840.909,145.350867246758,728303.685,0,144.591542540536,0,129.511392778327,0,290.143800311848,1
