A1,A2,A3,A4,A5,A6,A7,A8,A9,A10,A11,A12,A13,A14,A15,A16,A17,A18,A19,A20,A21,A22,A23,A24,A25,A26,A27,A28,A29,A30,A31,A32,A33,A34,A35,A36,A37,A38,A39,A40,A41,A42,A43,A44,A45
670000,-0.26154819813493,-1.59217661823574,-0.247717823009975,0.336101821407133,3.83472839138185,0.420210171492643,0.00182181685208026,-0.00817608286798238,-0.00382663378539808,-0.00124883053747297,-0.000347239107180381,-0.00143924481765413,0.0591523899494566,-8.68689752567907,0.000227418956205167,0.0837459062810471,0.542946232125645,0.101495911402257,0.00703624866008122,0.295817634970306,0.0103352348378054,0.0838823501106235,0.54389119773196,0.101662357034477,5.7771938653052,14.1494831797605,3.39455340203546,0.21542707918799,1.3027858040603,0.0626297122744412,-0.26154819813493,-1.59217661823574,-0.247717823009975,-0.00134865308454058,-0.00378587702736643,-0.000850912946510756,0.597650019542063,5.4269050096176,0.667927994502618,0.0320507313239744,0.472812442022701,0.296878489271392,0.312105407829643,1
674000,-0.28944062224545,-0.154176992330779,-0.453370037217138,0.336101821407133,0.16510200490488,0.360159748013031,-0.0115062820342375,0.00132411031389226,-0.0029087753151385,-0.00137332804711431,0.00102073020768364,-0.00333129259122297,0.00531174047235028,0.0625876701432829,-0.0423102669170322,0.109234434005086,0.0489686030194863,0.126663082590404,0.0119718444468156,0.00240523369741697,0.0160883011377033,0.109415924100725,0.0490431819666808,0.126839667051373,3.39393841019664,3.50078380987328,3.3129205782821,0.33838693920139,-0.169116993314104,0.0530259857674844,-0.28944062224545,-0.154176992330779,-0.453370037217138,-0.00284510950126853,0.00166804891374354,-0.00416706063597452,0.625542443652583,0.319278997235659,0.81352978523017,0.00786430117228774,0.221052928524774,0.0178611234317815,0.0303736221453949,1
678000,-0.295558796300424,-0.141186790577018,-0.262090663221969,0.260231117980941,0.143165666304235,0.272241359512074,0.00190737615232572,0.00202758938385626,0.00368484114324873,-0.00172940913960052,0.00113645569148724,-1.18051982408307e-05,0.260697393374808,-0.115406148313737,0.0541622697081141,0.100401533893649,0.0431876528421216,0.0967354940500027,0.0101125903130345,0.00187037618823762,0.00939036109018745,0.100561375850942,0.0432478460531576,0.0969038755168618,3.28831442339519,3.37396542996398,2.69438623944254,-0.0442506768644958,-0.125949234218264,0.0536867387760554,-0.295558796300424,-0.141186790577018,-0.262090663221969,-0.0016101648861062,0.00161059936346786,-0.000489505031331461,0.555789914281365,0.284352456881253,0.534332022734044,0.00612997553691998,0.190295520596347,0.0108576090438306,0.0213033971753072,1
682000,-0.223828772522418,-0.153812073028374,-0.398955071798288,0.245888890155498,0.14455859036281,0.363978266359814,-0.00320980552522962,0.000339648162381178,-0.00650440868593555,0.00154236808123219,0.000370756241797867,-0.00125495749931816,-0.232484432566987,-0.0166421207609051,-0.0850035103678488,0.0853753262761736,0.0445090406677681,0.113914007512458,0.007311956174181,0.00198781939163962,0.0130200346428443,0.0855099770446759,0.0445849682251722,0.114105366406862,3.09439968107802,3.67768912040663,3.53803038051583,0.188945006803205,-0.0868267904550379,0.108591563396796,-0.223828772522418,-0.153812073028374,-0.398955071798288,0.000570054673300507,0.000494851657410544,-0.00268827293914232,0.469717662677916,0.298370663391183,0.762933338158101,0.00685977074587879,0.190936923777772,0.0135988845475223,0.0222464021454765,1
686000,-0.322734773672788,-0.176279812438771,-0.398955071798288,0.299906505541908,0.14455859036281,0.375929654189173,-0.00839102581628664,-0.000302512098774001,0.00667072720318317,-0.00291654908476166,6.62052202403161e-06,0.000601812250711951,0.16370968988459,-0.02369845270778,-0.0625710737503627,0.112027987052026,0.0460447487073984,0.105227389760427,0.0125854631491887,0.00212750601335364,0.011111021312922,0.112184950635942,0.0461248958085938,0.105408829387874,2.72324357606547,3.35700210712765,3.44750156011009,0.0752111741213697,-0.054985915425052,-0.0237170483824306,-0.322734773672788,-0.176279812438771,-0.398955071798288,-0.00351042625288573,-1.76321586251397e-05,0.000103149215964304,0.622641279214696,0.320838402801581,0.77488472598746,0.00675450405036249,0.211937915019987,0.0131800252584328,0.0257431923222492,1
690000,-0.373847985437224,-0.19463094836509,-0.401541302894712,0.416570369434594,0.153942039713922,0.287998462037859,-0.00672295224740359,0.00198540977383667,0.00364080599024017,0.00252987776696741,0.000186672122720297,0.00201393422985486,0.0201926817731206,-0.0105124251031696,-0.0305495190069457,0.121596366844571,0.0493935437349332,0.106980164059515,0.014830771883992,0.00244818796888309,0.0114805626358263,0.12178165659898,0.0494791670188888,0.107147387442841,3.5907901963173,4.55289280947979,3.36479962109877,0.234792520891217,-0.450055124574675,-0.277363520906258,-0.373847985437224,-0.19463094836509,-0.401541302894712,0.000433931728627931,0.00144139208188175,0.00365139540992705,0.790418354871818,0.348572988079012,0.689539764932571,0.00780164532525387,0.217760139299685,0.0175802216752609,0.028670154094695,1
694000,-0.251570810352566,-0.223449021377313,-0.281348007008046,0.220719223598687,0.127525919626517,0.281613978464539,0.00667280358180563,0.00230305051156526,0.00680512953580777,0.000813429830477602,0.000481702181731111,0.00013260595042313,-0.145722550025518,0.0537522481630869,-0.237696308814641,0.0813033268322479,0.042993142116289,0.0990887592764449,0.00663259914404125,0.00185461787744734,0.00985277565719463,0.0814407707726372,0.0430652746124687,0.0992611487803492,3.03998353643859,4.9851349143921,2.95923881800153,-0.342947030836733,-0.508650605582995,0.000708650995643062,-0.251570810352566,-0.223449021377313,-0.281348007008046,0.00232526423834204,0.00110150801426013,-0.000229468882744656,0.472290033951253,0.35097494100383,0.562961985472586,0.00607472839222614,0.17544113418247,0.0106647354302541,0.018277223437968,1
698000,-3.32817941664407,-2.92024477107707,-5.3550170228222,3.75946456147124,3.29654421682449,5.26158204671965,-0.00388519132371231,0.00702184257272855,-0.00576351911936511,-0.0250082363819217,-0.026553462746898,-0.0193561614801187,0.190779590847212,0.0957258128278315,1.5273756776916,0.98165782346061,1.11292365745183,1.0188126541679,0.966382164099835,1.24220720037787,1.04121991021587,0.983047386497637,1.11454349416157,1.02040183761882,4.73668793642128,3.78636158230654,9.0970489092921,0.39313267532982,0.0578063104122098,-0.198278171820654,-3.32817941664407,-2.92024477107707,-5.3550170228222,-0.0489240663984981,-0.0341784376368138,0.00277579785701728,7.08764397811531,6.21678898790156,10.6165990695419,0.0724333093751954,2.09084092466375,1.51614809274757,3.24023037397003,1
702000,-3.01248775846051,-3.29978922062217,-5.03085982826878,3.70082819833166,3.40714337239011,4.64075751765889,-0.0382226740734653,0.0334828359107949,0.129882901454044,-0.00954061864745505,1.12427390909929e-05,0.00139354791809227,0.547773789454547,-0.733686497937415,0.52979951688632,1.23124192941173,1.60529628762183,1.33998724572169,1.52114742723747,2.58595518197455,1.80182019684896,1.23334805599939,1.60809053910983,1.3423189624113,3.08428472443635,2.08328885162257,4.84291784873665,0.264074257094997,0.0734116888334896,-0.405584283037985,-3.01248775846051,-3.29978922062217,-5.03085982826878,-0.0364241640447037,-0.0140765617463084,0.0310966994675203,6.71331595679216,6.70693259301228,9.67161734592767,0.101398120406415,3.31143830016,2.97139835745013,5.88849867849075,1
706000,-3.81600676014654,-3.09148975758199,-4.36626082040769,4.01903633547138,3.35199419292853,3.32302357058005,-0.0942340560888222,0.0825198035982257,0.16995575749326,0.00786831433905967,0.00848330285451068,-0.0020217149467468,0.43600880781249,0.936532730939862,1.22788502679581,1.33353171433723,1.29559133867803,1.17019643254225,1.78444089811331,1.68433333004842,1.37412687728273,1.33582966657928,1.29781868149924,1.17223158005692,3.34769873158128,2.49277720498475,4.37997423310119,0.141024486169113,0.00676333450849044,-0.675983855200862,-3.81600676014654,-3.09148975758199,-4.36626082040769,-0.00131999880986777,0.00750707805796052,0.0385877873303583,7.83504309561792,6.44348395051052,7.68928439098773,0.0923797086063877,2.99439859776111,2.46635877173366,4.82622344073531,1
710000,-3.65936851294573,-3.49335196186081,-5.8215705458329,3.77437524925475,3.83642615681671,6.1862981945433,0.0517912923990951,0.0534046561053281,0.133770034616757,0.0396104074132037,-0.0106863319533682,-0.012202622327324,0.280359662880511,0.0829576737687781,0.0344445449394088,1.37189355749248,1.78745253506087,1.56695909025524,1.88707529348297,3.20600432687323,2.46376663179113,1.37370859118045,1.79053185586664,1.56963901321009,2.92206960034375,2.07348844486681,5.11485201487165,-0.258408639627636,0.0598890771724235,-0.341916637682835,-3.65936851294573,-3.49335196186081,-5.8215705458329,0.0623674408539603,-0.0143602723505719,0.0231912196087805,7.43374376220048,7.32977811867751,12.0078687403762,0.113829280627194,3.72688413705895,3.74428592746936,7.53243928871843,1
714000,-3.99957023597115,-3.40132026255136,-5.8215705458329,4.00891432867678,3.64496638660463,5.0861835543958,-0.0165721557627463,0.0907594446211589,0.172568046484982,0.0361281028978469,-0.0294832831066526,0.0261845165947814,-0.484186658966858,0.59041784584072,-0.0678307327387202,1.3505179916336,1.44055376503846,1.29991872060845,1.82894410627606,2.08155350231119,1.69498842776431,1.35238459998481,1.44275898968303,1.30191721233122,3.39055389484513,2.63229426596126,6.32578102375939,0.0068463585138903,0.0422847647080008,-0.593590315692763,-3.99957023597115,-3.40132026255136,-5.8215705458329,0.0381199391994395,-0.036640128958825,0.0710540131000288,8.00848456464793,7.04628664915599,10.9077541002287,0.0995679802803158,3.12549652215174,2.8622761483652,5.58888267588084,1
718000,-3.55214618565215,-3.42408675212413,-4.68593055503426,3.29469404871882,4.43411674754708,5.4391161618753,0.00153635273768327,-0.0316854051543995,0.161480355854644,0.0198786112666687,-0.0194438519956267,-0.0154270320417409,0.233775296076355,-1.14278550309894,0.780093112209748,1.32422069363251,1.61974021362018,1.40776448293341,1.75927387610628,2.63232029727011,1.98846724625175,1.32637621967007,1.62244269460284,1.41013022315379,2.85346313297873,2.45243914571817,5.11368029339099,-0.0893498170123468,0.266832191847425,-0.439661000867066,-3.55214618565215,-3.42408675212413,-4.68593055503426,0.0285144086721169,-0.0504160967715536,0.0272421288211179,6.84684023437098,7.85820349967121,10.1250467169096,0.103664061330501,3.41063371472285,3.10551915354189,6.35891964447171,1
722000,-3.42648931410775,-3.21707925970624,-5.09944862834968,2.66468854033612,3.80465644618971,4.75653872722182,-0.0347981459357665,0.117623834285174,0.0685151140739754,0.0134635314725419,0.0259163133219524,-0.0251801973719499,-0.462839844373145,1.39758846445692,1.12236022459175,1.19119499941042,1.50369916722116,1.35894100548405,1.42370768941782,2.26831562612947,1.85251897158655,1.19319222651584,1.50609283449908,1.36107272825024,2.70711907747143,2.59070520244856,5.06369461834227,-0.330858182076876,0.122708187240507,-0.55237540306589,-3.42648931410775,-3.21707925970624,-5.09944862834968,0.0345715634069957,0.00835650273470347,0.0180909737677067,6.09117785444388,7.02173570589595,9.85598735557149,0.0990218654005803,3.12362586682135,2.8330996256489,5.52677736850801,1
726000,-2.97088880274538,-3.07262101526751,-4.64751144386785,3.02563692302066,4.12643743572413,5.16666830047178,-0.0539931308898265,0.116952323604447,0.163725822027647,0.0647731996309539,0.0264961914763477,0.0207045551242749,-3.2058497353479,1.25403905481656,0.542784536623817,1.11874676882482,1.36496732953271,1.12530785202636,1.2517451025271,1.86892307877465,1.27029984658549,1.11881415012821,1.3670856150127,1.12707579451672,2.88382946182207,3.01157622422214,6.72386477632768,0.0585079826432232,0.171327801439525,-0.410037032703742,-2.97088880274538,-3.07262101526751,-4.64751144386785,0.0640370183558801,0.00943075484274183,0.0574985060883422,5.99652572576604,7.19905845099165,9.81417974433963,0.0859946479159313,2.7553582636749,2.1368253436338,4.38104790527983,1
730000,-4.19963079730243,-3.3959357241117,-5.75512348869711,2.68919434545166,3.90447009464508,5.43366298163284,0.0953128813826604,0.152590100974238,0.127491800064077,0.00803829524217657,0.0236493494658872,-0.00485187620087782,0.481284446730282,20.3129421097141,2.30553896614507,1.23322555021464,1.70623991437642,1.43780279694738,1.52607953077142,2.92083714933853,2.07445631552484,1.23534591543074,1.70904568380676,1.4402973010892,2.94948956247139,2.05589720414535,6.11973055875371,-0.561315688813334,0.056907314260895,-0.158942936936693,-4.19963079730243,-3.3959357241117,-5.75512348869711,0.0512404133486124,0.0156374894069914,0.0131139310483471,6.88882514275409,7.30040581875678,11.18878647033,0.109526722955441,3.42558906678649,3.46661324014817,6.49937678602317,1
734000,-3.5000801008881,-3.26107923032196,-5.11832028625012,4.14428997351899,3.95845653201168,4.86161348054725,-0.155210726449788,0.0396794493759682,0.152225522190838,-0.0393518313057124,0.0315207635423292,-0.026866567723132,-1.74649492330169,1.32288201225381,-0.383383173323683,1.26244388087863,1.39597238921559,1.18967687320973,1.59776377663187,1.95453192209193,1.41953820228012,1.2640268100922,1.39804575107252,1.19144374700618,3.37425943982798,2.73565777176604,5.39231068233959,0.315466278211999,0.105284994530419,-0.639919868666044,-3.5000801008881,-3.26107923032196,-5.11832028625012,-0.0620199453245753,0.0254536696958942,0.0142438639054151,7.64437007440709,7.21953576233364,9.97993376679737,0.0920055471422859,2.98122017459002,2.44330074000063,4.95783452647028,1
738000,-3.92576558639841,-3.3052545302355,-5.68322943650004,3.2781159383918,3.95845653201168,5.514165761318,0.153114667000753,-0.0117715658871566,0.184707649585205,0.0089664589841019,0.0120737029708306,0.0183394622815745,0.436521173464258,-2.73218453108812,0.530666913801098,1.25874454249212,1.71251757887675,1.43042819442525,1.58987783501635,2.94278869997781,2.05291666639935,1.26090357879433,1.71545582862918,1.43280028838612,3.1788180293628,2.17883217167594,5.68441376658714,-0.558711246567392,0.135413614597623,-0.272035361723915,-3.92576558639841,-3.3052545302355,-5.68322943650004,0.0582389426932319,-0.00162616193925295,0.043152727130303,7.20388152479021,7.26371106224718,11.197395197818,0.10898028266367,3.44254225239825,3.43239368439081,6.56327910062226,1
742000,-4.04062391217907,-3.36650843509847,-3.6691647578529,3.99765774930607,3.57412248415235,4.94579363837952,0.00663859612026681,-0.00334318725530883,0.0915687975782113,0.0537011707382027,0.03286717445275,0.0278009214904766,0.303410079441051,0.867562489690967,1.18154259097671,1.28106677854809,1.29772829457421,1.18116328867341,1.64395645750504,1.68888265125439,1.39923226865133,1.28216865407989,1.29957017942641,1.18289148642271,3.33766413483879,2.76138529452895,4.92186937556563,0.113756690626276,0.14100374490252,-0.155445815954464,-4.04062391217907,-3.36650843509847,-3.6691647578529,0.040390688916045,0.0174427595412437,0.045181874640659,8.03828166148514,6.94063091925081,8.61495839623242,0.0929894419494708,2.91817604109007,2.49804232401063,4.72037753214785,1
746000,-4.09045432281481,-3.353515934119,-5.28763329355202,3.05894047970548,4.15132007881886,6.18241436033898,0.12603043782271,-0.0977888986819943,0.237462552733696,-0.00773091744617691,-0.0344905816683756,-0.000260712985830703,-0.524986669758273,-1.83112847156194,2.83852721220681,1.34512004514873,1.67127255804018,1.4260538398199,1.81559230873727,2.8016904548916,2.04071530311854,1.34743916698947,1.67382509686395,1.42853606993962,3.22797174787138,2.27553227807257,6.0665394846187,-0.339116723112926,0.130844591922769,-0.608682044025104,-4.09045432281481,-3.353515934119,-5.28763329355202,0.013791352549966,-0.0502131398002903,0.0543794832617209,7.14939480252029,7.50483601293786,11.470047653891,0.109915301347286,3.44444286791614,3.49118305531957,6.63612945318419,1
750000,-3.86395628936827,-3.44508446636194,-4.69336836173464,4.77524530564541,3.64022146797778,5.52521937733493,0.142187816204031,0.134629097651784,0.209524393866166,0.0119968817735465,0.0343053764944445,-0.0149735117903171,-0.306020894551614,1.78653826930835,0.676267095358364,1.24728302633063,1.58229477712056,1.35635458458015,1.56099113069289,2.51119934501678,1.84588286857214,1.24939630649882,1.58467641650173,1.35863272026407,3.72874597704904,2.41748486894212,5.12608222582765,-0.0394187795801024,0.0477838365399455,-0.397332813735806,-3.86395628936827,-3.44508446636194,-4.69336836173464,0.013298146406377,0.0366171423911997,0.0163861137346525,8.63920159501368,7.08530593433973,10.2185877390696,0.101924063116372,3.26061199301198,3.00156623403086,5.89906946858709,1
754000,-3.49529687303199,-3.26128565218949,-6.38137245376591,4.77524530564541,4.30587768793495,4.9852316891829,0.0894414145788685,-0.108552500812592,0.293559079023482,0.054245817811572,-0.0539857549042018,0.0430403068856,-1.10398629490151,-0.623746997245134,1.18007479815458,1.19907062677918,1.39125910491086,1.31006056867426,1.43982715911261,1.93942153782669,1.72037976643399,1.19992798080243,1.3926311564182,1.31163248146498,4.45198941089021,3.20681825461173,7.14350183129784,0.195007010133115,0.457789778983559,-0.847895702483739,-3.49529687303199,-3.26128565218949,-6.38137245376591,0.0430778792775088,-0.0923500331312744,0.100145370555719,8.2705421786774,7.56716334012444,11.3666041429488,0.0928507720825232,2.8697180412584,2.48406881603175,5.08963095859712,1
758000,-2.99574065642887,-3.16686868830584,-6.38137245376591,2.5334926931327,4.30587768793495,6.61957588397749,0.113110065838586,-0.00120235705547392,0.203384169571916,-0.00297886757616169,0.019863504800705,-0.00683513591370519,-0.0351283153998446,-8.64194843753191,-0.568725626835986,1.18740280968955,1.62014030302408,1.54764589800601,1.41482916005679,2.63360450273896,2.40350661561386,1.18946591378517,1.6228384093122,1.55032468070848,3.00045671938474,2.39115317839994,6.87682061976093,-0.519936254547454,0.23613304087088,-0.290901453727214,-2.99574065642887,-3.16686868830584,-6.38137245376591,0.0303421364919541,-0.000634457556108533,0.0252118491764132,5.52923334956157,7.47274637624079,13.0009483377434,0.110154657150159,3.31926521464203,3.50646620328861,6.42998785955643,1
762000,-3.66399117302984,-3.31848797035183,-4.85577516819394,4.31656812504346,3.1022940708013,3.34198522764167,-0.082700195208179,0.0604889273095147,0.14271483217081,0.00523748214311327,-0.00864247931777225,-0.0137255133065717,-2.9067510858509,0.82927542496208,0.505550779097361,1.3605644943454,1.30047552373336,1.17979213328863,1.8575581668,1.69705444553893,1.3965702904516,1.36292265620614,1.30271042274902,1.18176575109097,3.43871558518845,2.56289453612719,4.64195017168656,0.374309280815297,-0.0387954959871178,-0.799675089145318,-3.66399117302984,-3.31848797035183,-4.85577516819394,-0.0251460175685885,-0.00387896653564863,0.030603610103734,7.98055929807331,6.42078204115313,8.19776039583561,0.0956934954192177,2.98447040710884,2.64647568605953,4.93428180887266,1
766000,-4.63810011646615,-3.35856564527784,-5.04233843290265,3.12957709079545,4.11266743080478,6.73626858028399,0.195997953643395,-0.087278721482749,0.167016318459677,0.039962645867776,-0.00881655197187858,0.011192112224562,-1.0342614710205,-1.14026983646789,1.56033317703125,1.38610814025936,1.77800866520522,1.52266067045757,1.9263876092941,3.17225184530793,2.32644819911808,1.38794366214703,1.78108165037651,1.52526987747024,3.11836505384733,2.11229117707751,6.42082907113646,-0.492446290446535,0.187088837335329,-0.157271868537195,-4.63810011646615,-3.35856564527784,-5.04233843290265,0.072856772282033,-0.0297567858303285,0.0369033967340857,7.7676772072616,7.47123307608262,11.7786070131866,0.115919837957668,3.61934854636599,3.88242999083598,7.40110610739638,1
770000,-3.195960769054,-3.5154361747402,-5.81699698423932,4.23714525971978,3.83026172201844,6.73626858028399,-0.00340083061331284,-0.0445380531186561,0.122357476223332,0.0523720706183338,-0.0508645002889826,0.0181372176674728,-0.229589748731821,-3.02965791007989,-1.76446760895397,1.3621719150242,1.3572435400808,1.25456838580324,1.85922513513016,1.84593231691291,1.57909584768559,1.36353406086176,1.35865091797448,1.25662080505043,3.09883455678036,2.96414046992219,8.96678380665294,0.00840138709629161,0.118513909478853,-0.492095367180511,-3.195960769054,-3.5154361747402,-5.81699698423932,0.0529534357940715,-0.0623090136286726,0.0636378442959272,7.43310602877377,7.34569789675864,12.5532655645233,0.0998163774014586,3.00349240325955,2.87439166769843,5.27156418782871,1
774000,-4.19822590603652,-3.62591669578862,-4.88558487009995,3.23143356228833,4.24100921083736,4.92170462820603,-0.0250603471390715,-0.037402087345596,0.2265216105933,-0.00179777020864781,0.0411098975809459,-0.0267184480278055,0.333060758531413,-4.14553706076338,4.84417070891115,1.242706835503,1.53376445362507,1.38132473411689,1.54969794266239,2.35893411899341,1.91398994403486,1.24486864474224,1.53588219567563,1.38347025412,3.44879036639979,2.48883094269126,5.16519894690551,-0.203672373256662,0.156535691123503,-0.866280690451861,-4.19822590603652,-3.62591669578862,-4.88558487009995,0.0110139803484769,0.0301957622095048,0.0404716643081,7.42965946832484,7.86692590662597,9.80728949830598,0.103334527084566,3.20087347644171,3.08419658629019,5.80481169929275,1
778000,-3.09690475287321,-3.78392593632558,-5.66138377870412,2.75798707997653,3.78806334928896,4.59065548363853,0.105141413679813,0.0915552655747745,0.268755697432329,0.00782415851025303,-0.0155363438144752,0.0178938047891692,3.09346257496367,1.38681495932862,0.498538861136133,1.23360362249807,1.52722940219269,1.39813927697323,1.52701882869472,2.34031436047214,1.96128326088791,1.2357260330246,1.52980860256182,1.40045823246818,2.55620762807705,2.33625482688953,5.02154939924369,-0.281097695117004,0.0808119751294968,-0.483862495634535,-3.09690475287321,-3.78392593632558,-5.66138377870412,0.0228797609500059,-0.0269099930610474,0.0496566843009146,5.85489183284974,7.57198928561453,10.2520392623426,0.107976356618631,3.30284982478212,3.36886329149039,5.80900098217743,1
782000,-3.52015295348762,-3.61029118079442,-5.18335493097756,4.14925774039843,3.88063457904971,3.73297098257749,-0.0217720210948905,-0.142120296933398,0.218356988589593,-0.0430086351349497,-0.0620924342380102,-0.00983044263027339,-1.37557393424843,-0.421833468727294,-2.29461110439193,1.37237654749745,1.41519233380774,1.25623311798833,1.8881236302521,2.00587872797294,1.58352335410792,1.37409010994625,1.41629048149486,1.25838124354582,2.83310535851459,2.87156267976614,4.3756584161078,0.136070962559658,0.0816922175401117,-0.864359296568058,-3.52015295348762,-3.61029118079442,-5.18335493097756,-0.0665085110345076,-0.0696596243844249,0.0575802937169861,7.66941069388605,7.49092575984414,8.91632591355505,0.0957693743986295,3.1853648368613,2.65063295892078,5.46430837651989,1
786000,-4.24990523993644,-3.86382823149624,-5.88882481681943,2.68614610833333,3.71177913017397,4.77273731714604,0.188209218092893,-0.0478298040722068,0.243247948995224,0.00686220793481084,0.0047596537048223,-0.000710082508963576,-5.35329561636861,0.650509733070157,-1.5049855238963,1.28382958230251,1.77521332030552,1.46644497737326,1.65391406366279,3.16234002559785,2.15795326071244,1.28604590262665,1.77829694528159,1.46899736579493,3.36976491146008,2.21265537441507,5.89038593832595,-0.666408016305242,0.0805780510130344,-0.9675829401624,-4.24990523993644,-3.86382823149624,-5.88882481681943,0.0594980948796236,0.0023916712946774,0.0754015952646407,6.93605134826977,7.57560736167022,10.6615621339655,0.112446296541592,3.49617594012404,3.65420774153725,6.95006160064842,1
790000,-3.06037578641695,-3.08745419809379,-3.76475494670428,3.94458293819283,3.40870613518951,4.77273731714604,-0.0469753730601265,0.07790147855591,0.251821656936349,0.0420425264485129,0.021723050158421,0.0382909759047058,0.222685081158516,0.775757618461317,2.76434098772338,1.24293922223266,1.17623524510906,1.15327818391201,1.54850709688723,1.38787647647189,1.33321358448668,1.24439025104154,1.17808169346268,1.15464868444332,3.24050885138219,2.94306491550461,4.50460064569026,0.256250612067082,0.120467071261409,-0.536588877629692,-3.06037578641695,-3.08745419809379,-3.76475494670428,0.0214475058386246,0.00850203313933347,0.0764731517152714,7.00495872460979,6.49616033328331,8.53749226385032,0.0915251703430062,2.79699600164433,2.41942692570847,4.25847783148848,1
794000,-4.0141366194892,-3.35638329735499,-6.74652950969271,2.84092602172224,4.13488522659412,7.19969115518656,0.210523217249701,-0.207268005748859,0.218267917525748,-0.00248373940466263,-0.0115208180641597,-0.0111011755968513,0.392997906354363,-1.60283511645554,2.83276346423668,1.21352180634288,1.67101314407921,1.51190577390896,1.47776011702571,2.80188095174127,2.2937000694318,1.21563157125246,1.67388200054283,1.51449663896352,3.40712101319237,2.32129988850115,8.42332941996133,-0.541371600777905,0.289523318842641,-0.175304111571563,-4.0141366194892,-3.35638329735499,-6.74652950969271,0.0323520050655874,-0.0323079084970172,0.0352123824927821,6.85506264121143,7.49126852394911,13.9462206648793,0.110952430287241,3.36947560116011,3.55776049998753,6.55077917133441,1
798000,-2.83304864994206,-3.18539695355491,-6.53145711384594,4.87651467303598,3.5654374781566,4.05689322322851,-0.0373046018098733,0.0918786475662329,0.158789199328098,-0.0509729992078311,0.0115075558130847,-0.0132698939117359,-4.63896656311503,-1.3651270435727,1.08949141560528,1.15047813811507,1.29329576352051,1.21705599506624,1.32560449301098,1.67830896980001,1.48620965523403,1.15134898836581,1.29549564638404,1.21910198721601,4.1262736500658,3.03222304069207,6.84667361592537,0.219826948048488,0.114881746659787,-0.824709767034967,-2.83304864994206,-3.18539695355491,-6.53145711384594,-0.057078194362207,0.00274159880629997,0.0280363645668834,7.70956332297805,6.7508344317115,10.5883503370745,0.0900002515991105,2.76289571229735,2.33914940657509,4.4774391733475,1
802000,-4.41440838714328,-3.55996212856103,-6.18978762376496,3.01954748444045,4.07227974478522,5.64865729356555,0.0220306489469191,-0.0537258380041252,0.246510568669242,-0.0204649801414902,0.0317933901907062,-0.0167913115208276,-2.77204011497994,0.153820326601337,34.7283289876267,1.17948127452413,1.55411712412758,1.39908994963913,1.39560310565774,2.42268130370686,1.96399014927919,1.18135646849617,1.55649648367957,1.40142432877383,3.677980845827,2.75837140279097,7.32300632273168,-0.411200030364128,0.187199655933384,-0.645612306590662,-4.41440838714328,-3.55996212856103,-6.18978762376496,0.00722461267638142,0.0153145992289849,0.0369277527176753,7.43395587158373,7.63224187334626,11.8384449173305,0.100146576219397,3.10935680137061,2.89691087546439,5.76390879964088,1
806000,-4.41440838714328,-3.23973068188612,-6.65459225899838,2.93186681559182,3.90131055569374,5.74706567429333,0.156132343912936,-0.109389811154915,0.227533955151175,0.0106406975521513,-0.0191770514884235,0.0230501555734042,-1.13973714255935,-1.67841520686242,0.473787056176759,1.27799144351112,1.6797657469119,1.54078844784984,1.63883931954724,2.83107532786088,2.38176775829407,1.28017159769589,1.68257996180297,1.54329768946048,3.2649492401108,2.34753491207735,7.11981015229181,-0.623311725916737,0.264980046848633,-0.519683526633709,-4.41440838714328,-3.23973068188612,-6.65459225899838,0.0503411486894709,-0.0451751892219246,0.0795732767511309,7.3462752027351,7.14104123757986,12.4016579332917,0.111391954512675,3.4059193817603,3.58500755671113,6.82890413521365,1
810000,-3.78090205884295,-2.87484362163061,-4.03697443274372,4.68235360274035,5.75052067148179,3.16894584770632,0.0378933905540008,0.118429147968677,0.0987149744126422,-0.00104365115290002,0.0174064586993035,-0.0232605444547118,-1.44111403957711,1.12072011013657,0.31067828549505,1.30316516287402,1.25415852005155,1.18099161328198,1.70415555932394,1.57809008808596,1.39905797791514,1.30543309262633,1.25622055710212,1.18281781264705,4.09780257477347,3.83515994060707,4.23930843410913,0.110213142723454,0.372908869406623,-0.63983444511572,-3.78090205884295,-2.87484362163061,-4.03697443274372,-0.0114455033690844,-0.00730624453101765,0.0169479055898016,8.4632556615833,8.6253642931124,7.20592028045004,0.0937283587399737,2.8291982836939,2.53844018705669,4.66589422578873,1
814000,-3.1265775141409,-2.70127380254282,-3.27014817737242,3.81371416047309,4.82387399947116,5.56694356481881,0.165731672622812,-0.012891746059412,0.0274840373352736,0.0228817935668881,-0.0284731099874713,0.0075968807270664,0.870143819637662,0.275459746643637,0.0300344996529417,1.1206014610876,0.979518707727016,1.02821945039191,1.25959766110477,0.961986411389949,1.06086107095272,1.12231798573522,0.980809059598222,1.02998110223087,3.45388747016937,6.25095617054342,6.05710998515869,-0.191299896913623,0.524668807188419,0.247755989270228,-3.1265775141409,-2.70127380254282,-3.27014817737242,0.0308125292243123,-0.0438756889368463,0.0114914963861584,6.94029167461399,7.52514780201398,8.83709174219123,0.0759536475337522,2.30836303651283,1.66607621734785,3.27243977154311,1
818000,-2.3101451563643,-2.56367686413874,-5.30313274320398,1.75330057068778,3.09270223437957,3.14427895165224,0.0934915312249169,0.0163183962205571,0.125694356625661,0.0249352006581212,0.0034768327258722,0.0573351219573508,1.70837021332708,1.60366909266875,0.0263270809732268,0.763258656031239,0.764200915348644,0.874124374312075,0.583969684289647,0.586025762328654,0.763456997910469,0.764179091764259,0.765523195160443,0.8737602634078,2.79965043169005,4.89471192053018,7.64360970700865,-0.309719845794444,0.3904042556284,-0.892668226099732,-2.3101451563643,-2.56367686413874,-5.30313274320398,0.045568671501586,-0.0105453933246646,0.0780319229980152,4.06344572705207,5.65637909851831,8.44741169485622,0.0562664163512573,1.85130409983788,0.912442099057646,1.9306602367928,1
822000,-1.4350944661793,-0.894851217538631,-1.34552652859315,1.24264318660287,0.590678247731208,1.48012703589266,-0.0407829813437993,-0.00301225542517463,-0.053811944748594,0.0109317647612412,-0.0101254779235906,0.0325110133282273,-0.579821055351764,0.000446271566218514,-0.548636135136051,0.494988277930401,0.224045120247323,0.50408999383007,0.245747180629339,0.0502682330794264,0.253931462358495,0.495728938664406,0.224205782885782,0.503916126313194,2.90620320382935,5.94066928803339,3.09913785716583,-0.138451154651435,-0.802381166233621,0.159106659821608,-1.4350944661793,-0.894851217538631,-1.34552652859315,0.0187449667590064,-0.0014448373733448,0.0318502860874786,2.67773765278217,1.48552946526984,2.82565356448581,0.036087083037993,0.961339336181552,0.376131270794041,0.549316333074742,1
826000,-0.595492361127171,-0.532468873206863,-1.34552652859315,0.743680038264349,0.470654264364289,0.725172197921087,0.0262440459044444,-0.00462806893829353,-0.0134286643549668,0.0232405918249139,-0.00253814498871838,-0.0104944052915816,-0.0937178008818828,0.00090334189821979,0.969768846792421,0.241379998542735,0.138555440236335,0.217744544944938,0.0579253081302375,0.0192580360197248,0.0474673715732615,0.240676771064923,0.138773326038273,0.217870079573267,3.04292744113801,5.3784826124209,8.74767237106186,0.0876463524154828,-0.0843280243474767,-0.707581566234807,-0.595492361127171,-0.532468873206863,-1.34552652859315,0.0226651144123985,-0.00231760585960314,-0.00888174624989662,1.33917239939152,1.00312313757115,2.07069872651424,0.014822454464046,0.444824575180841,0.0628428375437321,0.124874600568854,1
830000,-1.32376052422184,-0.488378373788598,-0.907777206698833,1.26349265232196,0.604465091647645,0.640420952287542,0.00660967650115684,-0.00208772203071118,-0.00415012115613357,-0.00349760434302396,0.000842138308637158,0.00237002680332036,-0.499542087151485,0.0840487704527919,-0.0234174268434799,0.456081260045073,0.135466679714919,0.231184230874368,0.208722613826169,0.01841445118266,0.0536267355207047,0.456861700984191,0.135699856973617,0.231574470787919,3.59789755050388,5.20168962856796,4.6944754451938,0.127296464952503,0.305985649008109,-0.429870229071599,-1.32376052422184,-0.488378373788598,-0.907777206698833,-0.00583574991217469,-0.000998121626912224,0.00810084940627913,2.5872531765438,1.09284346543624,1.54819815898637,0.0271471401610801,0.610359881991377,0.212971387136419,0.279807485682259,1
834000,-0.365690672782997,-0.230871564230107,-0.292920850501773,0.439976736097558,0.284125750420879,0.575352921214152,0.00476924549762337,-0.00290321670458184,3.1066674981748e-05,0.00305743851600369,6.47501193750356e-05,0.00468113316468489,-0.0230433152094179,-0.00285707550762466,-0.0517384187948177,0.138240184020112,0.0786247377642555,0.132171935321466,0.019167554556512,0.00620338472621936,0.0175083001879021,0.138446937692793,0.0787615688405161,0.132318933595696,3.0640614387161,3.71580028887071,4.27054305234667,-0.0179302310504431,0.221595570190894,0.608378504706089,-0.365690672782997,-0.230871564230107,-0.292920850501773,0.00254330142901226,-0.000864414748305595,0.000786842461019251,0.805667408880555,0.514997314650986,0.868273771715925,0.00869558766997785,0.270098715625273,0.0218241996786945,0.0427616183530341,1
838000,-0.447953014813564,-0.309937302197791,-0.593488490230359,0.42675666047582,0.517773081945657,0.689413538242756,0.00345950293897685,-0.00623666811857951,-0.0127622642428785,-0.00403005311808175,-0.00145804740048656,-0.00758705616046171,0.00943332693437086,-0.220078973109816,0.248765149935706,0.13913408324143,0.106314117945879,0.147483258610807,0.0194094456999792,0.0113399405660203,0.0217693361219256,0.139317786732273,0.106489157034979,0.147544353066885,3.2305864070237,6.39168071441691,5.06310729533385,-0.110312075670397,0.867355164247481,0.0884329006228176,-0.447953014813564,-0.309937302197791,-0.593488490230359,-0.00313244921780611,-0.00545170158036429,-0.00714869917240013,0.874709675289384,0.827710384143448,1.28290202847312,0.00901216140286155,0.299403968350641,0.0233964339796347,0.0524122963645056,1
842000,-3.03539774487581,-2.59586478108397,-3.12005320209639,1.8807824836774,1.88035985271586,1.36060979803906,0.0527470649989244,0.00803320142627785,-0.0124818249543091,-0.00514960952326608,-0.0224391365139489,-0.0173220195266092,0.0149970380308911,0.331091833360797,0.0325958652279128,0.619350619043809,0.576034520710333,0.499508182452923,0.384905147036696,0.332466652300758,0.250076693830521,0.620407242895097,0.576599212886003,0.50007668794948,6.15516097814929,9.24795121652166,13.2976281588981,-0.877345707899066,-1.00971973107545,-1.78114670810827,-3.03539774487581,-2.59586478108397,-3.12005320209639,0.0172739786275213,-0.00618568842187691,0.00384194235965434,4.91618022855321,4.47622463379983,4.48066300013546,0.0437493000407734,1.06284927119575,0.553152472373925,0.964919382697355,1
846000,-3.6792477113666,-2.61522240601319,-4.55373830271283,2.59763920124328,3.00211899241139,3.13843301184349,0.0451499462203489,0.142229133680767,0.141354215067405,-0.0083804748606495,0.018816879356538,0.00699925328541475,1.08169514914417,5.90303642635991,-1.42539629093324,1.13487444313856,1.24435736472229,1.04983939939153,1.29235712044282,1.55346515241353,1.10595389265102,1.13681885999609,1.24638082158445,1.0516434246697,3.12786210328975,2.3880642844328,5.22579583792547,-0.413715023902693,-0.036637370137637,-1.06818389566802,-3.6792477113666,-2.61522240601319,-4.55373830271283,0.0179547811025074,0.0211505554598934,0.0688317698443717,6.27688691260988,5.61734139842458,7.69217131455631,0.0865351293727967,2.70049566084424,2.16399943668267,3.9385280173424,1
850000,-3.36149622607814,-2.88956688115264,-4.50949157437006,3.20103649493414,3.13294761772852,3.00230035929064,-0.096410188603579,0.00852902837594553,0.0502805540069976,-0.0441538950866549,0.00336471405976541,-0.000460443817296237,0.510060081461168,1.39287470317411,0.967782096650054,0.925344574131502,0.870637377789398,0.910120138944967,0.857289714821974,0.760639230743375,0.831204582326664,0.925899408587118,0.872146335624576,0.911704218662316,4.63895693316311,4.89209530400888,6.40129097856747,0.119148691420802,-0.0289872353187995,-0.898296802283923,-3.36149622607814,-2.88956688115264,-4.50949157437006,-0.0482863221846233,0.00808520936317523,0.0407422001973144,6.56253272101228,6.02251449888116,7.5117919336607,0.0623369362678389,1.90925913198785,1.12243491180835,2.44259069179181,2
854000,-3.30314107017828,-2.07318406199357,-3.20676591937309,2.90728419082078,5.24129811833473,4.52629233286588,-0.109601879622579,-0.0362526654440142,-0.0777409217531083,-0.00447088249714088,-0.0169203927812514,-0.0244934550535815,-0.479522509874853,-0.411294178658515,-2.68743921946847,0.978575048470273,0.776255317004744,1.0194020186738,0.960925684212921,0.604384575038481,1.04219929388397,0.980268169539806,0.777421748498511,1.02088162579408,4.30249824686478,10.8638418526267,5.94411105635102,0.044281281682375,1.43153561106464,0.514391117873901,-3.30314107017828,-2.07318406199357,-3.20676591937309,-0.00634365986355233,-0.0487252835752934,-0.0446803152580023,6.21042526099906,7.31448218032829,7.73305825223897,0.0645414064144936,1.92593862596955,1.20341622825802,2.59936191834295,2
858000,-2.2541472383881,-2.36128097807504,-3.32933991128698,3.35735484715065,2.311491343888,2.76233476934521,-0.0342116935765726,0.0379983741559442,0.0936229684083412,-0.000592937344846881,-0.0263900197593608,-0.0263862481174203,1.44937048302318,1.79104844819882,-24.2133225711748,0.889922894643486,0.921818202738177,0.91177745453997,0.794721857730845,0.852010736368937,0.833536115139685,0.891471736922066,0.923044276494328,0.912981990588908,4.52791019161536,2.44935701499053,4.25727564510263,0.642736793866645,-0.115473207274561,-0.530306785196199,-2.2541472383881,-2.36128097807504,-3.32933991128698,-0.0304447441845493,-0.026458985702538,-0.000817775225151676,5.61150208553875,4.67277232196304,6.09167468063219,0.0696719829909575,2.11417996190896,1.40287466324549,2.47304968391747,1
862000,-1.82660993323393,-1.75157070249968,-2.33858985756404,1.92045420966171,1.99291467606099,4.20099288468345,-0.151634611327465,0.106376104337959,0.104285181632262,-0.042035807395426,-0.000796021686238501,-0.0199323942809626,-0.347168460568906,-4.09078094626463,-2.43974337100082,0.716604835032148,0.789263895676947,0.84743481980431,0.51353860062914,0.625107375087681,0.720249339236229,0.716616076172688,0.790637322093816,0.848675049259862,3.08639625588502,2.51752142462698,5.53154994564478,0.465838317800268,-0.129340252170725,0.275748689056035,-1.82660993323393,-1.75157070249968,-2.33858985756404,-0.0605683233005311,0.00123083427349367,-0.0179427931637668,3.74706414289565,3.74448537856067,6.53958274224749,0.059925823144467,1.86667290825354,1.03668342530799,1.85460576042737,1
866000,-2.59553978604393,-1.99319059826997,-2.30603559010937,2.04762756168542,2.83236189481165,2.84085042278388,-0.0467970538107626,-0.0357945163634088,0.115962494206499,-0.0307925016095337,-0.000860963735305865,-0.0221256918529646,-0.304249121410718,10.6136708883881,-3.59757065501763,0.820125903451321,0.806650169818461,0.774910710818541,0.673998592246216,0.652950945994302,0.602087645604117,0.820974172703512,0.808053801423087,0.775943068532812,3.28319763059627,3.24534129054969,3.63121194869915,0.0339372526670998,0.270913967737908,-0.306603123659851,-2.59553978604393,-1.99319059826997,-2.30603559010937,-0.0305955279088667,-0.0180139384313693,-0.00419961038657606,4.64316734772936,4.82555249308162,5.14688601289325,0.0594892902208904,1.86499312739637,1.02192376443202,1.92377760372129,1
870000,-2.97004527443741,-2.01766622543765,-3.36069801606108,4.79813204215219,2.99571255632548,3.00328911675055,-0.0498431140493413,-0.0292242128334614,0.0968453148239534,-0.0579787072288046,0.0211676168944762,-0.0109351930614903,-0.0427118333917577,2.25935329559757,-0.155538173657016,1.07527352636254,0.753115796296662,1.00402014230324,1.15686853062443,0.56871002220366,1.01144884285212,1.07557823082491,0.754128650963256,1.00570813005172,5.62984565994136,3.69363720601726,4.25961203789108,0.59158363176511,0.190860853648114,-0.467294414800706,-2.97004527443741,-2.01766622543765,-3.36069801606108,-0.0782500671457478,0.0178213202478267,0.0180982570237426,7.7681773165896,5.01337878176313,6.36398713281162,0.0669289242156447,2.1494071312697,1.29129131994298,2.73145300527831,3
874000,-4.40773715620912,-2.96796804120181,-4.3272709636022,2.84597133394903,3.77648066817562,3.93352154536805,-0.0655778011411734,-0.075653544606984,0.018264129072666,-0.0194706898786122,-0.0236383486764108,0.0546114904610071,12.3240663625229,2.12449501320109,0.122312994021993,1.10827334153406,1.0843851573944,1.11072527438799,1.23216905657047,1.17942763288553,1.23501647191249,1.11003110612742,1.08601456384596,1.11131294958373,3.73998733434499,3.90248753727271,4.66339989698568,-0.425041298718659,0.432548733366146,-0.121185538992661,-4.40773715620912,-2.96796804120181,-4.3272709636022,0.00813553517793861,-0.0494983736374655,0.061994784073358,7.25370849015815,6.74444870937743,8.26079250897025,0.0739098273436271,2.51090787972605,1.5772417701572,3.6378716042966,3
878000,-2.53216620018899,-1.86129568628316,-3.00639425147418,4.41599091585408,2.21428916396581,3.17264289855532,-0.0913072785856043,-0.0617949479779369,0.0426182282664543,0.0040482077933144,0.0072898114130866,-0.0125821389109707,-0.627064264746346,-0.351518214082347,0.862606853910457,0.945960615412763,0.617488679700418,0.960883843864008,0.897942955409817,0.38256748753946,0.926355964946472,0.947598520160208,0.618520401878111,0.962473877539786,4.27232129018394,4.12274865873094,3.36057577668211,0.412250334992654,0.431069169388706,-0.0354805291390687,-2.53216620018899,-1.86129568628316,-3.00639425147418,-0.0082611987895896,-0.00760975541175015,-0.0112376212334961,6.94815711604308,4.07558485024897,6.1790371500295,0.0656280895257807,1.96183092498615,1.2445989956508,2.19943151686913,1
882000,-3.84006357625463,-1.64142674615409,-3.58522834957359,2.62169190869984,3.37593658561078,4.58111085669641,0.0466697269333437,-0.0540148098978416,0.00973721178153557,-0.00524241724148388,0.0016576872071041,0.00988128146522017,-0.27917591510486,0.342571940779117,1.19776022118994,1.06689117175414,0.723984984504505,1.23395954243376,1.14219524514069,0.52597782174216,1.5278635945655,1.0687353485034,0.725243284520553,1.23606779529502,3.42609783687939,6.58813426213171,4.22567985405509,-0.477921700235504,1.35139914459753,0.455553330052039,-3.84006357625463,-1.64142674615409,-3.58522834957359,0.0293536414764387,-0.0498676396121537,-0.0266835682948444,6.46175548495446,5.01736333176487,8.16633920627,0.0738822487138125,2.28437662785268,1.57743271118196,3.18506718251824,3
886000,-4.41952647525642,-2.15585895225302,-2.75794972262392,3.05800066875155,3.10857727938037,4.95814831223533,-0.0179989515446781,-0.0759915248153128,-0.0132821895653359,0.00514411267690051,-0.00312966275800568,0.0104730572092248,-2.4116526755814,-0.321482959457278,-0.467059559255548,1.20869919492103,0.873261072378092,1.25114293507035,1.46601762086886,0.765232161859525,1.57070278817474,1.21079214602213,0.874775492260457,1.25327682024952,3.17451172810122,3.39722266055004,3.92820846888173,-0.383821924487286,0.517545620201699,0.503586384426154,-4.41952647525642,-2.15585895225302,-2.75794972262392,0.0411545926653624,-0.032896614355607,-0.0313093109138964,7.47752714400796,5.26443623163339,7.71609803485925,0.0755791406353601,2.60371653191445,1.65070324730291,3.78889728831012,2
890000,-3.28311955180712,-2.30830023297874,-4.2616341347936,4.58959451371372,2.50667700305321,3.50318432069283,-0.20032383749781,-0.0830583078716248,0.0086393427311604,-0.0033323675398104,0.0171736164767246,-0.0246514557379903,-0.733982729027582,-1.25230697991699,-1.00587752860106,1.23255941912686,0.776871390453037,1.14420335059511,1.52448496758683,0.605336085609913,1.3131531728711,1.23470035538459,0.778033473322268,1.14592895629315,3.81774737060246,3.72243815483116,4.10143839267066,0.768266002698878,0.461154585243437,-0.155806259976456,-3.28311955180712,-2.30830023297874,-4.2616341347936,-0.0601445735486221,-0.00846452792172749,-0.0142370620675882,7.87271406552084,4.81497723603195,7.76481845548644,0.0742637564956165,2.42210542188297,1.59387837606574,3.43193318649587,2
894000,-3.30276780308228,-2.16395726376493,-5.09764528027976,2.65301131826614,2.52784957913253,2.78047755468185,-0.0178079902050937,-0.0390082240973149,0.132908850960063,-0.00553756220083891,0.000415254693759312,0.00254739928398155,-0.59824069996884,-5.85015761720489,-0.150308820412827,1.13842686572184,1.00167304810718,1.04169628880912,1.30050069140282,1.00684471144928,1.0889055910668,1.14039497166676,1.00341651942216,1.04350639244175,2.99225985084189,2.38893274612265,5.96094142238001,-0.37878056803525,0.136049850411249,-1.15713794190613,-3.30276780308228,-2.16395726376493,-5.09764528027976,0.029510614289534,-0.00957221721161904,0.0604488186542546,5.95577912134843,4.69180684289746,7.87812283496161,0.0777550462024222,2.50034903962694,1.7472656165373,3.38449578202027,1
898000,-3.93045328083375,-2.39605417542214,-3.15653786731892,3.23669885264022,7.79570492355551,3.94156033518866,0.0432206079080497,-0.121356173832112,0.151485096192851,-0.0030941749583548,-0.0344504395678472,0.027285305511015,0.0202366921907735,-4.72909168960525,0.644409614374291,1.18440007553691,1.1953558706038,1.08254840998432,1.40768174886339,1.43266335012181,1.17524729182603,1.18645764731127,1.19693915890567,1.08408823064639,3.47489788795846,8.37144764810042,3.86118335988699,-0.400588933160018,1.20115354429061,-0.268684286467915,-3.93045328083375,-2.39605417542214,-3.15653786731892,0.0284785988493647,-0.0748697605531476,0.0425464281534584,7.16715213347397,10.1917590989777,7.09809820250758,0.0783476662070195,2.67543849000368,1.77266488810415,4.00359025627839,3
902000,-3.46133818208163,-1.79432867523352,-2.70145268191975,3.88684585827502,4.33598562056166,2.60907123765261,-0.0476610799160853,-0.0435394567323496,-0.0161472207989797,-0.0108563300042289,0.00937123152284963,-0.0288223637555009,-0.352091051127152,-0.0677995463523824,1.50767234063442,0.984797826795398,0.81784716051108,0.996053238895031,0.973087676413993,0.671116423334583,0.994745302806684,0.98645206493473,0.819216957426165,0.997369190824884,4.16335657704933,5.7725710170555,3.11701120402934,0.316890423268698,0.804572110581648,-0.154616614415719,-3.46133818208163,-1.79432867523352,-2.70145268191975,-0.0299354898447083,-0.0172378223269431,-0.0226756233341195,7.34818404035664,6.13031429579517,5.31052391957236,0.0637586242992322,2.16853729116067,1.17389681460033,2.63082279233026,2
906000,-4.00274488061136,-2.09146246099197,-3.05882091481035,2.42338363332781,2.2390821265444,5.79121443081152,0.210606586646664,-0.0728839771520168,-0.177012169517017,-0.00273830908903432,-0.0100012115456247,-0.0181122745129093,-0.36985395262756,0.712225347377793,1.12997142734065,1.27531677744281,0.823900182230871,1.42639661732748,1.63209237189286,0.681076334431124,2.04136733646463,1.2775337067541,0.825273490687253,1.42876426903273,3.34179496782838,2.48041581733601,3.93820194646624,-0.814496574105046,0.192772082398496,0.716836077991488,-4.00274488061136,-2.09146246099197,-3.05882091481035,0.062596656864816,-0.017666514505237,-0.0786129668546016,6.42612851393918,4.33054458753637,8.85003534562187,0.0913435543995982,2.77444509304023,2.41104067301503,4.33985170303046,2
910000,-3.48397491653565,-2.09146246099197,-3.6838182104603,5.00829591248017,3.10678622759186,4.43294665410355,0.160203379489688,-0.0657749996712565,0.127956744306978,-0.0168190638827249,-0.00455331717678089,0.0219347525684197,-0.459684106178591,0.347866495742362,1.22540348753296,1.12708166512631,0.875009864979817,1.31349667188201,1.27445539128485,0.768289201954807,1.73080210319989,1.12891779651348,0.876521079013395,1.31559952234709,4.8046975321689,2.93098279843459,3.60502373550253,-0.199766697001661,0.329703238882238,0.0917223351364852,-3.48397491653565,-2.09146246099197,-3.6838182104603,-0.00104535725941765,-0.0225527475325868,0.0105911979312537,8.49227082901582,5.19824868858383,8.11676486456385,0.0831733189352631,2.52670570678654,1.9991828187255,3.76122885072101,2
914000,-3.87798133013252,-2.13208245406166,-4.69064856402209,2.96601281553612,2.81587057692212,3.23712657978614,-0.183113935690057,-0.0669971691800578,0.152448206746148,-0.0528786309796601,-0.00183713954303355,-0.00827251317162877,-108.91432692251,0.74637516931321,-1.38612054547247,1.10183088898471,0.913761715335965,1.07007862787315,1.21545548986861,0.837866355510882,1.14898938182136,1.10247697929191,0.915350400399149,1.07190922275226,2.93624939061752,2.79580475198895,5.49470970353471,-0.0525579765457653,0.196707733897639,-1.20523257863817,-3.87798133013252,-2.13208245406166,-4.69064856402209,-0.0407897341336516,-0.0107637717027227,0.0632914186507225,6.84399414566864,4.94795303098378,7.92777514380822,0.0743987003093397,2.4085338203593,1.59857314385108,3.19406005016544,1
918000,-3.82417964960485,-2.20607713630654,-3.95996753308546,2.48870036506371,2.67654264945437,4.09187745132852,-0.0687575438875278,-0.0939385963525702,0.209399084470786,0.0231081861229473,-0.0173259382011317,0.0477908808242926,0.563725312859755,-4.51091476525777,-0.363981889864601,1.14572582645112,0.925487589293147,1.06542824662812,1.31672564517696,0.859210459451966,1.13680060474515,1.14748666448764,0.926936060066694,1.06620851841708,3.12084946433011,2.93402856487752,5.77994345893022,-0.344089285026853,0.225408519725463,-0.942746110114116,-3.82417964960485,-2.20607713630654,-3.95996753308546,0.0542449044894958,-0.0284162112402769,0.107128550355121,6.31288001466856,4.88261978576091,8.05184498441398,0.0750494130865737,2.42434826143095,1.62507534784167,3.30435229604582,1
922000,-3.82417964960485,-2.23417043160647,-3.30500584841943,3.36400140071926,3.60125169038191,5.06592571402263,0.0824068826263275,-0.122729634383455,-0.0527996475305061,0.00142624613681254,0.0273039468653686,-0.00902199588240716,3.28585794519165,-0.735895830318214,-0.95889678889822,1.33920913625994,1.08172839504365,1.21877540886225,1.79972813247961,1.17346534758617,1.49050747401129,1.3415394636311,1.08326605577124,1.22086341333144,2.65279809249345,3.55073404876441,4.12680485625913,-0.142514656630522,0.60279983726636,0.425838948196177,-3.82417964960485,-2.23417043160647,-3.30500584841943,0.0120490851129033,-0.010582097542871,-0.0369658274151908,7.18818105032411,5.83542212198838,8.37093156244207,0.0796986871001041,2.86376106504869,1.83561422915186,4.44903092853314,2
926000,-3.68140150199451,-1.80545024815812,-2.92955064847431,4.3015853786673,2.89747719273101,6.76303029852827,0.103680162905996,-0.179381205065554,-0.0977589143964237,-0.0161197634296169,-0.00477286239330801,-0.0204370077107084,-1.25382612053498,-0.241171906287219,-0.867893729782619,1.44381045484358,0.870068232176188,1.42628274700953,2.09159125236889,0.759633564971812,2.04095144007761,1.44623347090602,0.871569598466934,1.42861871753019,2.78704071800589,2.9539962674978,4.78596623024571,-0.230552441097663,0.608099490495239,0.869892434749347,-3.68140150199451,-1.80545024815812,-2.92955064847431,0.00662642205333364,-0.0369372306593592,-0.0889780957804759,7.98298688066181,4.70292744088913,9.69258094700259,0.0918748910688879,2.94368668723447,2.43882522657574,4.87588983257489,2
930000,-3.54614166812394,-2.13198279412417,-3.54322257853825,4.19531009474127,3.50483595051773,5.00667449014819,0.0163302689949452,-0.176016890151394,-0.105755872691496,0.0111596132691068,0.0148847943308364,-0.0292294511183591,-1.67573387201287,-0.740444991022029,0.663469391128343,1.29747100468533,0.943744912831014,1.49494019721521,1.68917165037241,0.893535457062503,2.24177577610419,1.29968136494004,0.945270044517704,1.49725608234002,2.89049851044756,4.1084323817155,3.11959502740403,-0.056439410539509,0.844347678456451,0.443463742050781,-3.54614166812394,-2.13198279412417,-3.54322257853825,0.0142111851933129,-0.0282925011374196,-0.0737815833732531,7.74145176286521,5.6368187446419,8.54989706868644,0.0881837439256272,2.97593632986338,2.24662789044009,4.80893166174341,2
934000,-3.54393950029438,-2.00294411677978,-4.88689473330643,2.61166408544049,3.50483595051773,4.34634814527677,-0.096568347988469,-0.090112882580595,0.118511653917092,-0.0115477016528156,-0.0110380702056615,0.00649675639288977,2.04947689331742,0.084608703274055,1.61002031904753,1.08490696245543,0.996235436564432,1.06076012133158,1.18099042898255,0.995820917592276,1.12909027952322,1.0867338353905,0.997908271131308,1.06258659859948,3.39844992907839,3.11490023636838,5.54941254135895,-0.446459531888499,0.428275635648158,-0.527463622748996,-3.54393950029438,-2.00294411677978,-4.88689473330643,0.0223365223735914,-0.0366596746825352,0.0367817082537989,6.15560358573486,5.50778006729751,9.23324287858321,0.0721145932147715,2.42669620917621,1.50294350985047,3.29472019725838,1
938000,-3.95247310106938,-2.18449948941835,-3.88324051229863,3.06000223718278,2.46883297224392,3.19822348227988,-0.076789452202453,-0.0322730716680051,0.0618659159212373,-0.00555715095002766,0.00754574113203863,0.00483861408703245,-0.0205792397059097,-0.00542061362291427,0.281191079599474,1.13853032101567,0.87301661219633,1.07109675292039,1.30073685736678,0.764756471376025,1.15122214103112,1.14049851265435,0.874503557097411,1.07295020435765,3.33960257882569,2.5560363398241,4.41089086392899,-0.147203608107987,0.111516033711946,-0.457500130185991,-3.95247310106938,-2.18449948941835,-3.88324051229863,0.0117332400492092,0.0039461954522546,0.03105650776253,7.01247533825216,4.65333246166227,7.08146399457851,0.0713787247664415,2.38117502858961,1.47243894031639,3.20565755115941,3
942000,-4.18541689436178,-2.28971961971395,-3.021719573776,3.16543047589528,3.68187286047653,6.21868965089666,0.0517733105174348,-0.149419074182183,0.0176939926723707,0.00172281737616162,-0.00990714584120288,0.0212182939211665,-0.0187327566687729,1.29066917885103,3.09047057271151,1.34275403720349,1.03777922195059,1.3465854878504,1.80926761554721,1.08063978344395,1.81915878364671,1.34509018862945,1.03953825492088,1.34876194476516,2.55041113603841,3.59406178762416,4.82123710256352,-0.18221018211995,0.671336907760664,0.745861959659894,-4.18541689436178,-2.28971961971395,-3.021719573776,0.0155380088419839,-0.0524470855196304,-0.0296110568281466,7.35084737025706,5.97159248019048,9.24040922467265,0.0833020677682361,2.95449999867252,2.00518486413575,4.69326659402795,2
946000,-6.46294286849109,-2.4418879967727,-3.42457970408858,4.26826579555007,3.5431810920617,5.26756508587368,0.0746270022558981,-0.0671192701776326,-0.182567046220768,0.000743240021735532,-0.00636753169362853,0.016742047221362,3.69441884414721,-0.284123620320145,-0.422769079492311,1.75978931687039,0.991449359828005,1.41908164345233,3.10764833296601,0.986356135335629,2.0205281373373,1.76285232874623,0.993154638178582,1.42145282627926,3.03980686346336,3.21183037895135,4.30824025899421,-0.136030860231223,0.468403055963693,0.865517309941129,-6.46294286849109,-2.4418879967727,-3.42457970408858,-0.00131190441632813,-0.0398718152710947,-0.0532803447545882,10.7312086640412,5.9850690888344,8.69214478996227,0.105300058214151,3.27644168764915,3.20448387207998,6.09362298365789,2
950000,-4.73938633694772,-2.27342958710215,-2.51869195622668,4.9953045354576,4.13187990542337,3.80757701291104,0.103853730326503,-0.0378970618384734,-0.20601937937619,0.00579113654969498,0.00308873159229741,0.0071979588044443,1.28914076767224,-0.189782712847803,-0.0748281548450425,1.81364106381407,0.893800660094953,1.01638907875492,3.30072120862004,0.80165359916487,1.03659423433721,1.81678870775334,0.895351103849696,1.01813271941197,2.55164337994259,4.1369092789028,3.37947183489014,-0.0963485551906442,0.620876957015348,0.630637529427645,-4.73938633694772,-2.27342958710215,-2.51869195622668,0.00859588198027164,-0.0304384972798453,-0.0242831152211405,9.73469087240532,6.40530949252552,6.32626896913773,0.111110646132224,2.98360771668064,3.56790091733288,5.12122028775109,2
954000,-3.88253078668999,-2.63969859282731,-3.749604068329,3.79699635714343,3.24919252764529,2.87481929958517,-0.0809061870497905,-0.0605855460914429,0.0231273470712921,-0.0290572216338196,0.0141591013090549,-0.00478434377232137,-1.57052440160687,0.384900227243327,16.9740503184951,1.2109437258285,0.916204698458838,0.950513675978337,1.47064679748559,0.842154717653356,0.906601279385496,1.2127022707514,0.917689880980147,0.952156121329636,3.52249717654831,3.30038615293649,5.12160136343289,0.0630840276606337,0.135139977405286,-0.635395971411348,-3.88253078668999,-2.63969859282731,-3.749604068329,-0.0354351632622531,0.0151954649270898,0.0286290449495445,7.67952714383342,5.88889112047259,6.62442336791417,0.0714210731768307,2.35374582481565,1.47338402704894,3.2092920048233,1
958000,-4.83448081960655,-2.65161082755092,-4.49275778940198,3.47159787279737,3.28581103071211,2.56484335232976,-0.000481218398751976,-0.117272800160329,0.266412086514117,-0.0181327271136977,-0.0160656448662592,0.0190497479738015,5.04876792096318,-0.0945061101132826,2.76063312688259,1.13842481366987,1.04980169549621,1.07710764134371,1.30019683292323,1.10566460814448,1.16383908608094,1.14026173877897,1.05150587641937,1.07881374021697,4.05857879647791,2.92274306257336,5.57979223934074,-0.412839361633042,0.213441854001559,-1.29348498377679,-4.83448081960655,-2.65161082755092,-4.49275778940198,0.0113519989880728,-0.0234161445588518,0.0926936729342572,8.30607869240393,5.93742185826302,7.05760114173174,0.0798360554992237,2.53339455266637,1.84192562883724,3.55825552728701,1
962000,-2.91843439967176,-1.8838470138153,-4.49275778940198,2.1483578312338,2.84545052442586,2.39425818934063,-0.0266993665287383,-0.024792183895659,0.216874439406395,0.00330423681602951,0.00385719741560812,0.029709350750278,46.0975986091625,-13.9029078175578,-0.888214890226366,0.967266354746249,0.789281558121082,0.940231620736366,0.938853189952719,0.625121059251653,0.886230042758999,0.968944368863723,0.790645975928324,0.941397919457547,2.7867420902498,3.10241626576511,6.97167230430981,-0.266502369836588,0.183211560299312,-1.59215789379323,-2.91843439967176,-1.8838470138153,-4.49275778940198,0.0287295987563602,-0.00441145199379463,0.11004499479187,5.06679223090556,4.72929753824117,6.8870159787426,0.0651265719401213,2.08181496619175,1.22535096785082,2.44260507964667,1
966000,-2.84112507516848,-1.77948933561764,-1.90259566176016,1.80828349082268,1.94742207930617,1.53933028879393,-0.038491041510345,0.00352203205323795,0.0641546238347184,0.0167974957712884,0.00746487086031534,0.0113867104158364,0.463749912644033,0.468864528640443,-0.0257523338192926,0.676944712087982,0.439951618381344,0.576547992504496,0.459567708570007,0.194175924178355,0.333435693310867,0.677914233933768,0.440653973292373,0.577438908726167,4.73675141868839,6.42831791784492,3.24123879080923,-0.670197175397038,0.345500565682848,-0.377648831923449,-2.84112507516848,-1.77948933561764,-1.90259566176016,0.0453326169098805,0.000821316402411027,0.0221755031285886,4.64940856599116,3.72691141492381,3.44192595055409,0.0406140983282841,1.29257492865103,0.476413018313328,0.98421915740121,1
970000,-3.91346842060295,-2.30764559863558,-4.30896034298098,1.96705581253128,3.08838936673708,2.35174654650216,0.152956776736106,-0.0340175024293082,0.232420501544228,0.0373722652389361,0.00972085788713925,0.0196454891189311,0.417696790376831,-1.12469210448565,-1.37397665993591,0.939297482106557,0.995205436097545,0.952958522597482,0.883952352685008,0.993790024768266,0.910906871630505,0.94018740296018,0.996890176884227,0.95441441294152,4.61641606634992,2.68569948177505,5.40649551887843,-0.866013382454121,0.157890131488581,-1.21468481023487,-3.91346842060295,-2.30764559863558,-4.30896034298098,0.0874934453528352,0.00147966405312309,0.0786505698692761,5.88052423313423,5.39603496537266,6.66070688948313,0.0704329876733273,2.22853539878749,1.43291870656529,2.780843565721,1
974000,-3.86637363607513,-2.70156849365587,-3.95158683081842,3.87403809619161,3.35504537104173,2.35174654650216,-0.0275690179194028,-0.0322151409203655,0.19666817742798,0.00360832832959184,0.0192745167056189,-0.0143478919386296,-0.623935457567461,-4.22250154414773,1.49194111143465,1.00738789102229,1.02160143767805,1.03806536960225,1.01835329187512,1.04693317510741,1.08112776541652,1.00913492253272,1.02319752497131,1.03977293935576,4.37756527124421,3.56040176583693,5.22255303766972,-0.180203274279004,0.11293202999289,-1.1139041958407,-3.86637363607513,-2.70156849365587,-3.95158683081842,0.0229854923657648,0.0115554686816071,0.0463824319516479,7.74041173226674,6.0566138646976,6.30333337732057,0.071687279473359,2.30266645006383,1.48473615277397,3.13607957201165,1
978000,-3.00884356391751,-2.05700579392439,-3.02139468501111,2.16191571154474,3.79360980204994,2.11396988966218,0.023099455287692,0.0935082269335652,-0.0149815351157185,-0.0213615865431688,0.00747136100463917,0.00143789631246095,-0.927681860028281,1.757668740263,0.280293544149214,0.868978134696425,0.573821094390637,0.653077781397584,0.757296181832199,0.330361917122416,0.427994613417083,0.870227660921094,0.574771186753839,0.654212972522774,4.13781953344734,11.0899189818835,5.42676821348634,-0.62867086686841,0.592895143055761,-0.290732522662473,-3.00884356391751,-2.05700579392439,-3.02139468501111,0.0137993221971837,0.0142285624510485,0.0052398729974105,5.17075927546225,5.85061559597433,5.13536457467329,0.0526335019347896,1.53587180328824,0.800124285692177,1.51090423550334,1
982000,-0.975453134540895,-1.26252141927052,-1.41922941445484,0.614848832640781,1.21958314826506,1.03359446687878,-0.0108483824659918,0.00252325573808041,0.0154154121486277,-0.0180700452724603,0.00163690592673946,0.00853809619279812,37.0984806575972,-0.0882406877346799,0.0215872292020404,0.258621020174041,0.264263391392758,0.33637950639767,0.0667902160119765,0.0700757792473311,0.113472274189791,0.258438031280182,0.264718301685643,0.33685645932621,4.0334087931125,6.69064152896869,4.76449744280723,-0.518297679851721,-0.505029980817085,-0.421190332012862,-0.975453134540895,-1.26252141927052,-1.41922941445484,-0.00936566742195177,0.00844731965837425,0.0142947350400192,1.59030196718168,2.48210456753558,2.45282388133363,0.0204513505003195,0.64116455622303,0.120868938208342,0.249871144430604,1
986000,-0.261517551939434,-0.998073608373572,-1.04701811574201,0.320063328927053,1.21958314826506,0.915437237612608,-0.00401861343924813,-0.00305968822804144,0.00108303780391027,0.000871388455794606,0.0049238871912687,0.00728050984391449,0.0118379828293188,0.32962425014019,-0.0234893217579225,0.0722974638322124,0.112675553208745,0.146266370773534,0.00524437358924738,0.0127156873179003,0.021415203742,0.0724180474001294,0.112763856434144,0.146339344477143,5.2001047119834,70.1005786804029,16.6021190190903,0.460755029733262,2.21211324775565,-0.333930808442469,-0.261517551939434,-0.998073608373572,-1.04701811574201,-0.000766291046309384,0.000871944392361701,0.00747811601015434,0.581580880866487,2.21765675663864,1.96245535335462,0.00922233060560281,0.205675596153857,0.0245042454713126,0.0393165547867276,1
990000,-0.160796049159087,-0.138692411905714,-0.283380282624971,0.176681948178834,0.105168139471362,0.313611764084782,0.000154578409876523,-0.000228449714217212,-0.00099161361437211,-0.000105786203560058,-0.000299009555699038,0.000753966688362361,0.059870258626975,0.00184013428750793,-0.0806407198527359,0.0536467369294285,0.0389847417585635,0.100444969550247,0.00288798893180097,0.00152501587728583,0.0101237754402393,0.0537400123911501,0.0390514516668182,0.100616973917125,3.38087012233958,3.57880526709921,2.97154133833581,0.129989338420347,-0.23976663327303,0.140763869010403,-0.160796049159087,-0.138692411905714,-0.283380282624971,-0.000655113829060074,0.000428209289323764,-0.000552073407969861,0.33747799733792,0.243860551377076,0.596992046709753,0.00598790236210024,0.151651535721568,0.0103616192698522,0.0144869743811073,1
994000,-0.124779041634516,-0.130357850978987,-0.217745778067912,0.148674667479645,0.0966024919062849,0.269509571975138,0.00152450448433208,0.00328892215528537,-0.0134659931229061,0.000611249333862279,-0.000215538704887807,-0.000930097341152762,0.0490659160560412,0.00175883222373719,-0.0392084183520985,0.0487407061118373,0.0354531080959691,0.0882558171235436,0.002383559053245,0.0012612557770682,0.00781536084467993,0.0488217067834073,0.0355141630489612,0.0884045295484339,2.79508550047285,3.47265202632139,3.09034562493247,-0.138932594562229,-0.421710927121892,0.357945931548723,-0.124779041634516,-0.130357850978987,-0.217745778067912,0.00131058097723067,0.000703355124553331,-0.00297007548076601,0.273453709114161,0.226960342885272,0.48725535004305,0.00521973093061093,0.139304463675772,0.00787332720019579,0.0114216685620893,1
998000,-0.28038720506038,-0.125755131022082,-0.433664417574776,0.257272603449818,0.0989427667969754,0.351198698644046,0.000357958008099289,-0.00323153712671575,0.00679180140585182,-0.00263144361645848,0.000109246977614767,0.00103566952111904,0.0310170511596313,0.102312942273491,0.0646824552791889,0.0659154740699908,0.0376022526251895,0.107802673343474,0.00435303994840813,0.00141884400928536,0.0116608327713209,0.0659775715558562,0.0376675458357107,0.107985335908728,5.97055638829834,3.0697642166052,3.75901770476652,-0.175595301271193,-0.138573352731452,-0.258368562179746,-0.28038720506038,-0.125755131022082,-0.433664417574776,-0.00266298457994899,0.000558296156636293,0.00254727551902409,0.537659808510198,0.224697897819058,0.784863116218822,0.006377119730742,0.162713582676606,0.0117516528602642,0.0173801955043599,1
1002000,-0.28038720506038,-0.125755131022082,-0.433664417574776,0.257272603449818,0.105251726813852,0.351198698644046,-0.000230628719521634,-0.000368213203245691,0.00847970557845149,0.000548072858581258,0.000242668280745803,0.000199341616038536,-0.0220997315363211,0.114419243502038,0.196136648966046,0.065929099720672,0.0417599087249193,0.111950608796036,0.00436148986816223,0.00174990715533068,0.0125765677106072,0.0660415768146266,0.0418318916059348,0.112145297318288,5.06508602683414,2.84842953020083,3.76327134866608,-0.0016474586989389,0.0565879232901384,-0.316676317581808,-0.28038720506038,-0.125755131022082,-0.433664417574776,0.000263266482193476,0.000126345969228786,0.0022489288558979,0.537659808510198,0.231006857835934,0.784863116218822,0.00663296047305636,0.170833584048951,0.0127150049986582,0.0186234749764949,1
1006000,-0.193834275791654,-0.201312249441624,-0.256577579971957,0.197855252991217,0.389205723621739,0.315919009726565,0.000917496945895156,0.00358785381186612,-0.00569490536007562,-0.00109487545320273,0.000626085370269833,-0.00211383755820944,0.0666772514992998,-0.0580712758856877,-0.0969645195372165,0.0587679101586908,0.0449926500366606,0.106897690452625,0.00346449801917294,0.0020309986530871,0.0114624480818335,0.0588599865712943,0.0450666024133959,0.107062823061199,3.5708118673886,22.2021830487056,2.84319354495697,-0.133646611302758,1.79193084949273,0.309726755602421,-0.193834275791654,-0.201312249441624,-0.256577579971957,-0.000768822660640652,0.000120652328847615,-0.00412713465142894,0.391689528782871,0.590517973063363,0.572496589698522,0.00637674330029099,0.163388596956371,0.0117463729720449,0.0169051220458465,1
1010000,-0.161868729354714,-0.099841668213188,-0.271194332923965,0.128326089806082,0.127567785468296,0.324045277839716,-0.00496374806151236,-0.000543456659123413,-0.00272470772874732,-0.000158682837377857,0.000561066358663335,0.000501332868331212,-0.0383040424328337,-0.0106398885269015,-0.133307807255386,0.0460186742096806,0.0357325045433997,0.104047991268439,0.00212507191771034,0.00128094481052179,0.0108634534769251,0.046098502336956,0.0357902893327476,0.104227892029557,3.58501778649959,2.97860066853141,3.04637641398742,-0.218644186627616,0.0478148214886128,0.279944772349496,-0.161868729354714,-0.099841668213188,-0.271194332923965,0.000509927081474055,0.000398015783789172,-0.00115081205591167,0.290194819160795,0.227409453681484,0.59523961076368,0.00615016215644689,0.146596045931032,0.0109312020751503,0.0142205147439581,1
1014000,-0.132669881832465,-0.113925988536616,-0.328252441023285,0.15386091306428,0.115519598763688,0.30218235857476,-0.00168369382139661,0.000384170375236334,-0.00457572406415136,0.000359780080606473,0.000679571107121395,-0.000971349026205566,-0.0279788271264388,-0.158042568603683,0.0178302143587335,0.05296513237545,0.0375723652666881,0.100016943126842,0.00281494993757021,0.00141613796054012,0.010037297119617,0.0530561017939522,0.0376316085298,0.100186312037209,2.92987284553287,3.38878857629474,3.42604806710861,-0.0412267805870792,-0.0304603964421582,0.242170077169681,-0.132669881832465,-0.113925988536616,-0.328252441023285,0.000425820405490551,0.000732880904008453,-0.00218534286665346,0.286530794896744,0.229445587300304,0.630434799598045,0.00591275526928573,0.149037444983374,0.0101027294035488,0.0142203767917203,1
1018000,-2.30632260359924,-1.6169356977413,-3.29968805127189,2.08470898182178,1.8085056827226,3.15343878663994,-0.00991823345312256,-0.00189923631955646,0.0319087860584398,-0.0189331894114587,0.0133225178463184,0.0104420231375343,-0.0331689487141796,0.0618068327375288,0.0981801071883082,0.661759244828042,0.618757676841749,0.7760101367488,0.439091455563686,0.384016965409839,0.604180545606376,0.662639763041493,0.619691024148195,0.777290515577269,5.04217751723961,3.74646670541775,5.7817124934653,0.0620698689679752,0.0622198790328456,-0.426918711166063,-2.30632260359924,-1.6169356977413,-3.29968805127189,-0.0189214854046304,0.0102472464245625,0.0294666957922209,4.39103158542103,3.4254413804639,6.45312683791184,0.0477458224611066,1.37426088967191,0.658830686166957,1.42297809310287,1
1022000,-3.61174079696928,-2.67920121103277,-3.35778166278991,2.33457265706683,3.3264570284281,3.15343878663994,0.0403806874380933,-0.0183051811606692,0.152583953599868,0.0190225604665077,0.00405776434361294,0.0207133566151294,-2.14307050455361,-5.88395522672861,0.750380348276414,0.904143080279633,1.02282288774491,0.848406729872338,0.819959934918196,1.04979531687139,0.721871434185776,0.905516391302883,1.02459519658809,0.849630174950123,4.53209207926525,3.14049848941151,4.39607269399759,-0.763227172083588,0.166101200451143,-0.535648724273501,-3.61174079696928,-2.67920121103277,-3.35778166278991,0.0590876990460925,-0.00178979252361475,0.0465557016264804,5.94631345403611,6.00565823946087,6.51122044942985,0.0634039568051733,2.14898081376669,1.16170553863326,2.58343534860504,1
1026000,-1.80086510869592,-1.93416419115163,-2.22035862004449,1.49730085482288,3.3264570284281,1.97912951069702,0.0628654364151469,-0.00202878501554212,0.0309162084555238,0.0167318614432931,0.00749775046869147,-0.0110618710598164,-2.8524485138418,-0.15309602916812,1.56359971832666,0.575309514599854,0.58669218066407,0.681658022540259,0.331853350981559,0.3453506327317,0.466153884579163,0.576067141036146,0.587665408826911,0.682754629848208,2.77385309513018,8.45949830066987,3.44124025216805,-0.0796280356771224,0.810928756081776,-0.469747894528476,-1.80086510869592,-1.93416419115163,-2.22035862004449,0.0188118540687149,-0.00605918420306728,0.00923919104609483,3.29816596351879,5.26062121957973,4.19948813074152,0.0438619062525217,1.37920630314488,0.555876441686717,1.13984641213498,1
1030000,-1.0532829854945,-0.704127081329077,-1.01914444067827,1.51303257343343,0.560444882807862,0.948241355285269,0.0523305444911947,0.0058892309960899,-0.0343081174062137,0.0110600195600978,6.76005793062128e-05,-0.015411241265602,1.41838797472289,0.299774645318164,-0.0499348520651641,0.425990140512019,0.177239947127011,0.299383424802802,0.181977140853187,0.0315234507138372,0.0897044023084348,0.426587787979434,0.177548446103696,0.299506931987283,3.95109562589107,5.63833371802466,4.16694400256683,0.369683540399622,-0.649063481198569,0.263954288967578,-1.0532829854945,-0.704127081329077,-1.01914444067827,0.00158327374575145,0.00563674383043492,-0.0212066657594922,2.56631555892794,1.26457196413694,1.96738579596354,0.0268297662944479,0.678292410761935,0.20776150094934,0.30251203371769,1
1034000,-1.0532829854945,-0.596814959981908,-1.01914444067827,1.75433058246384,0.560444882807862,0.872902617967282,0.00134231995595582,0.00581770261264456,-0.00826127244898332,0.0249142509840787,0.00781467244354476,-0.0187539687143149,-1.58975293644392,-0.197606663999906,-0.133241019618953,0.464072826466545,0.110922982001572,0.232505284167829,0.215491101353361,0.012285496805741,0.053894128213054,0.46421019091933,0.11083996032903,0.232151089192047,5.50002071600395,9.75494774698594,6.19011859063181,0.726119156750386,-0.0247016148525876,-0.25171996893787,-1.0532829854945,-0.596814959981908,-1.01914444067827,0.00669474231535344,0.00645195980166045,-0.0166693257603398,2.80761356795834,1.15725984278977,1.89204705864555,0.0288858739566478,0.546934869634025,0.240223366754429,0.281726203366732,1
1038000,-0.201120872513159,-0.108036939210696,-0.236943067535395,0.129737975185436,0.110653141407417,0.286245806249907,0.00697670405593786,-0.00211517712401069,-0.00395195865009067,0.0020038208990274,-0.000296965598959843,0.00109429115736381,-0.00175963006721047,-0.129181779621636,-0.011961422256988,0.0504959745744634,0.0380429353878931,0.0874295971010713,0.00255469863138846,0.00145221917204114,0.00766936672167997,0.0505440266637756,0.0381079935452018,0.0875749206204605,3.42222052842956,2.82755000634024,2.87698462820374,-0.421081150501951,0.135907196984116,0.199222519961541,-0.201120872513159,-0.108036939210696,-0.236943067535395,0.00293977974037528,-0.000667537415344113,-0.000118315018004294,0.330858847698595,0.218690080618113,0.523188873785303,0.00516473561987559,0.140910807659236,0.00770799740020199,0.0116410428304079,1
1042000,-4.00298924197891,-2.25319046611661,-2.95183949857009,2.2392314843191,2.34643976239815,1.92067930034353,-0.0155930094876604,-0.00211969355019341,0.0138561906792119,-0.00940046682922315,-0.0220689250848128,-0.00188100150336247,-0.00195405313009344,-0.268359424042301,-0.439625966883286,0.759569861257613,0.600674174925194,0.628137184000559,0.578867963561112,0.361577905807272,0.395927532132958,0.760833729247799,0.601313483806302,0.62922772676747,6.26279570493986,6.2497640250068,7.41142255057299,-0.316598919193006,-0.206253501112381,-1.25649985202517,-4.00298924197891,-2.25319046611661,-2.95183949857009,-0.00604098812116197,-0.0119377080439388,0.0381499731041365,6.24222072629801,4.59963022851475,4.87251879891363,0.0464285662466574,1.26866647575625,0.622979223456147,1.33231216047712,1
1046000,-4.89384356871822,-2.51063536009938,-4.33563451240402,2.94198545964045,5.31837306602771,2.7572824139574,-0.0452799074046026,0.00222251178523947,0.13060296937772,-0.0275189451082275,0.0107040034034844,-0.0152729466628652,-0.0953060386984007,0.00828068797262889,-1.16844586916427,1.10422865277983,1.08384969337596,0.944749764295441,1.22280949157026,1.17870831936232,0.895427979164178,1.10580716744388,1.08568334212252,0.946270563403606,4.19773803520384,5.21242037027815,5.27828992740064,-0.453897814199715,0.558977125301576,-0.902339184393765,-4.89384356871822,-2.51063536009938,-4.33563451240402,-0.000266291475920773,-0.0116740238535214,0.0275182062790948,7.83582902835867,7.82900842612709,7.09291692636142,0.0785560616217355,2.37628292043327,1.78252525595172,3.28660319258742,1
1050000,-2.81525059394518,-2.38378595633432,-2.07055074380289,3.4285390729741,4.0008450540205,2.4539544170415,-0.083097892877514,-0.0212872734580719,0.0702954088139793,0.00947386383207898,-0.0176036782725896,0.000769344377721089,-0.0124432534304572,-1.52883827817206,0.847918249031763,0.890718417380164,0.776267553563349,0.642308861686404,0.796053620033876,0.604379966777814,0.413997573484712,0.892218370150423,0.777418784682885,0.643426432068742,4.59162984277954,7.19895505524555,3.93343480878553,0.335598754138243,0.591491795344352,0.0223449763253389,-2.81525059394518,-2.38378595633432,-2.07055074380289,-0.00314103039059917,-0.0232252268804681,0.00027275478997496,6.24378966691928,6.38463101035482,4.52450516084439,0.0586790254361944,1.70739087225211,0.994783235965901,1.80853128757633,1
1054000,-2.79334368606872,-1.27271143582093,-1.69192560548963,3.4285390729741,1.3422955283977,2.97419603559762,-0.0310808844248085,-0.0318488795003077,-0.0639434835526257,0.019389157360379,-0.00388520544750822,-0.016334569848039,0.0848630115822515,-0.3160846774019,0.337226822348118,0.615785219527589,0.355583877838024,0.510632008371271,0.380135411789765,0.126865303884333,0.261385819452032,0.616551223978807,0.356181560281177,0.511259053173664,8.84849517452325,4.71329778267622,7.35834740450552,0.186147397519581,0.352090185363059,0.804431624148337,-2.79334368606872,-1.27271143582093,-1.69192560548963,0.0230331819003898,-0.0131574200990761,-0.0277464880994782,6.22188275904282,2.61500696421863,4.66612164108725,0.0365332872709813,1.04899345298038,0.385476293280596,0.766376378740245,1
1058000,-0.463081087356037,-0.491449759673805,-0.738510994093444,0.600409403292854,0.424990417470971,0.794138979372169,-0.00401798717297881,0.00434523145696852,-0.00312042662084253,-0.00796661672411246,-0.0080910023597719,-0.0151379777968854,0.0501208765633689,0.0147445970736486,0.317273989478089,0.13508116266468,0.0936632508506316,0.211490390398626,0.0182468105057354,0.00873767940532432,0.044654075733258,0.135080755497352,0.0934755551217767,0.211315110044829,6.00581885370743,10.4157389379311,4.93335061890543,0.253584251948786,-1.25990327682552,-0.255146881860833,-0.463081087356037,-0.491449759673805,-0.738510994093444,-0.00894188234872388,-0.00122872348484352,-0.0111507952770575,1.06349049064889,0.916440177144776,1.53264997346561,0.0131513308564788,0.299564064269437,0.049653124083247,0.0717479102977132,1
1062000,-0.256269119098929,-0.116367923442358,-0.296196358126942,0.138999943572603,0.104462342052673,0.272158451571705,0.00147141275539855,-0.00146844637867037,0.00261196832292006,-0.000348009232148081,-3.29500775041177e-05,-0.000684078327405456,0.0267589377330941,0.00511439303931578,0.0191421024686772,0.0527577699769925,0.0375222040021745,0.0920618747587225,0.00279295895667472,0.00141282033363164,0.00850445016177217,0.0528484527368089,0.0375875023595827,0.0922195758056399,5.44437637869122,3.42252221701471,3.09121632728777,-0.5635239092537,0.0144379035210312,-0.0790921922900964,-0.256269119098929,-0.116367923442358,-0.296196358126942,0.000595557388821565,-0.00015380711662784,-0.000228585842618038,0.395269062671532,0.220830265495032,0.568354809698647,0.00544611337349338,0.142895753814349,0.00857141476177169,0.0126666868702168,1
