W1,W2
-0.0141585980476388,-0.00258341867208786
0.0153565688308273,0.00496632811972522
-0.000190682851975862,-0.00299976276148949
0.0106644711975069,0.00106368067164175
-0.00379742160272736,-0.00471886464141185
-0.00627875390285447,0.0062521165224586
0.00222642246549525,0.00589287835019795
-0.00696792337768206,0.00269224383187484
-0.00943905207861409,0.00988791127569227
0.00131990861738156,-0.000654621666298082
-0.00299257497620456,0.002495555015654
-0.00329471693905128,0.00373516775155503
-8.0627500891218e-05,0.00907767894386115
-0.00231580970559624,-0.00824413480193135
-0.00328138901266571,0.0169241038841369
0.000485271105976517,-0.00584687595672945
-0.00433943133185777,0.00158194070525864
0.00764764433753385,-0.0163117183214813
-0.00403610881712694,0.0122421558541328
-0.00364811723326158,-0.0050841614327911
-0.00749800939933106,-0.00248383299792744
-0.00659365005147175,0.000985576187937213
-0.00117206595315579,-0.00264934964019861
0.000347145166727531,0.0128788804211813
-0.00531246633798526,-0.00995390643570753
-0.00220272129841191,-0.00154924736308223
0.00025291093873242,0.00660127147981804
-0.00764211137560367,0.00514332797397218
-0.00137255685885509,0.00412743502995331
0.00267320511511691,0.00154290527747915
-0.00040788569673621,0.0010191359177091
-0.0116993715555906,0.00364652792741565
0.00538798542219864,-0.00623489180003459
-0.000324052779676957,-0.000597638498839917
-0.00942030582942459,0.00795861565995301
0.00103442469068412,-0.00732884526303286
0.00719095155396364,-0.00203080032042235
0.00344075738926092,0.00610119649719154
-0.0134745462055976,0.00469160691603653
-0.00216428104265203,-0.00228914890102401
-0.000567141719997419,-0.000360182402880297
-0.00867134783708229,-0.00149365056766229
0.00794505643319423,-0.00622011875733147
0.00252670628592172,-0.0029200093894305
0.009300568600888,0.00716510199653923
-0.00159184185837876,-0.00417546718850474
0.00947953466699154,-0.00948415161848765
-0.0119695303461382,0.0143147825583711
-0.00562671380343737,-0.00121006487190299
0.0102616987992683,-0.00229430516475809
0.000497189457444461,0.000851137102198348
-0.0082637493763535,0.0113995265147853
0.00774906293046357,0.00138010240950611
0.00874271011419166,-0.00519127758831809
0.00192888990524202,0.000734598501765566
-0.00207651708317307,0.00434685678339638
0.00415214663864774,-0.00337428550074708
-0.00513810522826069,0.00667248894261855
-0.00102564858753776,-0.0135464616456468
0.00386516757085719,-0.00322080092452352
-0.0038453517406142,-0.000445856209526915
0.00415828325849201,0.00640349814737164
-0.00480658854702292,0.00956814485228766
0.00313896210781843,0.000196728689604182
-0.00152977099345505,-0.0151962624909663
0.00368738546394,0.0154486392496499
-0.00238179037385159,-0.0185959727485395
0.00143241122634119,0.00437467840867259
0.00169565576935642,-0.0109482396836873
-0.00223930509386643,0.00609454361922338
0.00204857445718582,-0.00851790994382348
-0.00103766808527175,0.00255496568558387
0.00227939138219067,-0.0040949964411346
-0.00214261619666757,-0.00192204121939401
-0.00217654157510995,-0.00707436276151026
0.00141918193921418,0.00253739275317288
0.00253597434002903,-0.00382801832827727
-0.00137581681441673,-0.00365835676642188
0.00437907862650724,-0.00862575326955824
-0.000952494811718182,-0.00181175120273095
0.00609975519713521,-0.00422426016266295
0.00717229342095525,-0.00275254508881714
-0.0251027094499122,-0.00372211697915529
0.00384163199235922,0.00138976239133803
0.0226936791138633,-0.00416784356720885
-0.00799322561247284,-0.00318283524665825
-0.00772320090566075,-0.0012228013255936
-0.000209922244936697,-0.00167339353218866
0.00700734020509919,0.00197831111751907
-0.00312467426534909,-0.00274009214126359
-0.00207014215974098,-0.000185269989520011
0.00111491594142465,-0.00436942869791363
0.00245964759512891,-0.00628106390907177
-0.00778110162475185,-0.00557929967258479
0.0083070864210007,0.0043448425106801
0.00519205717448652,-0.00683640276386639
-0.00319640845898842,-0.00638058084384293
-0.0011590162944051,-0.00397810836179303
-0.0048267517613584,-0.000545108941096565
0.00661087272098141,0.00419259663833882
-0.00263768736485174,0.00317042488973347
-0.00371031285610323,0.00895442468205059
-0.00331322076156665,-0.00441061194217895
-0.00465050043762192,-0.000258251666141166
-0.000504739350515722,0.00525665307762228
0.00779774797799855,0.00108253128770559
-0.0154134533297521,0.00868472744175885
0.000953008957943822,-0.00483489901541754
0.00147573502896852,0.00365020123815649
-0.00475198573806069,0.00813692214242286
-0.0039715983323834,-0.00542210588536076
0.00260029550820503,-0.00889411121324441
0.00610471285462676,-0.00577689752872586
-0.000414572859478438,0.00173995147256564
0.00566227512798133,-4.66647268158181e-05
-0.00788876612885355,0.000628827780921357
-0.00522610235026955,-0.00333716155664329
0.00763482856355087,0.00741165955248988
-0.00673723716479847,-0.000134718241493578
-0.000180272254115385,-0.000594964161386159
-0.000965457284948637,-0.0106663538521216
-0.00773826003256427,0.00214302606608296
-0.00560862293376262,0.00707348648708766
-0.000800319935308734,-0.00822358529078217
0.00283893628666802,-0.00184038426287844
-0.00342439910828428,0.000565757761843951
0.00190665666321877,0.00425817220382579
0.00291722080814965,-0.0065565352779159
0.0046511008560218,0.00576963710402196
0.00208255157242111,-0.0031350351470914
-0.0080347722306299,0.010351330981027
0.0182867422332018,0.0199050124289947
0.00205259436340097,-0.00261201230749227
0.00558200498278811,-0.00669062236143473
-0.0124356591001912,0.00266215620893968
0.00415443372999639,-0.0065396232440814
0.013521488122824,-0.00926291417175499
0.000293208817202006,0.0147080716895991
0.00773398163079652,-0.00373229122776695
0.00671153073595247,0.00755966388996596
0.0082743402077517,-0.0159747525337623
0.00203036211306937,0.0273573815522433
-0.0158890891721481,-0.00490869720755681
0.0176107178272834,-0.0122971632651707
0.0144246707494791,0.00343986867461836
-0.000705170135174453,-0.00492077785851286
0.00919197087101529,-0.0208306400029878
0.0065323734445061,-0.00325008363442106
0.00493580858732982,0.000967894385555365
-0.00477969649541223,0.000177279817644111
0.00786328755691369,-0.00982923598831544
0.00470044108152234,-0.00216367686066417
0.000615200329831458,-0.00620174506955038
0.0211989470756286,0.00295719416618876
-0.00793331720279523,0.0034697693144583
0.000753825694658357,-0.00635754564750512
0.0061745378916741,-0.00728459088490827
-0.00357422133271986,0.0149551967240143
0.0123183226422739,-0.0276302986976346
0.0093302562380126,-0.00274773600864196
-0.00941676408351243,0.00390590417368698
0.0152931240770288,-0.0111931089802134
-0.0107674444161682,0.00111092629487956
0.0111351063682263,-0.0154197141977421
-0.00323266180713976,-0.0137633514975848
-0.00737729121330318,0.00802236228876095
0.012145915573926,0.00800040474110478
-0.00105266152614481,-0.0125947147127079
0.000436510040014908,0.0042260543022164
0.019322613838119,-0.0108436312759136
-0.00468347328130931,0.00246904658423208
-0.00929349280474064,-0.0192370165267647
-0.0245658626920752,0.00468518898605402
0.0109853102640761,-0.00721463632958605
0.00956050677363006,-0.0265464751658186
-0.0075607454539701,0.00146556699737526
-0.00397160948836789,-0.00170934727024451
0.0274697348436957,0.0136376448695486
0.00944600108287692,-0.00441503909601699
-0.00748958121779603,-0.0167693880708368
-0.0114839717343836,-3.86447774285856e-05
0.000711841677921582,-0.0186663235527457
0.00199857319698571,0.00463028885862654
0.0163714434179635,-0.00776388849657122
-0.00604629951367943,-0.0108696528999904
-0.00500199079387121,0.0107913869103856
-0.00239616642643965,0.016453304903664
0.00754548899234256,-0.00958653466818836
0.0210640985735242,0.0185026650212209
0.00452846482125375,0.0226757581391903
0.0193550933288848,-0.0152224506518809
-0.00390610659298264,0.0150797115803935
-0.0123935132317238,0.00527726459907182
-0.0042854390143081,-0.00323171817855346
0.00835429798135156,-0.008426676808813
-0.00988720797788715,0.0165863442562603
-0.0013137860663562,0.00728692029156857
-0.00961488181669162,-0.00551785668856369
4.65629366223113e-05,0.00753653419678825
-0.00252524943958213,-0.00907365908881438
0.0263348455385276,-0.00205748466486728
-0.00674971662276034,0.0234027660404604
-0.0131732919722373,-0.00782188969314694
0.00158884138794045,0.00284292618629576
0.00149004142055589,0.012754346802525
-0.00623840621303947,-0.0029511947554107
0.00108062561966911,-0.0107672333878189
-0.0200276621930903,0.00332537720334481
-0.00411494524365334,-0.00447954843604654
-0.00358253250965148,0.00638285784950849
0.0207590480355246,0.00309773833355452
-0.0158345963703751,0.00416951262708755
-0.0109054711396336,0.0165463367873783
0.00471671468886478,-0.00282185379425909
0.00124915748022186,-0.00455239573408665
-0.0148989444720397,-0.0053919660827274
-0.0010031963549687,-0.00482390035374245
0.00365201574378429,0.0086955886975199
-0.00120749929499636,0.0197908340933621
0.00364703090210205,0.0126086131431076
0.00734350616249535,-0.00662586768645706
0.000680335557975182,0.00515235229376868
-0.00581564606379379,-0.0166724211239389
-0.000854612537528563,0.0078946605415105
0.00997233555404783,0.0116310375131173
-0.00708171926137951,0.00935184445446919
0.00753807671866902,-0.00994536866279982
-0.00118999306751185,-0.00184383459066634
0.00294840617109679,0.00350538442415027
0.0128036754255235,0.0195195342309452
-0.00655937277279591,-0.010918667268403
-0.00535881555423824,3.82469894728427e-05
-0.011336705336999,-0.00928608378424729
0.0140430545320619,0.0197469004612954
0.00867008801336829,0.00120616076377926
0.0178758408778097,-0.00329456813002918
0.00121562228110106,0.000909721280835995
-0.00167545939604653,-0.0066459049342461
-0.00350566171391712,0.0102537169605744
0.00950283827043835,0.00938825055762981
-0.00409695628727327,-0.00713953166468521
0.00588345424323793,0.00749040606436943
-0.00304847784383247,-0.0193283990254319
0.0091441336283732,-0.00727283084410334
0.00744917400687908,0.023541428144715
0.00198925969733627,-0.0238551495637894
0.00509034035273159,0.0185091864122475
-0.00536212701558217,-0.00335369721992402
0.0111553810951434,0.007076320784752
0.0116066360315974,-0.0111508916111318
-0.00525224618220786,0.0138882060808168
-0.00181915967284322,0.00711491829320473
0.00241881158028582,-0.0014044576076542
-0.0047827397177019,-0.0116480830304909
0.00495391005969777,-0.00301818429928617
0.0122729397917001,0.0232147439139433
0.00135955201200332,-0.00511479641757315
0.000231548354917904,-0.0181569878058255
-0.0093907609991412,0.0188831515333313
0.008494208523327,0.00925607247105433
0.00761731141189194,-0.00860617933590148
0.00586094099845769,0.00861602395644415
0.00708402113017082,0.0159491091695422
-0.0100561198207364,0.00498690815150013
0.0220220766737281,-0.0315102709063277
0.00288137807708583,0.0127493788433613
0.0121592249036206,-0.00845436365838351
-0.0247326766260375,0.0131558539201961
0.00626265220272567,-0.0165332169063026
-0.00175215652756105,0.0230078771310733
0.00939847269530981,-0.0168885026138892
0.00669534662166052,-0.0101448076921064
-0.00290398573540686,-0.00808731704994375
-0.00458476910511749,0.0328767507893435
-0.0198654551295054,-0.00850688360597783
0.0110677982029569,-0.0155664843628932
0.0155003644811678,0.000916176929862684
0.0283321570149922,-0.013056990324599
-0.0259925564829388,-0.00171724874764224
0.00209915312131744,-0.00771515165641372
-0.00172915628956734,-0.00238938955215625
0.00760178514062034,0.00122502353258318
-0.0103644880775863,0.0112025289198841
0.0172654355317634,-0.000850935506389087
0.00578852086459997,-0.0542086817614237
-0.00308875737543296,0.0309726722801663
-0.00170754177464119,-0.0340697344402725
-0.00959952564312524,0.0091259037909487
6.56786220707538e-05,-0.00755026292852255
-0.004735023174381,-0.00197022671020801
0.0107463550082984,0.00814126057505997
0.00767220887693466,-0.0103627030238483
-0.00139269159818161,-0.00286080378522254
-0.00473220093781434,0.0109599740765948
-0.000541384138549831,-0.00133053172825493
-0.0102664332334469,-0.0336009923672986
-0.0121225661713153,0.0148676882183871
0.00520470553121856,-0.0134384842388426
0.0141914732992359,0.0158841753993291
0.0185151223555563,-0.0193253200424394
-0.0287627229652105,0.0143311479283779
0.00092732446710394,-0.012608499809706
0.0116312813222736,-0.00784554133947912
-0.00273593790856159,0.0135381843380232
0.00593855611317863,-0.00418003246789298
0.0200680342053315,0.0133681147108352
-0.010886897802103,0.0147432945867322
-0.0039665085182512,0.00104192667841241
0.0143119093649029,-0.00172986879897373
0.000604674836782213,0.0142392992546656
-0.00194321779022671,-0.00381016075621132
0.0135983833898386,-0.00156337373019356
-0.00420000242712663,0.0149436750757749
0.0224767710643744,0.00241547728672535
-0.0179955000424314,-0.00139623740102238
0.00506162415109132,0.00952407077533653
0.0104992015488926,0.00773149342476114
-0.0208171601946106,0.0270232329191123
0.0135146370813657,-0.0159698006455308
-0.00242332653072758,-0.0110355630998716
-0.0288614272406015,0.0339939247510854
0.02407697509219,-0.023874125162886
-0.00832451604493127,0.0148514908862346
0.00404867798244588,-0.00101531661294047
0.00895415822974794,0.0123773235440611
0.000231759312739262,-0.00453257465441423
0.00236374530539683,0.00793012387537071
-0.00371725479942087,-0.00834015743994511
0.0246354597886303,0.00445631436114452
-0.0145162913637281,0.00121224627745621
0.0113046966102073,-0.00660459862985543
0.00600184946110814,0.00411050244297481
0.00113345067818292,0.0238645749662759
-0.0076156750649512,0.00198140905989641
0.0129802599687933,-0.0340937074024326
-0.00735966494442781,0.0153683025516978
-0.00766605143361408,-0.0032897469545307
0.00273104360918485,0.0022794654693144
-0.012418115843588,0.0288665755874507
0.0290254975265636,-0.00872681368924385
-0.0186977921844199,-0.000393035162985933
0.00806183179434336,0.000202772355412872
0.00055513037168275,0.00801781459007407
-0.0217729817270348,0.00446006467854217
0.00674492979868199,-0.00995301048138146
-0.00228370480712622,0.00320526149564143
-0.00425675927854427,0.00680768088700163
0.00570947709167755,-0.0026066557683635
0.00249413189541253,-0.00161252227316176
-0.00443040045164545,-0.0188768444566196
0.0012571561201561,-0.00166668752313544
0.0112674210215669,0.00892779447764319
-0.000813880832494153,0.00085895719595114
-0.00569167569271311,0.0118730894982168
-0.00331916623487478,-0.00493466258651607
0.00485572860041305,-0.00102841681391323
-0.00256254388328981,0.00616018710910212
0.0028500153987359,-0.0164251486054767
0.0208904259374064,-0.00723610521846881
-0.00199768920243783,-0.0154771353787568
-9.75134934574325e-05,-0.0106015389434223
-0.000915218345741753,-0.015979511952953
-0.0033319031067006,0.0287312467955102
0.00804115937454772,4.52779830127445e-05
-0.00649103396536789,-0.00141021599127227
-0.00402720900275405,-0.0180250697515893
0.0123871821317611,-0.010817150715416
-0.00920529635519179,0.020412716124208
0.000371909940045516,-0.00566008114889603
8.84886583853724e-05,-0.0107981805915326
-0.00391217416060731,0.0160042673675787
-0.00622024683477441,-0.00459315048436572
0.0412342139456049,0.00520313869739193
-0.0196775323488928,-0.0116601372502589
-0.0025008710234872,0.00677706872539731
-0.0109249587630005,0.000893520753063062
0.00867185973550274,-0.0263903647366956
0.00521405507328082,0.00763433608364683
-0.01555473981895,-0.00510586531321705
-0.00984010409905144,-0.0107329727848815
0.0110131749897488,0.0261168119034556
-0.00602469235869896,-0.00337063411070901
0.00772276669235268,-0.00894672375945294
0.00961402078225324,-0.000636556185699349
0.00751863959627475,-0.0133763780722345
9.68873819206153e-05,-0.00433610266958814
-0.00072595862483858,-0.00989765881994442
0.000437298708671519,-0.00316719669055324
0.00123082076191865,0.000885846653369722
-0.00408660410508428,0.0146831720136705
-0.0143387216560631,-0.00355748846754266
0.0367490238808884,0.00151974032273038
-0.0315614422072074,-0.00898769073526874
0.0148399456333735,-0.00338599480126585
-0.00368201848938819,0.000721731911747067
0.00274084847156632,0.000231446860072772
-0.00658086404682381,0.00628125748702215
0.011677924265629,-0.00478706862115119
0.00414830687503906,0.0157728829845215
-0.0171078021533427,-0.00703125377273249
0.0123449707188886,0.0182425516228244
0.00271388746744381,-0.0296487629834951
0.0109088210993725,0.00169983487363258
-0.00286241652634353,0.00905362636263155
0.000892186137998886,-0.0199680585254244
-0.000714360415690108,0.0122499793199566
-0.0055027771610153,-3.87403995822551e-05
0.0143518882991076,0.0121509004413366
-0.00647512175851254,-0.0125224119139409
0.00275705233189422,0.0120498945676733
0.00265740553085424,0.00232528117967704
-0.00479028456901072,-0.00992767201992673
-0.00570635717581212,0.0205204496251101
0.008322977554543,-0.00554402978775247
0.00263562786782803,-0.0118849747561774
0.00369641747091405,0.0125289009925267
-0.0219870185803756,-0.0197106048301119
0.0318462674505048,-0.00595327557928198
-0.0139924958154364,0.0145473077082498
0.00725105481661309,-0.0169070570822853
-0.00642408319859717,0.0176046387077476
-0.00734432868532649,-0.0131510899194003
-0.00803528763543468,0.0104625596613849
0.0111026616265626,-0.00271735390908153
-0.00299447461924154,-0.0182877539808726
0.00882922092450052,0.00888725147621022
-0.00115193034482219,0.00440424271787194
-0.00396115912919907,-0.0147356267237604
-0.000582881477531857,0.0164327164339374
-0.00502541699065052,-0.0167544980338409
-0.00115515964140356,0.0192096507469982
0.00514454621478173,-0.0325053864029404
-0.0145691975050335,0.0284840770226245
0.0186130091946377,-0.0122672145347495
-0.0220912305200722,-0.0144817811895283
0.00640894352065018,0.0384514738987671
0.00416633318450427,0.00829684306504968
-0.00618311016635461,-0.025133314163204
0.000903332250477819,0.00514667317748946
0.00588409291475633,-0.0269249645977153
-0.00170563642278967,0.0271964126517667
-0.01427922877025,-0.0160566971306601
-0.00990498454171168,-0.00870067993012761
0.0118231649996836,0.0034228558144574
0.011109675556593,0.000684521725239816
-0.00659750570463178,-0.0112845111673235
0.00191146567729002,0.0191126957349838
-0.00221889066878393,-0.018978914831964
-0.0120022407519015,-0.00132563348157154
0.0120398939681821,0.0114532291806813
-0.00842806822726916,-0.00720550848615558
-0.00324285624481752,0.00455010696140561
0.00461974696518026,-0.010184488564262
0.00352074322057875,0.00727954295896837
0.00516277352767308,-0.0135893508407489
-0.00632173613874679,-0.0083608325607587
0.00389066646427055,-0.00398616118075134
0.0108657920406413,0.0130563393507098
-0.0086511073620533,-0.0161704874119027
0.00304684863140691,0.00165976488332051
0.00814831099980096,0.0137063484410689
-0.00133811049502912,-0.00828424150327966
-0.0148129503441531,-0.0168715656465792
0.000403709004727503,0.0160169190519233
-0.0106690184457178,-0.0116553168864768
0.0279323448306682,0.0118169212365691
-0.0244402146063007,0.00357155691795675
0.0104039927966052,0.00623032280251432
0.0187410247768676,-0.0247762996335421
-0.0162302456697744,-0.00264502920738003
0.0217659981602233,0.00654513680452785
-0.03239988455986,0.000342398704437889
0.024320785387203,-0.0109096105251018
-0.0109974017796797,0.00867860131065511
0.0080700972368344,-0.00301875970680779
0.00187249690007408,0.00648070494124039
-0.000185775081359997,-0.00330367616839828
-0.00544588161499191,-0.00952503863168384
0.00118741884197596,0.0108262870357461
0.00205923126630852,-0.0158067627128272
0.00403456737954801,-0.00309272301181392
-0.00126702046333685,0.0261463683525528
0.00235981865788163,-0.015722335701892
0.00587634998387778,0.0129730885736666
-0.00550385896514393,0.00167885588636093
0.00840389272631286,0.0320663368268075
-0.0010398600596779,-0.0289303432648997
0.0135349457009243,0.0173937086701713
-0.0190266600188657,0.0149262774922116
0.0167596655742806,0.00318329370295716
-0.0120778200972514,0.00137489613806663
-0.00498404522461127,0.0242818826038966
-0.00487465496780299,-0.02716449008049
0.00250815736323344,0.0327112667789128
-0.00222821916533799,-0.00569578889579657
-0.000694889874855367,-0.00696500479214629
0.00472120256419938,0.00528087652213864
0.00551161687774408,0.000927027032765289
0.00171286909224347,0.00617217958727567
0.0047234696882007,-0.0132594740987033
-0.00516813481787647,0.0156604549816348
0.00527141719526866,0.00237566855682765
-0.00896174062829356,-0.00943536409395813
0.00134182278284921,0.0185992142081422
0.00232987759178231,-0.0146175067120878
0.00812471977670807,0.00923113182397745
-0.0183768716803158,0.00785882522349976
-0.0040947937959297,-0.0129414873552102
0.00889115650754883,0.00281648575929533
-0.0196158029126075,-0.00338495116188259
0.0163945736646426,-0.00407808645223537
-0.0115783393468706,0.00617776017056693
0.000304767008470543,-0.00183379731875119
0.0276034882555903,-0.0136673557768233
0.00270929723858716,0.0155006407095419
-0.0257700323229513,-0.0172497327126859
0.0156965693089915,-0.00146834339848318
0.0202301590094098,0.000972873961068727
-0.0465769080988516,-0.00843220345275373
0.0524168740983809,-0.00557065833836937
-0.0285878206267137,0.0286743722636854
-0.034411566250805,0.038755137742801
0.0247737434814671,-0.0154862945860629
-0.0155206417148078,-0.0282037038372979
0.00466639521700052,0.00216227842587539
-0.0201169881657865,-0.0226850281816183
0.060220830352774,0.0158889305326174
-0.0287599919444148,0.00280975096140208
0.0103204029060079,0.0375409526684181
-0.00779466022003822,-0.0462155664675132
-0.0244333317543821,0.0205531776219413
0.0057118901721877,0.0205757076178118
-0.0122817120155192,0.0277474686900554
-0.00604297818301489,-0.0372180036255548
0.0266546428471572,0.00122822113520198
-0.00388015775545251,-0.0151173511017115
-0.0229807575678225,0.0211191479740981
0.00505049415323334,-0.019453144451085
0.0114706766194397,-0.0172794757518745
-0.0286190159017732,0.0407657272958857
0.0169151850628027,-0.0281412250595757
-0.00259275989068864,-0.0134482367226842
0.00582073124750889,0.042540656685475
0.00159157947329274,0.0215983934476495
0.0131947150077732,0.00660107417356591
-0.00109861425830293,-0.0105600188426623
0.00401709363919758,0.0166189024197614
-0.0153445566652366,0.0206375130721358
-0.0119983271442357,-0.0116609562929406
-0.00585506364877319,0.0199509390915749
0.0136983938436268,-0.058024392040821
-0.0249109202408342,0.0126027132695506
0.0112214188928531,-0.0106976166369391
-0.0335841286848595,-0.00404200987860904
0.0240937314482479,-0.00248211532048739
-0.00581827379111744,0.0244391811798821
0.0390620104995356,0.0155258642740468
0.0219324395966581,-0.0151182182195214
-0.02808135815416,-0.00427329186440628
0.0449680405898352,0.0174973492687064
0.0024934785917399,-0.00241951474637068
0.00503238568224066,0.0240476172076378
0.00261164905479003,-0.0184729025191367
-0.0175641891503449,-0.00835638579275461
0.0118439838651405,0.015779046064349
0.0182176918389632,-0.0193308986229191
-0.03943106220302,0.0187735282660257
0.0395486111023106,0.013464924599881
-0.00380736330427371,-0.0326208193119372
-0.00806214596709826,-0.0160042697277835
0.0218103940709271,0.0335194821817565
-0.0126779635146514,-0.0475630012442285
-0.025643974316084,-0.00704132348919015
-0.0236406979906402,-0.0516222765527662
-0.0350807132141117,0.00970215980727505
0.011318349741559,-0.0404291130166938
0.0117779697166532,0.0188333096198296
-0.0126100589191742,0.00561684514180914
-0.00105244634385961,0.000492273355638682
0.00555389728281333,-0.0149395920705651
0.0143332477240295,-0.0331359525429935
-0.017745093036034,0.0215032807268291
-0.0222263613095339,0.0190934934716437
0.0228845734190756,-0.0179660763582875
-0.0172956459640159,0.0069424771198878
0.00322058490704518,0.0167474642372484
0.0271058683873895,-0.033865153597198
-0.010925138290997,0.0278125020435822
0.0068459888334519,-0.0243472149183399
-0.0301518721516626,-0.00207213472406316
0.063682558610453,0.0461391268596016
-0.0272213529107431,-0.0182562781688457
0.0356661499835829,0.0167792655539344
0.000887109872655876,0.0232299245610334
-0.00204644024410316,0.0140241755212569
0.00946110019852233,-0.0134781410325302
0.00618698485152417,0.0488208629056458
0.00287627267703109,0.0259425657126175
0.013110540075053,-0.0207865188281119
0.0248484274610677,0.0136549486260733
0.00375525159448423,0.0104915358362645
-0.00637522996606086,-0.024785165126789
-0.00466188303238746,-0.0134618499646384
-0.0173499465950422,-0.0243463191745494
-0.0233176955047517,-0.00680415260100068
-0.0332597771088347,0.0277266864593326
0.0528043143016833,0.0298268132304285
-0.0288280846538636,-0.0228020573328489
0.00531347956990952,0.010662120934152
0.012024408124946,-0.0394678241527144
-0.0310027754805833,0.0117451522859553
-0.0272276057618455,0.0173701128036373
0.0141575850082715,-0.04469911970213
-0.0331640072451074,0.00754802938750426
-0.0285318971157088,0.0110810273394196
0.00897088702565423,0.0104307147641352
-0.0113490183853456,7.61906064184147e-05
-0.00452940200058666,0.040032944088138
-0.00326891703513986,-0.0566152997641547
0.012309974583525,-0.0224634755809235
-0.0180472903388313,-0.0143661831221645
-0.00964190849911621,0.00922869100775404
0.0318970056916874,-0.0222347575571581
0.0434151006851239,0.0058582434811636
-0.00321833726554284,0.000681441919422744
0.00371565886856655,-0.00328557340677449
-0.0087532829456305,-0.014462972008287
0.0139549760182384,0.0112885113794236
-0.00608179981209439,-0.00021669519646625
-0.0500499967489661,0.011861790540414
-0.00252892595683395,-0.022517718005756
0.0397812206927462,0.0114347439726884
-0.0356214511366363,0.00613650546255106
-0.00147160618138737,-0.0115378602076236
0.00934649406050748,0.017626388793537
-0.0133646628756788,0.0114909740042709
0.0105538998623658,0.00241805515258432
0.00657520321265323,-0.00813643384541402
0.0242972743543305,0.0153127820479557
-0.0247644529779804,0.00249494843876176
0.0154687491207155,0.0314819541763387
-0.0145885297186029,-0.0617314766348312
0.0419951618363415,0.0539234099641605
0.00345267071386958,-0.0249225171710994
-0.00218084460381717,-0.0105415616567833
0.0301496128790492,0.0374046817798079
-0.0176109787921054,-0.0290473863052797
0.025501565034802,-0.02270437346029
0.0252483555600453,0.00829060420119971
-0.0352272872832961,-0.00367604313998044
0.0165869577217402,0.0179331337239117
-0.0116005191563696,-0.0404012483996555
0.00855932692315742,0.0179339024554351
0.0104186156941638,0.00175550788755928
0.0353209593197663,0.0129785621513592
-0.0201144511199213,-0.0439475241377706
-0.00718587429009114,0.039352472212761
0.00701829998556165,0.00605930884825115
0.00266440082829007,-0.0147218320799818
-0.00355780839902931,-0.0112095642864112
-0.0276668474661584,0.0452710206932038
0.00830195076213598,-0.0164010134833032
0.0287968298653115,-0.0439537063900397
-0.00852299101259486,0.0149074299014185
-0.0141229618928181,0.00142319864859507
-0.0121408024020048,0.0242072042834548
0.00102878076875226,-0.0119505741107739
0.00867417445138003,-0.00812713130568837
-0.0259313512302081,0.0302182788659304
0.0255921938564327,0.0136495201966622
-0.0285721674886829,-0.0116563842829578
-0.000865897571039726,0.0084834812910177
-0.00395318629858227,0.00992788200719685
0.0279483240505769,-0.0183714033391654
-0.0169604591297481,0.0055931205862433
-0.0100545542220368,0.0256401314566378
-0.023454305727262,-0.0299314677384363
-0.00522666163778917,0.00930003098854073
0.0226984649734027,-0.0411680135263192
-0.0151031698862596,0.00905627939212873
0.00602999201741385,-0.00638825139610347
-0.00831231211775314,-0.00647532389515974
0.00197482294825686,0.0207487296389886
0.0122856946867945,-0.042252717392194
-0.0160573736601699,0.0331566824960135
0.0245603052678227,-0.0383083258019415
-0.0241950275608903,0.0265107867067466
0.0133963808402667,-0.0164309911427424
0.0253872487993255,-0.0389068028554459
-0.0219007897661345,0.0348937430060818
0.00350944570744448,-0.0293615573944754
-0.0123491568532343,0.0124842154008104
0.0141331163574792,0.00852200082093469
0.00523133349335554,-0.0329135477750233
-0.0162145813612756,-0.0273652595586577
0.0412534108759044,0.0568888712089444
-0.0554881092180931,-0.0259951553238378
0.0211378134140137,-0.0146858223473199
0.000933618414895556,0.0113099397842305
-0.0211511540954534,-0.0122585262517848
0.00400518976176747,0.0407609441700766
0.00618165790134683,-0.0566963659362717
0.0157446182853969,0.0138124356300761
0.000369315535492136,-0.0315878158284574
-0.0110365740547468,0.0322320612755568
0.0138458843672244,-0.0259341717970826
-0.0334502835514503,0.0073501126070006
0.0165108098696882,0.0139537483327977
0.00127523563718562,-0.0138654227578702
-0.00781920299997534,-0.0420125635533819
0.0102565089272323,0.0492490997427436
0.00461138554201066,0.00425403556002826
-0.0205107804643613,-0.00432392658084518
0.0171510481951647,0.012213039792889
0.0352300417583305,-0.0353870378882711
-0.0337029326571116,0.033803055653639
0.0198971402528783,-0.0212755276734699
-0.0123044114970549,0.0115243541913432
0.00477632292590086,-0.0292546682654659
0.0078520552806299,0.0391608642440433
-0.0165113533516654,-0.0159894042280238
0.0129493586201128,-0.0109206912864074
-0.0170795577445049,0.024749619351642
0.011976500378547,0.0365378227405842
-0.0247410250544807,-0.0150853210840888
0.0203882474875677,-0.00283098180455816
-0.00454478672562146,0.0096770321879412
-0.000869716896452924,-0.00832506577175411
-0.00103473649745758,-0.0259317570631822
0.00500754813805601,0.0313004837301763
-0.00746721568090754,-0.010517195787634
0.0100370748629526,-0.0210645335796416
-0.0029077288984848,0.00812208518778207
-0.0411048226635919,0.00236714964596771
0.00886156743716352,0.0100786816553255
0.0277027400854114,0.0376505075043815
-0.0131582814783073,-0.0316998828303088
0.0203655976268295,-0.00978330086462357
-0.00322870371392609,-0.00854181155545621
0.0041648808074815,0.0233543850806939
-0.0220080314629326,-0.0219083198802531
-0.00738668535648836,0.0294761794027518
0.0271593579897388,0.0103754368375646
-0.00759824146256814,-0.00315634668084202
0.00492544559809152,0.0258672994772029
0.009475969152615,0.017875560627666
0.00580100078344727,0.00341381272021966
-6.67462506404614e-05,-0.011959657265972
-0.00455369170520704,-0.0344017183334938
0.00484929562033351,0.0140990076540363
-0.00654113584628445,0.0141882301439436
0.0277865290062101,-0.00746591663555707
-0.0348496696929181,0.00215241708327595
-0.00859289963180383,-0.000984128857929854
0.0177274478459889,-0.0214371882608999
-0.0228965895569699,0.0156197688821427
-0.00437117130465459,-0.0184545020586742
-0.00497330950640209,0.0605555420392767
-0.0048428834685092,-0.0304926127340211
-0.00484042768829516,0.012791641052078
0.002677473337953,0.00111905987550794
-0.0415752847555658,0.0209134127455485
0.0165280332135638,0.00820384757895136
0.0165972364450118,-8.74919398510786e-05
-0.0208133750832861,0.0107122903738494
-0.00550055974706197,0.0306157684265305
0.00545712123448097,-0.0422414850134935
6.30936391121152e-05,0.031158679110722
-0.0779545031240521,0.0417345199041717
0.034219226435869,-0.0204616775863093
0.0179843197672614,-0.0301248773183278
0.0136278682200615,-0.0153799270008186
-0.0152416621978995,0.0243684107164721
-0.0779865209994055,0.0370077564814182
0.0414796776066997,-0.0215229632203843
0.0151994716022814,-0.0278490910803708
-0.0565295385060205,0.0380591268321379
0.0284446054737865,-0.0712088556481007
0.0391946893310043,0.0613730438358874
-0.0299392063443781,0.0146723886284939
-0.0112590627957186,-0.0517874282913706
0.115769794045425,0.102619536021866
-0.13957536677063,-0.0564291890656595
0.0270926769355701,-0.00584871773768284
0.0680873525712952,0.00931542421587546
-0.0891843880699509,0.0574676763020106
0.0949574544968384,-0.073732668970863
-0.0626874785508174,-0.016479745794176
0.0489732208919484,0.0659368043378765
-0.0750052441383187,-0.0364835802480595
0.0429848533403245,0.0126403824549256
0.00898027093266716,0.0628184504865148
-0.0692042083976334,-0.0742015288175881
0.0342093066325559,-0.038408597867864
-0.00651337428516301,0.0693211514025148
0.00787698160717094,-0.0433159652242134
0.0209907618553391,0.0438444743499386
-0.0491015920715077,-0.0593964735302893
0.00506258599901396,0.100731090506167
0.0531440794377841,-0.130886137707698
-0.0691744436053716,0.0523981797965915
0.0374976379161544,0.0426593818105736
0.0299278595370855,-0.0073596644684274
-0.0154489970132813,-0.0342045624704417
-0.019372089627199,0.0715075348146777
0.0134126777255913,-0.0132553288861762
-0.0686181128812685,-0.000116104943076544
0.115566945763159,0.0221156592432504
-0.101425793984237,0.00649079720184444
0.0557275672181122,-0.0259414282920811
0.0180938510948467,-0.0306960444190821
0.00566525076725633,0.0702373933604568
-0.0216078448399546,-0.0454950213607357
0.0159897270874875,0.0566244500964607
0.00498002066564661,-0.0379003348465845
-0.0703722518513768,0.0681812466834975
0.036737826542847,-0.0855524556871645
-0.0492712277055293,0.0915126458960848
0.0981342035415758,-0.0516085873385484
-0.108006077191726,-0.0217647514500161
0.059329232942479,0.0633221838777941
-0.0521669554251813,-0.0160302145025211
0.00382973078211849,-0.0308213764604924
0.026052975436161,-0.0104125979679029
-0.0300421778494735,0.0549099727154532
0.00725058834650112,-0.120530261135425
-0.0723960801978432,0.0860695083158741
0.05979639108823,-0.0569947093204392
-0.0103713573653348,0.00423228860067661
0.0019508641467459,-0.0063787756425233
-0.01939672366269,-0.0324751219668235
0.0523631267965445,0.0229836711819637
-0.0269671244955257,0.00599823327200487
-0.00289527126789852,0.050838884543862
-0.068769062085113,-0.0283057890878601
0.0399982385426433,-0.024476282427728
0.0057787186638184,0.000342701391566882
0.000579748347571784,0.0850927558865991
0.0270762426510212,-0.0670936967876386
-0.0737640691922,0.0165655969458407
0.0287300599178214,-0.0814654623980672
0.0542453185290597,0.152424524070989
-0.0743148495978763,-0.135581225525639
0.0091025071622194,0.066340940419587
0.00347633597103768,-0.0674003647862668
0.0562644883275383,0.0520641469521581
-0.0852304415804255,0.0296649611471678
0.00718814958218347,-0.0582948713235208
0.0702858762932301,-0.00174999148322376
-0.0896312548862715,0.0133225220583954
0.0379041482265701,0.0424046913518424
0.00611860282983108,0.00613017868192422
0.00538768295095741,-0.0277141797175327
-0.0219624677431158,-0.0335235745286006
0.030686411071826,0.0465168104430766
0.0257923109100678,-0.0323232809666796
-0.0928540175877529,0.00406755106589125
0.0144872079766181,0.0498763188722531
-0.0151162434462813,0.00900967084514641
0.0822588132512327,-0.026302710959534
-0.0479865391224237,-0.0390350959211847
-0.0464165031098081,0.0249029691801325
0.0796907761783598,0.00225642144262296
-0.038106390443818,-0.00174872825646681
-0.0688687894001533,-0.0228345321100812
0.0440772322652242,-0.0188082304063517
-0.0203930855120449,0.0641428667784691
0.0345435889851374,0.00347679191218224
0.00654333094721414,-0.0198506563593524
-0.0530968107935309,-0.00418677630154695
0.0673159208511348,0.00983550782383539
-0.0420619403790592,-0.015557896710087
-0.0363282945900526,0.0887005941108216
0.000993269087847726,-0.0733755629541587
0.107332976283034,0.00952383249548742
-0.0584657405458239,0.0243652450277387
-0.0351558498532531,-0.0685863653371275
0.0687514450569229,0.100659428796712
-0.0126959808082524,-0.121721216173661
-0.0361430227991788,0.0546311571361309
0.0617440783145914,0.0113238183316093
-0.0409206308983624,-0.000622336868642907
0.0246630218955028,-0.0117528176479061
0.0309642294091557,-0.0209319591793734
-0.0136546683736067,0.0433827727402161
-0.0418231169447841,0.0149021390370351
0.0224096596333754,-0.0415988204970567
0.0326557496026736,0.0573030798203545
-0.0496913353979284,-0.0157193120510867
0.0769662019479509,-0.0500169611084799
-0.0430890244885494,0.0520239765936497
-0.0380116584948057,-0.0730189639314229
0.0568575450386027,0.0381839572178129
-0.00299022985615334,-0.0430276976522043
0.00776185418766548,-0.0478712282553408
-0.0322525524782121,0.00333871916896845
-0.0329496134717749,-0.0111908953235517
-0.000750886171276635,0.0344457692999907
-0.00728308857780943,0.0040013688309296
0.0706273803884334,-0.0572721905226266
-0.072159281788613,0.0421367450589822
0.0559637113429793,0.0290186581115756
-0.0731515747779914,-0.056152954814363
0.111519130276291,0.0277172312158012
-0.0283061814871919,0.00626539977391741
0.00891503008989536,-0.0197294810554022
-0.027461301919589,-0.0155939339167395
0.00680293775754583,-0.0439861492817942
-0.0190652532635597,0.0623880642616884
0.0773091546992407,-0.0380586950187993
-0.0702788116591468,0.0431881026978161
0.0310124285111148,-0.0546222389074522
-0.0380783983788979,0.040715748931641
0.0497632858851863,-0.0311973461398926
0.0173921194387168,-0.0188306839015798
-0.00574505318591914,0.0398270202688273
-0.0137422556031443,-0.0117797557291274
0.00815398281303505,-0.011330576822575
-0.0145230882192682,-0.126151266721083
0.00465657428653174,0.091068647371062
-0.00218502150821096,-0.0264278937653483
0.00641905382665258,0.0770979029676129
-0.0385239446837495,-0.0736030810844241
0.047854087666186,0.0544962936133832
-0.0567768204932529,-0.0292441554162982
0.0538176419715766,-0.00538239784147404
-0.0362980056907928,-0.0112986086724559
0.0293187434567578,-0.0214502456388586
-0.0491852563845258,0.00885717652426009
-0.00867497784651935,0.0175716032965844
-0.0214694522472284,-0.00933321114044129
0.0408925336081287,-0.0250490778731164
-0.0302029576355096,-0.01607986382193
0.0195814098148042,0.0629712302949103
-0.0355315998730458,-0.0818446091667578
0.00763429024613247,0.082764896868529
0.0418949844076536,-0.0473959316468879
-0.00749453696564219,-0.0149071022176338
0.00822921830784144,0.01461486286479
-0.00130432674815957,-0.00138865008256093
-0.0204945449666684,-0.00832762871101609
-0.0220788685836928,-0.0634206371157848
0.00828761507809707,0.0742443641425226
-0.0436860178529291,-0.0507685095873127
0.0285485140099685,-0.0343924999311743
-0.0616740415253624,0.0165452985898924
0.0346594724765099,-0.0393126568452787
-0.0026430464191337,0.0275805360751663
0.010662935284016,-0.0234195037104568
-0.0240718623397671,-0.0160892928053947
-0.000644717027078339,0.00794377735226932
-0.00779207438601487,-0.00690186211531889
0.0554477184530023,0.016164144123463
-0.109818477363126,-0.0158117862244505
0.10521232550548,0.0236126365997249
-0.0503671023866904,-0.00146076099630431
0.0346029891047405,-0.0317439317362803
-0.00512979400913139,0.120768869884352
0.0223908179705993,-0.0806649866177995
0.0345273532836866,0.0223504821195552
-0.0266756375054176,0.0601543167180698
-0.00240925577783088,-0.0251654625555674
-0.032379603023616,0.00167965795330796
0.0997596087559155,-0.0589276587451121
-0.122476803879976,0.00757770482568631
0.0967605961767524,-0.026908827288069
-0.0290772035967312,-0.00387319898128369
0.0188365036899222,0.00640136227184247
-0.0310385589612913,-0.0529946457481264
0.0134709381136254,0.0437725879023261
-0.000703750021000979,-0.0149033683927114
-0.0178513867073151,0.00162424245281428
0.00516064734992638,-0.0188417208239167
0.00851920827696258,0.0684286835013647
-0.0027959629977462,-0.0757105797143117
-0.0262065307769632,0.0495877933604992
0.00789327241175017,-0.055231302517882
0.00311906687536937,0.01036783914341
-0.0149183266818995,0.00227581687060115
0.00810694992194349,0.00955651125809241
0.0016204418723088,-0.0409887646235259
-0.0149520630756332,-0.016528490317026
0.0457280198912398,-0.0149307208885304
-0.0506222788126921,-0.00772085315408886
-0.0224137160233137,0.0425769112692452
0.0169978768728169,0.0191452142421665
-0.0345562461563428,0.00162641624645489
0.0708697376069557,0.0111353861059529
-0.0601420109641231,-0.0221922515989716
0.0870624257034222,0.0516186574524032
-0.0899717016628414,-0.0484652168727896
0.0751582403420533,0.0772048698604387
-0.0762477196677743,-0.0240595234275577
0.0587327203560062,-0.0111551951687401
-0.0442363653990463,0.0387899135963072
0.0981828091936895,-0.0347508840953443
-0.0699261300527382,0.028030333370209
0.0409721308150832,-0.01903553725521
-0.0508629013567717,0.0350429076093363
0.0114329145357616,0.0118360134528863
0.0645280946917404,0.0372937791565405
-0.0386830220918711,-0.0495432579979463
0.0244499568304201,0.00657396845021796
-0.0412827839812714,0.0405276522040498
0.0195507791594189,-0.00696385618336929
-0.00752714172882222,0.0117198615609777
0.0132459670471308,0.0294626470807524
-0.0144807488921787,0.0295578108244033
-0.0742013122579299,0.00103074145083498
0.0540033161915135,-0.00472237305021125
-0.0144410473716739,-0.0325708082354014
0.0604641792729667,-0.025532511407959
-0.12875257297914,-0.00486095967859307
0.0703141318723896,0.0585671168444907
-0.0381644100496078,-0.101690474783904
0.0717280984097049,0.0640227030355282
-0.0882557713359063,-0.0331472428224108
0.0856801616373721,0.0498485076374695
-0.0595562002930959,-0.0508423407951355
0.0381917549003806,0.0186030086808121
-0.0179632594772328,-0.0156781722106804
0.0324620170466579,-0.0133031158644073
-0.0248333118026789,-0.0172382026892018
-0.0236339486089977,0.0215611908454727
0.00239078729190844,0.0212436025381167
0.00799368999148193,-0.0114711142941041
0.000110465497628103,-0.0471564740600818
0.0162918043026373,-0.013432004680412
-0.0403114514397539,0.0778443688344322
0.0416946411963881,-0.0284856561850645
-0.0120621605558946,-0.0350771468976763
0.0727179224886839,-0.0121168051910045
-0.0476665111545513,0.0153881059783704
-0.0348912597295258,-0.0397768492020693
-0.033006924287949,-0.0170540956979172
0.027646138084013,0.000945880905813115
-0.0263135056760658,0.0375394478904834
-0.0146614220729532,0.0552455646729873
-0.0237581445614541,-0.035797558108436
0.00699203702191218,-0.0870072277634261
0.0117848497668356,0.074115203426729
-0.0134087767874507,-0.0290813057207679
0.0590514345061006,-0.0445578520177996
0.0112039830254453,-0.0350959738913572
-0.0861418473469958,0.0212940244077277
0.0904717569717942,-0.115779911009363
-0.0747819871069681,0.0209057810060824
6.58527038259969e-06,0.101173152134992
0.0344006695289487,-0.0277930517415508
-0.0308760298907477,0.0422199090321502
0.0266166609523982,-0.0204034782659716
-0.00727274631701334,0.0207153235218935
0.0290362130380398,0.0126306884819443
-0.0123383262727233,0.00476102018261923
0.00876556213377291,-0.0458392545945985
0.0176592199962013,-0.00808631517773755
-0.0675318149502142,0.0148587088291138
0.0388328651279783,0.0371049985176881
-0.00503012207839238,0.0310921372729077
0.0276773634736919,-0.0506390827314799
-0.00566466408056,-0.00556422639214083
-0.00617928776709396,0.0543376136273392
-0.0233067900178774,-0.0604742277035036
-0.0267079923141673,0.0677987371187238
0.0970256288068988,0.0237274034346178
-0.0233625127686383,-0.0255637682891569
0.0104104314899433,0.0395721712129921
-0.0249382055845169,-0.00329161489559547
0.0569843388252628,-0.0141038500149482
-0.0397081751001661,0.0389788318429559
0.0070904133051293,0.00884915783976647
0.0223119499018734,0.0504019818603139
0.0608975286197031,-0.043109734601534
-0.0189405415230807,0.0402085880169454
0.0337711586226391,-0.0296335470647966
-0.0308047892298682,-0.011700852415163
0.00849754370975027,0.0323377697490788
0.0418763311653005,-0.0225663274421673
-0.0474774907048022,-0.0874605364143762
0.0229234555049397,0.0138610920998567
0.0352544630600007,0.00958696342496997
-0.0646889009030869,0.0114759818956794
0.026994981187526,0.00737177685684292
-0.0332285347324314,-0.0381511617357669
-0.00856739153112444,0.0324112966971989
-0.0255379269086298,0.0592501537000009
0.0479937466702752,-0.122100191618597
-0.0602420629870819,0.0571381534209567
0.0345819581649488,-0.00139332035870601
-0.0143036240204288,-0.0036133564737604
0.0260411266537151,0.0236661365131759
0.0293043212712553,-0.0582179085438707
-0.0451800426261054,-0.0181696993850952
0.0110119081118429,0.0485319955352433
0.0122883821851358,0.0137430753144592
0.0496536917639642,-0.0676456093702887
-0.0605348479283268,0.000241251465265768
0.0401325076929292,0.0720338713935114
0.0100959502382856,-0.0379885612865679
-0.016100140658807,-0.0570339875067853
0.0403258398140087,0.0534280268676827
0.0152407191614883,0.0513247048469589
-0.0474508121246595,0.0144228934568158
-0.0471009077511312,0.00527657427702526
0.0760130905140716,0.0202886880594354
-0.0282561773653571,0.010695462441396
-0.0210104704371287,0.0114581635003244
0.00993730084142393,-0.00132944226667944
0.030281472214311,-0.0444097045672334
0.0280146609691107,-0.0154205640886006
-0.0306616433172792,-0.0119102222146377
-0.0724685128332791,-0.0207643011611626
0.049218322429381,-0.00460133853847949
-0.0645675172728903,0.0201073022990794
-0.0153191893588851,0.0353956134415992
0.061328537882849,-0.0164675641161068
-0.0757287698304693,-0.00155909868602636
0.0826258143407924,0.000606685233959968
-0.0718174090260808,-0.00991907134061815
0.0424664194545675,-0.00643701822956496
-0.0237530213455501,0.0181425745649177
0.0460016482845663,-0.0507518469226376
-0.0098202738806251,-0.00191019340171413
-0.0272039341779062,-0.0401126127658995
-0.0166556020280276,-0.00797154371897677
0.0435715223918785,0.043136556579895
-0.0257766465734909,0.00784300216122749
0.00723108103669246,-0.0610779247750968
0.0252595136719321,0.00758971262434843
-0.0273434420587439,0.00406079108986447
0.00546628007804662,-0.0248807499885683
0.00347948418675883,0.0258494344645259
-0.0497392844387574,-0.0118231126181644
0.0474854912536443,0.0645945319470624
-0.0287121700842393,-0.0107486115040529
0.0432388784189605,0.0382941517291216
-0.0170216927399673,-0.015960917746453
-0.0403625711762824,-0.0309861985534026
0.0670139427469677,0.0601972233996493
0.0221835988672847,-0.0312870879780549
-0.0930643888176486,0.0252202444989291
0.0705839054537272,0.00298784261408558
-0.0400688027288611,-0.0953124915586833
0.0527064932595213,0.0444877941124182
-0.0200511388931633,0.0230927330248215
0.0312177678411955,-0.0156051707438423
0.00447249156971795,-0.0262343543094327
0.0339723664390156,0.0414332738439037
-0.00861587252168658,0.0147801657385374
0.0626358865668867,0.0354813071493099
-0.031379845076704,-0.0625074918544104
-0.0381647468474828,0.0446499283791417
